# -*- coding: utf-8 -*-

# Resource object code
#
# Created by: The Resource Compiler for PyQt5 (Qt v5.15.15)
#
# WARNING! All changes made in this file will be lost!

from PyQt5 import QtCore

qt_resource_data = b"\
\x00\x00\x07\x09\
\x3c\
\x3f\x78\x6d\x6c\x20\x76\x65\x72\x73\x69\x6f\x6e\x3d\x22\x31\x2e\
\x30\x22\x20\x65\x6e\x63\x6f\x64\x69\x6e\x67\x3d\x22\x75\x74\x66\
\x2d\x38\x22\x3f\x3e\x0a\x3c\x21\x2d\x2d\x20\x4c\x69\x63\x65\x6e\
\x73\x65\x3a\x20\x4d\x49\x54\x2e\x20\x4d\x61\x64\x65\x20\x62\x79\
\x20\x75\x69\x77\x6a\x73\x3a\x20\x68\x74\x74\x70\x73\x3a\x2f\x2f\
\x67\x69\x74\x68\x75\x62\x2e\x63\x6f\x6d\x2f\x75\x69\x77\x6a\x73\
\x2f\x69\x63\x6f\x6e\x73\x20\x2d\x2d\x3e\x0a\x3c\x73\x76\x67\x20\
\x77\x69\x64\x74\x68\x3d\x22\x38\x30\x30\x70\x78\x22\x20\x68\x65\
\x69\x67\x68\x74\x3d\x22\x38\x30\x30\x70\x78\x22\x20\x76\x69\x65\
\x77\x42\x6f\x78\x3d\x22\x30\x20\x30\x20\x32\x30\x20\x32\x30\x22\
\x20\x78\x6d\x6c\x6e\x73\x3d\x22\x68\x74\x74\x70\x3a\x2f\x2f\x77\
\x77\x77\x2e\x77\x33\x2e\x6f\x72\x67\x2f\x32\x30\x30\x30\x2f\x73\
\x76\x67\x22\x3e\x0a\x20\x20\x3c\x70\x61\x74\x68\x20\x66\x69\x6c\
\x6c\x3d\x22\x23\x35\x35\x35\x22\x20\x66\x69\x6c\x6c\x2d\x72\x75\
\x6c\x65\x3d\x22\x65\x76\x65\x6e\x6f\x64\x64\x22\x20\x64\x3d\x22\
\x4d\x31\x31\x2c\x31\x36\x20\x43\x31\x32\x2e\x31\x30\x34\x35\x36\
\x39\x35\x2c\x31\x36\x20\x31\x33\x2c\x31\x36\x2e\x38\x39\x35\x34\
\x33\x30\x35\x20\x31\x33\x2c\x31\x38\x20\x43\x31\x33\x2c\x31\x39\
\x2e\x31\x30\x34\x35\x36\x39\x35\x20\x31\x32\x2e\x31\x30\x34\x35\
\x36\x39\x35\x2c\x32\x30\x20\x31\x31\x2c\x32\x30\x20\x43\x39\x2e\
\x38\x39\x35\x34\x33\x30\x35\x2c\x32\x30\x20\x39\x2c\x31\x39\x2e\
\x31\x30\x34\x35\x36\x39\x35\x20\x39\x2c\x31\x38\x20\x43\x39\x2c\
\x31\x36\x2e\x38\x39\x35\x34\x33\x30\x35\x20\x39\x2e\x38\x39\x35\
\x34\x33\x30\x35\x2c\x31\x36\x20\x31\x31\x2c\x31\x36\x20\x5a\x20\
\x4d\x34\x2e\x37\x34\x31\x32\x33\x39\x34\x35\x2c\x31\x33\x20\x43\
\x36\x2e\x31\x32\x31\x39\x35\x31\x33\x33\x2c\x31\x33\x20\x37\x2e\
\x32\x34\x31\x32\x33\x39\x34\x35\x2c\x31\x34\x2e\x31\x31\x39\x32\
\x38\x38\x31\x20\x37\x2e\x32\x34\x31\x32\x33\x39\x34\x35\x2c\x31\
\x35\x2e\x35\x20\x43\x37\x2e\x32\x34\x31\x32\x33\x39\x34\x35\x2c\
\x31\x36\x2e\x38\x38\x30\x37\x31\x31\x39\x20\x36\x2e\x31\x32\x31\
\x39\x35\x31\x33\x33\x2c\x31\x38\x20\x34\x2e\x37\x34\x31\x32\x33\
\x39\x34\x35\x2c\x31\x38\x20\x43\x33\x2e\x33\x36\x30\x35\x32\x37\
\x35\x38\x2c\x31\x38\x20\x32\x2e\x32\x34\x31\x32\x33\x39\x34\x35\
\x2c\x31\x36\x2e\x38\x38\x30\x37\x31\x31\x39\x20\x32\x2e\x32\x34\
\x31\x32\x33\x39\x34\x35\x2c\x31\x35\x2e\x35\x20\x43\x32\x2e\x32\
\x34\x31\x32\x33\x39\x34\x35\x2c\x31\x34\x2e\x31\x31\x39\x32\x38\
\x38\x31\x20\x33\x2e\x33\x36\x30\x35\x32\x37\x35\x38\x2c\x31\x33\
\x20\x34\x2e\x37\x34\x31\x32\x33\x39\x34\x35\x2c\x31\x33\x20\x5a\
\x20\x4d\x31\x36\x2e\x33\x31\x39\x33\x32\x38\x36\x2c\x31\x33\x2e\
\x35\x20\x43\x31\x37\x2e\x34\x32\x33\x38\x39\x38\x31\x2c\x31\x33\
\x2e\x35\x20\x31\x38\x2e\x33\x31\x39\x33\x32\x38\x36\x2c\x31\x34\
\x2e\x33\x39\x35\x34\x33\x30\x35\x20\x31\x38\x2e\x33\x31\x39\x33\
\x32\x38\x36\x2c\x31\x35\x2e\x35\x20\x43\x31\x38\x2e\x33\x31\x39\
\x33\x32\x38\x36\x2c\x31\x36\x2e\x36\x30\x34\x35\x36\x39\x35\x20\
\x31\x37\x2e\x34\x32\x33\x38\x39\x38\x31\x2c\x31\x37\x2e\x35\x20\
\x31\x36\x2e\x33\x31\x39\x33\x32\x38\x36\x2c\x31\x37\x2e\x35\x20\
\x43\x31\x35\x2e\x32\x31\x34\x37\x35\x39\x31\x2c\x31\x37\x2e\x35\
\x20\x31\x34\x2e\x33\x31\x39\x33\x32\x38\x36\x2c\x31\x36\x2e\x36\
\x30\x34\x35\x36\x39\x35\x20\x31\x34\x2e\x33\x31\x39\x33\x32\x38\
\x36\x2c\x31\x35\x2e\x35\x20\x43\x31\x34\x2e\x33\x31\x39\x33\x32\
\x38\x36\x2c\x31\x34\x2e\x33\x39\x35\x34\x33\x30\x35\x20\x31\x35\
\x2e\x32\x31\x34\x37\x35\x39\x31\x2c\x31\x33\x2e\x35\x20\x31\x36\
\x2e\x33\x31\x39\x33\x32\x38\x36\x2c\x31\x33\x2e\x35\x20\x5a\x20\
\x4d\x31\x38\x2e\x35\x2c\x39\x2e\x33\x31\x38\x35\x34\x30\x39\x39\
\x20\x43\x31\x39\x2e\x33\x32\x38\x34\x32\x37\x31\x2c\x39\x2e\x33\
\x31\x38\x35\x34\x30\x39\x39\x20\x32\x30\x2c\x39\x2e\x39\x39\x30\
\x31\x31\x33\x38\x37\x20\x32\x30\x2c\x31\x30\x2e\x38\x31\x38\x35\
\x34\x31\x20\x43\x32\x30\x2c\x31\x31\x2e\x36\x34\x36\x39\x36\x38\
\x31\x20\x31\x39\x2e\x33\x32\x38\x34\x32\x37\x31\x2c\x31\x32\x2e\
\x33\x31\x38\x35\x34\x31\x20\x31\x38\x2e\x35\x2c\x31\x32\x2e\x33\
\x31\x38\x35\x34\x31\x20\x43\x31\x37\x2e\x36\x37\x31\x35\x37\x32\
\x39\x2c\x31\x32\x2e\x33\x31\x38\x35\x34\x31\x20\x31\x37\x2c\x31\
\x31\x2e\x36\x34\x36\x39\x36\x38\x31\x20\x31\x37\x2c\x31\x30\x2e\
\x38\x31\x38\x35\x34\x31\x20\x43\x31\x37\x2c\x39\x2e\x39\x39\x30\
\x31\x31\x33\x38\x37\x20\x31\x37\x2e\x36\x37\x31\x35\x37\x32\x39\
\x2c\x39\x2e\x33\x31\x38\x35\x34\x30\x39\x39\x20\x31\x38\x2e\x35\
\x2c\x39\x2e\x33\x31\x38\x35\x34\x30\x39\x39\x20\x5a\x20\x4d\x32\
\x2e\x35\x2c\x36\x20\x43\x33\x2e\x38\x38\x30\x37\x31\x31\x38\x37\
\x2c\x36\x20\x35\x2c\x37\x2e\x31\x31\x39\x32\x38\x38\x31\x33\x20\
\x35\x2c\x38\x2e\x35\x20\x43\x35\x2c\x39\x2e\x38\x38\x30\x37\x31\
\x31\x38\x37\x20\x33\x2e\x38\x38\x30\x37\x31\x31\x38\x37\x2c\x31\
\x31\x20\x32\x2e\x35\x2c\x31\x31\x20\x43\x31\x2e\x31\x31\x39\x32\
\x38\x38\x31\x33\x2c\x31\x31\x20\x30\x2c\x39\x2e\x38\x38\x30\x37\
\x31\x31\x38\x37\x20\x30\x2c\x38\x2e\x35\x20\x43\x30\x2c\x37\x2e\
\x31\x31\x39\x32\x38\x38\x31\x33\x20\x31\x2e\x31\x31\x39\x32\x38\
\x38\x31\x33\x2c\x36\x20\x32\x2e\x35\x2c\x36\x20\x5a\x20\x4d\x31\
\x37\x2e\x37\x38\x35\x37\x38\x39\x34\x2c\x35\x2e\x32\x30\x37\x32\
\x34\x37\x33\x34\x20\x43\x31\x38\x2e\x33\x33\x38\x30\x37\x34\x31\
\x2c\x35\x2e\x32\x30\x37\x32\x34\x37\x33\x34\x20\x31\x38\x2e\x37\
\x38\x35\x37\x38\x39\x34\x2c\x35\x2e\x36\x35\x34\x39\x36\x32\x35\
\x39\x20\x31\x38\x2e\x37\x38\x35\x37\x38\x39\x34\x2c\x36\x2e\x32\
\x30\x37\x32\x34\x37\x33\x34\x20\x43\x31\x38\x2e\x37\x38\x35\x37\
\x38\x39\x34\x2c\x36\x2e\x37\x35\x39\x35\x33\x32\x30\x39\x20\x31\
\x38\x2e\x33\x33\x38\x30\x37\x34\x31\x2c\x37\x2e\x32\x30\x37\x32\
\x34\x37\x33\x34\x20\x31\x37\x2e\x37\x38\x35\x37\x38\x39\x34\x2c\
\x37\x2e\x32\x30\x37\x32\x34\x37\x33\x34\x20\x43\x31\x37\x2e\x32\
\x33\x33\x35\x30\x34\x36\x2c\x37\x2e\x32\x30\x37\x32\x34\x37\x33\
\x34\x20\x31\x36\x2e\x37\x38\x35\x37\x38\x39\x34\x2c\x36\x2e\x37\
\x35\x39\x35\x33\x32\x30\x39\x20\x31\x36\x2e\x37\x38\x35\x37\x38\
\x39\x34\x2c\x36\x2e\x32\x30\x37\x32\x34\x37\x33\x34\x20\x43\x31\
\x36\x2e\x37\x38\x35\x37\x38\x39\x34\x2c\x35\x2e\x36\x35\x34\x39\
\x36\x32\x35\x39\x20\x31\x37\x2e\x32\x33\x33\x35\x30\x34\x36\x2c\
\x35\x2e\x32\x30\x37\x32\x34\x37\x33\x34\x20\x31\x37\x2e\x37\x38\
\x35\x37\x38\x39\x34\x2c\x35\x2e\x32\x30\x37\x32\x34\x37\x33\x34\
\x20\x5a\x20\x4d\x38\x2c\x30\x20\x43\x39\x2e\x36\x35\x36\x38\x35\
\x34\x32\x35\x2c\x30\x20\x31\x31\x2c\x31\x2e\x33\x34\x33\x31\x34\
\x35\x37\x35\x20\x31\x31\x2c\x33\x20\x43\x31\x31\x2c\x34\x2e\x36\
\x35\x36\x38\x35\x34\x32\x35\x20\x39\x2e\x36\x35\x36\x38\x35\x34\
\x32\x35\x2c\x36\x20\x38\x2c\x36\x20\x43\x36\x2e\x33\x34\x33\x31\
\x34\x35\x37\x35\x2c\x36\x20\x35\x2c\x34\x2e\x36\x35\x36\x38\x35\
\x34\x32\x35\x20\x35\x2c\x33\x20\x43\x35\x2c\x31\x2e\x33\x34\x33\
\x31\x34\x35\x37\x35\x20\x36\x2e\x33\x34\x33\x31\x34\x35\x37\x35\
\x2c\x30\x20\x38\x2c\x30\x20\x5a\x20\x4d\x31\x35\x2e\x35\x2c\x33\
\x20\x43\x31\x35\x2e\x37\x37\x36\x31\x34\x32\x34\x2c\x33\x20\x31\
\x36\x2c\x33\x2e\x32\x32\x33\x38\x35\x37\x36\x33\x20\x31\x36\x2c\
\x33\x2e\x35\x20\x43\x31\x36\x2c\x33\x2e\x37\x37\x36\x31\x34\x32\
\x33\x37\x20\x31\x35\x2e\x37\x37\x36\x31\x34\x32\x34\x2c\x34\x20\
\x31\x35\x2e\x35\x2c\x34\x20\x43\x31\x35\x2e\x32\x32\x33\x38\x35\
\x37\x36\x2c\x34\x20\x31\x35\x2c\x33\x2e\x37\x37\x36\x31\x34\x32\
\x33\x37\x20\x31\x35\x2c\x33\x2e\x35\x20\x43\x31\x35\x2c\x33\x2e\
\x32\x32\x33\x38\x35\x37\x36\x33\x20\x31\x35\x2e\x32\x32\x33\x38\
\x35\x37\x36\x2c\x33\x20\x31\x35\x2e\x35\x2c\x33\x20\x5a\x22\x2f\
\x3e\x0a\x3c\x2f\x73\x76\x67\x3e\
\x00\x00\x05\xfd\
\x3c\
\x3f\x78\x6d\x6c\x20\x76\x65\x72\x73\x69\x6f\x6e\x3d\x22\x31\x2e\
\x30\x22\x20\x65\x6e\x63\x6f\x64\x69\x6e\x67\x3d\x22\x69\x73\x6f\
\x2d\x38\x38\x35\x39\x2d\x31\x22\x3f\x3e\x0a\x3c\x21\x2d\x2d\x20\
\x47\x65\x6e\x65\x72\x61\x74\x6f\x72\x3a\x20\x41\x64\x6f\x62\x65\
\x20\x49\x6c\x6c\x75\x73\x74\x72\x61\x74\x6f\x72\x20\x31\x39\x2e\
\x30\x2e\x30\x2c\x20\x53\x56\x47\x20\x45\x78\x70\x6f\x72\x74\x20\
\x50\x6c\x75\x67\x2d\x49\x6e\x20\x2e\x20\x53\x56\x47\x20\x56\x65\
\x72\x73\x69\x6f\x6e\x3a\x20\x36\x2e\x30\x30\x20\x42\x75\x69\x6c\
\x64\x20\x30\x29\x20\x20\x2d\x2d\x3e\x0a\x3c\x21\x2d\x2d\x20\x4c\
\x69\x63\x65\x6e\x73\x65\x3a\x20\x43\x43\x30\x2e\x20\x4d\x61\x64\
\x65\x20\x62\x79\x20\x53\x56\x47\x20\x52\x65\x70\x6f\x3a\x20\x68\
\x74\x74\x70\x73\x3a\x2f\x2f\x77\x77\x77\x2e\x73\x76\x67\x72\x65\
\x70\x6f\x2e\x63\x6f\x6d\x2f\x73\x76\x67\x2f\x31\x39\x35\x34\x31\
\x34\x2f\x63\x69\x74\x79\x73\x63\x61\x70\x65\x2d\x74\x6f\x77\x6e\
\x20\x2d\x2d\x3e\x0a\x3c\x73\x76\x67\x20\x76\x65\x72\x73\x69\x6f\
\x6e\x3d\x22\x31\x2e\x31\x22\x20\x69\x64\x3d\x22\x4c\x61\x79\x65\
\x72\x5f\x31\x22\x20\x78\x6d\x6c\x6e\x73\x3d\x22\x68\x74\x74\x70\
\x3a\x2f\x2f\x77\x77\x77\x2e\x77\x33\x2e\x6f\x72\x67\x2f\x32\x30\
\x30\x30\x2f\x73\x76\x67\x22\x20\x78\x6d\x6c\x6e\x73\x3a\x78\x6c\
\x69\x6e\x6b\x3d\x22\x68\x74\x74\x70\x3a\x2f\x2f\x77\x77\x77\x2e\
\x77\x33\x2e\x6f\x72\x67\x2f\x31\x39\x39\x39\x2f\x78\x6c\x69\x6e\
\x6b\x22\x20\x78\x3d\x22\x30\x70\x78\x22\x20\x79\x3d\x22\x30\x70\
\x78\x22\x0a\x09\x20\x76\x69\x65\x77\x42\x6f\x78\x3d\x22\x30\x20\
\x30\x20\x35\x31\x32\x20\x35\x31\x32\x22\x20\x73\x74\x79\x6c\x65\
\x3d\x22\x65\x6e\x61\x62\x6c\x65\x2d\x62\x61\x63\x6b\x67\x72\x6f\
\x75\x6e\x64\x3a\x6e\x65\x77\x20\x30\x20\x30\x20\x35\x31\x32\x20\
\x35\x31\x32\x3b\x22\x20\x78\x6d\x6c\x3a\x73\x70\x61\x63\x65\x3d\
\x22\x70\x72\x65\x73\x65\x72\x76\x65\x22\x3e\x0a\x3c\x67\x3e\x0a\
\x09\x3c\x67\x3e\x0a\x09\x09\x3c\x70\x61\x74\x68\x20\x64\x3d\x22\
\x4d\x34\x39\x39\x2e\x32\x2c\x34\x38\x36\x2e\x34\x68\x2d\x31\x32\
\x2e\x38\x56\x33\x30\x37\x2e\x32\x68\x2d\x32\x36\x2e\x38\x39\x37\
\x63\x2d\x35\x2e\x39\x34\x38\x2d\x32\x39\x2e\x31\x37\x35\x2d\x33\
\x31\x2e\x38\x30\x34\x2d\x35\x31\x2e\x32\x2d\x36\x32\x2e\x37\x30\
\x33\x2d\x35\x31\x2e\x32\x63\x2d\x33\x30\x2e\x38\x39\x39\x2c\x30\
\x2d\x35\x36\x2e\x37\x35\x35\x2c\x32\x32\x2e\x30\x32\x35\x2d\x36\
\x32\x2e\x37\x30\x33\x2c\x35\x31\x2e\x32\x48\x33\x30\x37\x2e\x32\
\x0a\x09\x09\x09\x76\x31\x37\x39\x2e\x32\x68\x2d\x32\x35\x2e\x36\
\x56\x31\x32\x38\x48\x31\x32\x38\x76\x31\x30\x32\x2e\x34\x68\x32\
\x35\x2e\x36\x76\x2d\x37\x36\x2e\x38\x48\x32\x35\x36\x76\x33\x33\
\x32\x2e\x38\x68\x2d\x32\x35\x2e\x36\x56\x32\x35\x36\x48\x37\x36\
\x2e\x38\x76\x31\x30\x32\x2e\x34\x68\x32\x35\x2e\x36\x76\x2d\x37\
\x36\x2e\x38\x68\x31\x30\x32\x2e\x34\x76\x32\x30\x34\x2e\x38\x68\
\x2d\x32\x35\x2e\x36\x56\x33\x38\x34\x48\x32\x35\x2e\x36\x76\x31\
\x30\x32\x2e\x34\x48\x31\x32\x2e\x38\x0a\x09\x09\x09\x63\x2d\x37\
\x2e\x30\x37\x34\x2c\x30\x2d\x31\x32\x2e\x38\x2c\x35\x2e\x37\x32\
\x36\x2d\x31\x32\x2e\x38\x2c\x31\x32\x2e\x38\x63\x30\x2c\x37\x2e\
\x30\x37\x34\x2c\x35\x2e\x37\x32\x36\x2c\x31\x32\x2e\x38\x2c\x31\
\x32\x2e\x38\x2c\x31\x32\x2e\x38\x68\x34\x38\x36\x2e\x34\x63\x37\
\x2e\x30\x37\x34\x2c\x30\x2c\x31\x32\x2e\x38\x2d\x35\x2e\x37\x32\
\x36\x2c\x31\x32\x2e\x38\x2d\x31\x32\x2e\x38\x0a\x09\x09\x09\x43\
\x35\x31\x32\x2c\x34\x39\x32\x2e\x31\x32\x36\x2c\x35\x30\x36\x2e\
\x32\x37\x34\x2c\x34\x38\x36\x2e\x34\x2c\x34\x39\x39\x2e\x32\x2c\
\x34\x38\x36\x2e\x34\x7a\x20\x4d\x31\x35\x33\x2e\x36\x2c\x34\x38\
\x36\x2e\x34\x48\x35\x31\x2e\x32\x76\x2d\x32\x35\x2e\x36\x68\x31\
\x30\x32\x2e\x34\x56\x34\x38\x36\x2e\x34\x7a\x20\x4d\x31\x35\x33\
\x2e\x36\x2c\x34\x33\x35\x2e\x32\x48\x35\x31\x2e\x32\x76\x2d\x32\
\x35\x2e\x36\x68\x31\x30\x32\x2e\x34\x56\x34\x33\x35\x2e\x32\x7a\
\x0a\x09\x09\x09\x20\x4d\x33\x39\x36\x2e\x38\x2c\x32\x38\x31\x2e\
\x36\x63\x31\x36\x2e\x36\x36\x36\x2c\x30\x2c\x33\x30\x2e\x37\x33\
\x37\x2c\x31\x30\x2e\x37\x33\x35\x2c\x33\x36\x2e\x30\x34\x35\x2c\
\x32\x35\x2e\x36\x68\x2d\x37\x32\x2e\x30\x38\x31\x43\x33\x36\x36\
\x2e\x30\x36\x33\x2c\x32\x39\x32\x2e\x33\x33\x35\x2c\x33\x38\x30\
\x2e\x31\x33\x34\x2c\x32\x38\x31\x2e\x36\x2c\x33\x39\x36\x2e\x38\
\x2c\x32\x38\x31\x2e\x36\x7a\x20\x4d\x34\x36\x30\x2e\x38\x2c\x34\
\x38\x36\x2e\x34\x68\x2d\x32\x35\x2e\x36\x76\x2d\x31\x32\x38\x0a\
\x09\x09\x09\x68\x2d\x32\x35\x2e\x36\x76\x31\x32\x38\x48\x33\x38\
\x34\x76\x2d\x31\x32\x38\x68\x2d\x32\x35\x2e\x36\x76\x31\x32\x38\
\x68\x2d\x32\x35\x2e\x36\x56\x33\x33\x32\x2e\x38\x68\x31\x32\x38\
\x56\x34\x38\x36\x2e\x34\x7a\x22\x2f\x3e\x0a\x09\x3c\x2f\x67\x3e\
\x0a\x3c\x2f\x67\x3e\x0a\x3c\x67\x3e\x0a\x09\x3c\x67\x3e\x0a\x09\
\x09\x3c\x70\x6f\x6c\x79\x67\x6f\x6e\x20\x70\x6f\x69\x6e\x74\x73\
\x3d\x22\x32\x38\x31\x2e\x36\x2c\x35\x31\x2e\x32\x20\x32\x38\x31\
\x2e\x36\x2c\x30\x20\x32\x35\x36\x2c\x30\x20\x32\x35\x36\x2c\x35\
\x31\x2e\x32\x20\x32\x30\x34\x2e\x38\x2c\x35\x31\x2e\x32\x20\x32\
\x30\x34\x2e\x38\x2c\x31\x30\x32\x2e\x34\x20\x32\x33\x30\x2e\x34\
\x2c\x31\x30\x32\x2e\x34\x20\x32\x33\x30\x2e\x34\x2c\x37\x36\x2e\
\x38\x20\x33\x30\x37\x2e\x32\x2c\x37\x36\x2e\x38\x20\x33\x30\x37\
\x2e\x32\x2c\x31\x35\x33\x2e\x36\x20\x0a\x09\x09\x09\x33\x33\x32\
\x2e\x38\x2c\x31\x35\x33\x2e\x36\x20\x33\x33\x32\x2e\x38\x2c\x35\
\x31\x2e\x32\x20\x09\x09\x22\x2f\x3e\x0a\x09\x3c\x2f\x67\x3e\x0a\
\x3c\x2f\x67\x3e\x0a\x3c\x67\x3e\x0a\x09\x3c\x67\x3e\x0a\x09\x09\
\x3c\x70\x61\x74\x68\x20\x64\x3d\x22\x4d\x33\x30\x37\x2e\x32\x2c\
\x31\x37\x39\x2e\x32\x76\x31\x30\x32\x2e\x34\x68\x39\x2e\x30\x32\
\x63\x34\x2e\x32\x35\x2d\x38\x2e\x38\x38\x33\x2c\x39\x2e\x38\x33\
\x2d\x31\x36\x2e\x38\x37\x39\x2c\x31\x36\x2e\x35\x38\x2d\x32\x33\
\x2e\x38\x30\x38\x56\x32\x30\x34\x2e\x38\x68\x37\x36\x2e\x38\x76\
\x32\x36\x2e\x37\x32\x36\x63\x39\x2e\x30\x32\x38\x2c\x31\x2e\x33\
\x31\x34\x2c\x31\x37\x2e\x35\x37\x39\x2c\x34\x2e\x30\x37\x39\x2c\
\x32\x35\x2e\x36\x2c\x37\x2e\x39\x31\x39\x0a\x09\x09\x09\x56\x31\
\x37\x39\x2e\x32\x48\x33\x30\x37\x2e\x32\x7a\x22\x2f\x3e\x0a\x09\
\x3c\x2f\x67\x3e\x0a\x3c\x2f\x67\x3e\x0a\x3c\x67\x3e\x0a\x09\x3c\
\x67\x3e\x0a\x09\x09\x3c\x72\x65\x63\x74\x20\x78\x3d\x22\x31\x32\
\x38\x22\x20\x79\x3d\x22\x33\x30\x37\x2e\x32\x22\x20\x77\x69\x64\
\x74\x68\x3d\x22\x35\x31\x2e\x32\x22\x20\x68\x65\x69\x67\x68\x74\
\x3d\x22\x32\x35\x2e\x36\x22\x2f\x3e\x0a\x09\x3c\x2f\x67\x3e\x0a\
\x3c\x2f\x67\x3e\x0a\x3c\x2f\x73\x76\x67\x3e\x0a\
\x00\x00\x08\xec\
\x3c\
\x3f\x78\x6d\x6c\x20\x76\x65\x72\x73\x69\x6f\x6e\x3d\x22\x31\x2e\
\x30\x22\x20\x65\x6e\x63\x6f\x64\x69\x6e\x67\x3d\x22\x75\x74\x66\
\x2d\x38\x22\x3f\x3e\x0a\x3c\x21\x2d\x2d\x20\x4c\x69\x63\x65\x6e\
\x73\x65\x3a\x20\x4d\x49\x54\x2e\x20\x4d\x61\x64\x65\x20\x62\x79\
\x20\x72\x61\x64\x69\x78\x2d\x75\x69\x3a\x20\x68\x74\x74\x70\x73\
\x3a\x2f\x2f\x67\x69\x74\x68\x75\x62\x2e\x63\x6f\x6d\x2f\x72\x61\
\x64\x69\x78\x2d\x75\x69\x2f\x69\x63\x6f\x6e\x73\x20\x2d\x2d\x3e\
\x0a\x3c\x73\x76\x67\x20\x77\x69\x64\x74\x68\x3d\x22\x38\x30\x30\
\x70\x78\x22\x20\x68\x65\x69\x67\x68\x74\x3d\x22\x38\x30\x30\x70\
\x78\x22\x20\x76\x69\x65\x77\x42\x6f\x78\x3d\x22\x30\x20\x30\x20\
\x31\x35\x20\x31\x35\x22\x20\x66\x69\x6c\x6c\x3d\x22\x6e\x6f\x6e\
\x65\x22\x20\x78\x6d\x6c\x6e\x73\x3d\x22\x68\x74\x74\x70\x3a\x2f\
\x2f\x77\x77\x77\x2e\x77\x33\x2e\x6f\x72\x67\x2f\x32\x30\x30\x30\
\x2f\x73\x76\x67\x22\x3e\x0a\x20\x20\x3c\x70\x61\x74\x68\x0a\x20\
\x20\x20\x20\x66\x69\x6c\x6c\x2d\x72\x75\x6c\x65\x3d\x22\x65\x76\
\x65\x6e\x6f\x64\x64\x22\x0a\x20\x20\x20\x20\x63\x6c\x69\x70\x2d\
\x72\x75\x6c\x65\x3d\x22\x65\x76\x65\x6e\x6f\x64\x64\x22\x0a\x20\
\x20\x20\x20\x64\x3d\x22\x4d\x37\x2e\x34\x39\x39\x39\x36\x20\x31\
\x2e\x38\x30\x30\x30\x32\x43\x34\x2e\x33\x35\x31\x39\x34\x20\x31\
\x2e\x38\x30\x30\x30\x32\x20\x31\x2e\x37\x39\x39\x39\x36\x20\x34\
\x2e\x33\x35\x32\x20\x31\x2e\x37\x39\x39\x39\x36\x20\x37\x2e\x35\
\x30\x30\x30\x32\x43\x31\x2e\x37\x39\x39\x39\x36\x20\x31\x30\x2e\
\x36\x34\x38\x20\x34\x2e\x33\x35\x31\x39\x34\x20\x31\x33\x2e\x32\
\x20\x37\x2e\x34\x39\x39\x39\x36\x20\x31\x33\x2e\x32\x43\x31\x30\
\x2e\x36\x34\x38\x20\x31\x33\x2e\x32\x20\x31\x33\x2e\x32\x20\x31\
\x30\x2e\x36\x34\x38\x20\x31\x33\x2e\x32\x20\x37\x2e\x35\x30\x30\
\x30\x32\x43\x31\x33\x2e\x32\x20\x34\x2e\x33\x35\x32\x20\x31\x30\
\x2e\x36\x34\x38\x20\x31\x2e\x38\x30\x30\x30\x32\x20\x37\x2e\x34\
\x39\x39\x39\x36\x20\x31\x2e\x38\x30\x30\x30\x32\x5a\x4d\x30\x2e\
\x38\x39\x39\x39\x36\x33\x20\x37\x2e\x35\x30\x30\x30\x32\x43\x30\
\x2e\x38\x39\x39\x39\x36\x33\x20\x33\x2e\x38\x35\x34\x39\x34\x20\
\x33\x2e\x38\x35\x34\x38\x38\x20\x30\x2e\x39\x30\x30\x30\x32\x34\
\x20\x37\x2e\x34\x39\x39\x39\x36\x20\x30\x2e\x39\x30\x30\x30\x32\
\x34\x43\x31\x31\x2e\x31\x34\x35\x20\x30\x2e\x39\x30\x30\x30\x32\
\x34\x20\x31\x34\x2e\x31\x20\x33\x2e\x38\x35\x34\x39\x34\x20\x31\
\x34\x2e\x31\x20\x37\x2e\x35\x30\x30\x30\x32\x43\x31\x34\x2e\x31\
\x20\x31\x31\x2e\x31\x34\x35\x31\x20\x31\x31\x2e\x31\x34\x35\x20\
\x31\x34\x2e\x31\x20\x37\x2e\x34\x39\x39\x39\x36\x20\x31\x34\x2e\
\x31\x43\x33\x2e\x38\x35\x34\x38\x38\x20\x31\x34\x2e\x31\x20\x30\
\x2e\x38\x39\x39\x39\x36\x33\x20\x31\x31\x2e\x31\x34\x35\x31\x20\
\x30\x2e\x38\x39\x39\x39\x36\x33\x20\x37\x2e\x35\x30\x30\x30\x32\
\x5a\x22\x0a\x20\x20\x20\x20\x66\x69\x6c\x6c\x3d\x22\x23\x30\x30\
\x30\x30\x30\x30\x22\x0a\x20\x20\x2f\x3e\x0a\x20\x20\x3c\x70\x61\
\x74\x68\x0a\x20\x20\x20\x20\x66\x69\x6c\x6c\x2d\x72\x75\x6c\x65\
\x3d\x22\x65\x76\x65\x6e\x6f\x64\x64\x22\x0a\x20\x20\x20\x20\x63\
\x6c\x69\x70\x2d\x72\x75\x6c\x65\x3d\x22\x65\x76\x65\x6e\x6f\x64\
\x64\x22\x0a\x20\x20\x20\x20\x64\x3d\x22\x4d\x31\x33\x2e\x34\x39\
\x39\x39\x20\x37\x2e\x38\x39\x39\x39\x38\x48\x31\x2e\x34\x39\x39\
\x39\x34\x56\x37\x2e\x30\x39\x39\x39\x38\x48\x31\x33\x2e\x34\x39\
\x39\x39\x56\x37\x2e\x38\x39\x39\x39\x38\x5a\x22\x0a\x20\x20\x20\
\x20\x66\x69\x6c\x6c\x3d\x22\x23\x30\x30\x30\x30\x30\x30\x22\x0a\
\x20\x20\x2f\x3e\x0a\x20\x20\x3c\x70\x61\x74\x68\x0a\x20\x20\x20\
\x20\x66\x69\x6c\x6c\x2d\x72\x75\x6c\x65\x3d\x22\x65\x76\x65\x6e\
\x6f\x64\x64\x22\x0a\x20\x20\x20\x20\x63\x6c\x69\x70\x2d\x72\x75\
\x6c\x65\x3d\x22\x65\x76\x65\x6e\x6f\x64\x64\x22\x0a\x20\x20\x20\
\x20\x64\x3d\x22\x4d\x37\x2e\x30\x39\x39\x39\x31\x20\x31\x33\x2e\
\x35\x56\x31\x2e\x35\x48\x37\x2e\x38\x39\x39\x39\x31\x56\x31\x33\
\x2e\x35\x48\x37\x2e\x30\x39\x39\x39\x31\x7a\x4d\x31\x30\x2e\x33\
\x37\x35\x20\x37\x2e\x34\x39\x39\x39\x38\x43\x31\x30\x2e\x33\x37\
\x35\x20\x35\x2e\x33\x32\x37\x32\x34\x20\x39\x2e\x35\x39\x33\x36\
\x34\x20\x33\x2e\x31\x37\x37\x37\x38\x20\x38\x2e\x30\x36\x31\x38\
\x33\x20\x31\x2e\x37\x35\x36\x35\x36\x4c\x38\x2e\x35\x33\x37\x39\
\x33\x20\x31\x2e\x32\x34\x33\x34\x31\x43\x31\x30\x2e\x32\x33\x39\
\x36\x20\x32\x2e\x38\x32\x32\x31\x38\x20\x31\x31\x2e\x30\x37\x35\
\x20\x35\x2e\x31\x37\x32\x37\x33\x20\x31\x31\x2e\x30\x37\x35\x20\
\x37\x2e\x34\x39\x39\x39\x38\x20\x31\x31\x2e\x30\x37\x35\x20\x39\
\x2e\x38\x32\x37\x32\x34\x20\x31\x30\x2e\x32\x33\x39\x36\x20\x31\
\x32\x2e\x31\x37\x37\x38\x20\x38\x2e\x35\x33\x37\x39\x33\x20\x31\
\x33\x2e\x37\x35\x36\x36\x4c\x38\x2e\x30\x36\x31\x38\x33\x20\x31\
\x33\x2e\x32\x34\x33\x34\x43\x39\x2e\x35\x39\x33\x36\x34\x20\x31\
\x31\x2e\x38\x32\x32\x32\x20\x31\x30\x2e\x33\x37\x35\x20\x39\x2e\
\x36\x37\x32\x37\x33\x20\x31\x30\x2e\x33\x37\x35\x20\x37\x2e\x34\
\x39\x39\x39\x38\x7a\x4d\x33\x2e\x39\x39\x39\x36\x39\x20\x37\x2e\
\x35\x43\x33\x2e\x39\x39\x39\x36\x39\x20\x35\x2e\x31\x37\x36\x31\
\x31\x20\x34\x2e\x38\x30\x37\x38\x36\x20\x32\x2e\x38\x32\x36\x37\
\x38\x20\x36\x2e\x34\x35\x37\x36\x38\x20\x31\x2e\x32\x34\x37\x31\
\x39\x4c\x36\x2e\x39\x34\x31\x37\x37\x20\x31\x2e\x37\x35\x32\x38\
\x31\x43\x35\x2e\x34\x35\x38\x32\x20\x33\x2e\x31\x37\x33\x32\x33\
\x20\x34\x2e\x36\x39\x39\x36\x39\x20\x35\x2e\x33\x32\x33\x38\x39\
\x20\x34\x2e\x36\x39\x39\x36\x39\x20\x37\x2e\x35\x20\x34\x2e\x36\
\x39\x39\x37\x20\x39\x2e\x36\x37\x36\x31\x31\x20\x35\x2e\x34\x35\
\x38\x32\x32\x20\x31\x31\x2e\x38\x32\x36\x38\x20\x36\x2e\x39\x34\
\x31\x37\x39\x20\x31\x33\x2e\x32\x34\x37\x32\x4c\x36\x2e\x34\x35\
\x37\x36\x39\x20\x31\x33\x2e\x37\x35\x32\x38\x43\x34\x2e\x38\x30\
\x37\x38\x38\x20\x31\x32\x2e\x31\x37\x33\x32\x20\x33\x2e\x39\x39\
\x39\x37\x20\x39\x2e\x38\x32\x33\x39\x20\x33\x2e\x39\x39\x39\x36\
\x39\x20\x37\x2e\x35\x7a\x22\x0a\x20\x20\x20\x20\x66\x69\x6c\x6c\
\x3d\x22\x23\x30\x30\x30\x30\x30\x30\x22\x0a\x20\x20\x2f\x3e\x0a\
\x20\x20\x3c\x70\x61\x74\x68\x0a\x20\x20\x20\x20\x66\x69\x6c\x6c\
\x2d\x72\x75\x6c\x65\x3d\x22\x65\x76\x65\x6e\x6f\x64\x64\x22\x0a\
\x20\x20\x20\x20\x63\x6c\x69\x70\x2d\x72\x75\x6c\x65\x3d\x22\x65\
\x76\x65\x6e\x6f\x64\x64\x22\x0a\x20\x20\x20\x20\x64\x3d\x22\x4d\
\x37\x2e\x34\x39\x39\x39\x36\x20\x33\x2e\x39\x35\x38\x30\x31\x43\
\x39\x2e\x36\x36\x39\x32\x38\x20\x33\x2e\x39\x35\x38\x30\x31\x20\
\x31\x31\x2e\x38\x37\x35\x33\x20\x34\x2e\x33\x35\x39\x31\x35\x20\
\x31\x33\x2e\x33\x37\x30\x36\x20\x35\x2e\x31\x39\x34\x34\x38\x20\
\x31\x33\x2e\x35\x33\x39\x34\x20\x35\x2e\x32\x38\x38\x37\x35\x20\
\x31\x33\x2e\x35\x39\x39\x38\x20\x35\x2e\x35\x30\x31\x39\x37\x20\
\x31\x33\x2e\x35\x30\x35\x35\x20\x35\x2e\x36\x37\x30\x37\x33\x20\
\x31\x33\x2e\x34\x31\x31\x33\x20\x35\x2e\x38\x33\x39\x34\x38\x20\
\x31\x33\x2e\x31\x39\x38\x20\x35\x2e\x38\x39\x39\x38\x37\x20\x31\
\x33\x2e\x30\x32\x39\x33\x20\x35\x2e\x38\x30\x35\x36\x20\x31\x31\
\x2e\x36\x37\x39\x34\x20\x35\x2e\x30\x35\x31\x35\x35\x20\x39\x2e\
\x36\x30\x37\x39\x39\x20\x34\x2e\x36\x35\x38\x30\x31\x20\x37\x2e\
\x34\x39\x39\x39\x36\x20\x34\x2e\x36\x35\x38\x30\x31\x20\x35\x2e\
\x33\x39\x31\x39\x32\x20\x34\x2e\x36\x35\x38\x30\x31\x20\x33\x2e\
\x33\x32\x30\x35\x32\x20\x35\x2e\x30\x35\x31\x35\x35\x20\x31\x2e\
\x39\x37\x30\x36\x34\x20\x35\x2e\x38\x30\x35\x36\x20\x31\x2e\x38\
\x30\x31\x38\x38\x20\x35\x2e\x38\x39\x39\x38\x37\x20\x31\x2e\x35\
\x38\x38\x36\x36\x20\x35\x2e\x38\x33\x39\x34\x38\x20\x31\x2e\x34\
\x39\x34\x33\x39\x20\x35\x2e\x36\x37\x30\x37\x33\x20\x31\x2e\x34\
\x30\x30\x31\x33\x20\x35\x2e\x35\x30\x31\x39\x37\x20\x31\x2e\x34\
\x36\x30\x35\x31\x20\x35\x2e\x32\x38\x38\x37\x35\x20\x31\x2e\x36\
\x32\x39\x32\x37\x20\x35\x2e\x31\x39\x34\x34\x38\x20\x33\x2e\x31\
\x32\x34\x36\x36\x20\x34\x2e\x33\x35\x39\x31\x35\x20\x35\x2e\x33\
\x33\x30\x36\x33\x20\x33\x2e\x39\x35\x38\x30\x31\x20\x37\x2e\x34\
\x39\x39\x39\x36\x20\x33\x2e\x39\x35\x38\x30\x31\x7a\x4d\x37\x2e\
\x34\x39\x39\x39\x36\x20\x31\x30\x2e\x38\x35\x43\x39\x2e\x36\x36\
\x39\x32\x38\x20\x31\x30\x2e\x38\x35\x20\x31\x31\x2e\x38\x37\x35\
\x33\x20\x31\x30\x2e\x34\x34\x38\x38\x20\x31\x33\x2e\x33\x37\x30\
\x36\x20\x39\x2e\x36\x31\x33\x35\x20\x31\x33\x2e\x35\x33\x39\x34\
\x20\x39\x2e\x35\x31\x39\x32\x34\x20\x31\x33\x2e\x35\x39\x39\x38\
\x20\x39\x2e\x33\x30\x36\x30\x31\x20\x31\x33\x2e\x35\x30\x35\x35\
\x20\x39\x2e\x31\x33\x37\x32\x36\x20\x31\x33\x2e\x34\x31\x31\x33\
\x20\x38\x2e\x39\x36\x38\x35\x20\x31\x33\x2e\x31\x39\x38\x20\x38\
\x2e\x39\x30\x38\x31\x32\x20\x31\x33\x2e\x30\x32\x39\x33\x20\x39\
\x2e\x30\x30\x32\x33\x38\x20\x31\x31\x2e\x36\x37\x39\x34\x20\x39\
\x2e\x37\x35\x36\x34\x33\x20\x39\x2e\x36\x30\x37\x39\x39\x20\x31\
\x30\x2e\x31\x35\x20\x37\x2e\x34\x39\x39\x39\x36\x20\x31\x30\x2e\
\x31\x35\x20\x35\x2e\x33\x39\x31\x39\x32\x20\x31\x30\x2e\x31\x35\
\x20\x33\x2e\x33\x32\x30\x35\x32\x20\x39\x2e\x37\x35\x36\x34\x33\
\x20\x31\x2e\x39\x37\x30\x36\x34\x20\x39\x2e\x30\x30\x32\x33\x39\
\x20\x31\x2e\x38\x30\x31\x38\x38\x20\x38\x2e\x39\x30\x38\x31\x32\
\x20\x31\x2e\x35\x38\x38\x36\x36\x20\x38\x2e\x39\x36\x38\x35\x20\
\x31\x2e\x34\x39\x34\x33\x39\x20\x39\x2e\x31\x33\x37\x32\x36\x20\
\x31\x2e\x34\x30\x30\x31\x33\x20\x39\x2e\x33\x30\x36\x30\x31\x20\
\x31\x2e\x34\x36\x30\x35\x31\x20\x39\x2e\x35\x31\x39\x32\x34\x20\
\x31\x2e\x36\x32\x39\x32\x37\x20\x39\x2e\x36\x31\x33\x35\x20\x33\
\x2e\x31\x32\x34\x36\x36\x20\x31\x30\x2e\x34\x34\x38\x38\x20\x35\
\x2e\x33\x33\x30\x36\x33\x20\x31\x30\x2e\x38\x35\x20\x37\x2e\x34\
\x39\x39\x39\x36\x20\x31\x30\x2e\x38\x35\x7a\x22\x0a\x20\x20\x20\
\x20\x66\x69\x6c\x6c\x3d\x22\x23\x30\x30\x30\x30\x30\x30\x22\x0a\
\x20\x20\x2f\x3e\x0a\x3c\x2f\x73\x76\x67\x3e\
\x00\x00\x08\xec\
\x3c\
\x3f\x78\x6d\x6c\x20\x76\x65\x72\x73\x69\x6f\x6e\x3d\x22\x31\x2e\
\x30\x22\x20\x65\x6e\x63\x6f\x64\x69\x6e\x67\x3d\x22\x75\x74\x66\
\x2d\x38\x22\x3f\x3e\x0a\x3c\x21\x2d\x2d\x20\x4c\x69\x63\x65\x6e\
\x73\x65\x3a\x20\x4d\x49\x54\x2e\x20\x4d\x61\x64\x65\x20\x62\x79\
\x20\x72\x61\x64\x69\x78\x2d\x75\x69\x3a\x20\x68\x74\x74\x70\x73\
\x3a\x2f\x2f\x67\x69\x74\x68\x75\x62\x2e\x63\x6f\x6d\x2f\x72\x61\
\x64\x69\x78\x2d\x75\x69\x2f\x69\x63\x6f\x6e\x73\x20\x2d\x2d\x3e\
\x0a\x3c\x73\x76\x67\x20\x77\x69\x64\x74\x68\x3d\x22\x38\x30\x30\
\x70\x78\x22\x20\x68\x65\x69\x67\x68\x74\x3d\x22\x38\x30\x30\x70\
\x78\x22\x20\x76\x69\x65\x77\x42\x6f\x78\x3d\x22\x30\x20\x30\x20\
\x31\x35\x20\x31\x35\x22\x20\x66\x69\x6c\x6c\x3d\x22\x6e\x6f\x6e\
\x65\x22\x20\x78\x6d\x6c\x6e\x73\x3d\x22\x68\x74\x74\x70\x3a\x2f\
\x2f\x77\x77\x77\x2e\x77\x33\x2e\x6f\x72\x67\x2f\x32\x30\x30\x30\
\x2f\x73\x76\x67\x22\x3e\x0a\x20\x20\x3c\x70\x61\x74\x68\x0a\x20\
\x20\x20\x20\x66\x69\x6c\x6c\x2d\x72\x75\x6c\x65\x3d\x22\x65\x76\
\x65\x6e\x6f\x64\x64\x22\x0a\x20\x20\x20\x20\x63\x6c\x69\x70\x2d\
\x72\x75\x6c\x65\x3d\x22\x65\x76\x65\x6e\x6f\x64\x64\x22\x0a\x20\
\x20\x20\x20\x64\x3d\x22\x4d\x37\x2e\x34\x39\x39\x39\x36\x20\x31\
\x2e\x38\x30\x30\x30\x32\x43\x34\x2e\x33\x35\x31\x39\x34\x20\x31\
\x2e\x38\x30\x30\x30\x32\x20\x31\x2e\x37\x39\x39\x39\x36\x20\x34\
\x2e\x33\x35\x32\x20\x31\x2e\x37\x39\x39\x39\x36\x20\x37\x2e\x35\
\x30\x30\x30\x32\x43\x31\x2e\x37\x39\x39\x39\x36\x20\x31\x30\x2e\
\x36\x34\x38\x20\x34\x2e\x33\x35\x31\x39\x34\x20\x31\x33\x2e\x32\
\x20\x37\x2e\x34\x39\x39\x39\x36\x20\x31\x33\x2e\x32\x43\x31\x30\
\x2e\x36\x34\x38\x20\x31\x33\x2e\x32\x20\x31\x33\x2e\x32\x20\x31\
\x30\x2e\x36\x34\x38\x20\x31\x33\x2e\x32\x20\x37\x2e\x35\x30\x30\
\x30\x32\x43\x31\x33\x2e\x32\x20\x34\x2e\x33\x35\x32\x20\x31\x30\
\x2e\x36\x34\x38\x20\x31\x2e\x38\x30\x30\x30\x32\x20\x37\x2e\x34\
\x39\x39\x39\x36\x20\x31\x2e\x38\x30\x30\x30\x32\x5a\x4d\x30\x2e\
\x38\x39\x39\x39\x36\x33\x20\x37\x2e\x35\x30\x30\x30\x32\x43\x30\
\x2e\x38\x39\x39\x39\x36\x33\x20\x33\x2e\x38\x35\x34\x39\x34\x20\
\x33\x2e\x38\x35\x34\x38\x38\x20\x30\x2e\x39\x30\x30\x30\x32\x34\
\x20\x37\x2e\x34\x39\x39\x39\x36\x20\x30\x2e\x39\x30\x30\x30\x32\
\x34\x43\x31\x31\x2e\x31\x34\x35\x20\x30\x2e\x39\x30\x30\x30\x32\
\x34\x20\x31\x34\x2e\x31\x20\x33\x2e\x38\x35\x34\x39\x34\x20\x31\
\x34\x2e\x31\x20\x37\x2e\x35\x30\x30\x30\x32\x43\x31\x34\x2e\x31\
\x20\x31\x31\x2e\x31\x34\x35\x31\x20\x31\x31\x2e\x31\x34\x35\x20\
\x31\x34\x2e\x31\x20\x37\x2e\x34\x39\x39\x39\x36\x20\x31\x34\x2e\
\x31\x43\x33\x2e\x38\x35\x34\x38\x38\x20\x31\x34\x2e\x31\x20\x30\
\x2e\x38\x39\x39\x39\x36\x33\x20\x31\x31\x2e\x31\x34\x35\x31\x20\
\x30\x2e\x38\x39\x39\x39\x36\x33\x20\x37\x2e\x35\x30\x30\x30\x32\
\x5a\x22\x0a\x20\x20\x20\x20\x66\x69\x6c\x6c\x3d\x22\x23\x30\x30\
\x30\x30\x30\x30\x22\x0a\x20\x20\x2f\x3e\x0a\x20\x20\x3c\x70\x61\
\x74\x68\x0a\x20\x20\x20\x20\x66\x69\x6c\x6c\x2d\x72\x75\x6c\x65\
\x3d\x22\x65\x76\x65\x6e\x6f\x64\x64\x22\x0a\x20\x20\x20\x20\x63\
\x6c\x69\x70\x2d\x72\x75\x6c\x65\x3d\x22\x65\x76\x65\x6e\x6f\x64\
\x64\x22\x0a\x20\x20\x20\x20\x64\x3d\x22\x4d\x31\x33\x2e\x34\x39\
\x39\x39\x20\x37\x2e\x38\x39\x39\x39\x38\x48\x31\x2e\x34\x39\x39\
\x39\x34\x56\x37\x2e\x30\x39\x39\x39\x38\x48\x31\x33\x2e\x34\x39\
\x39\x39\x56\x37\x2e\x38\x39\x39\x39\x38\x5a\x22\x0a\x20\x20\x20\
\x20\x66\x69\x6c\x6c\x3d\x22\x23\x30\x30\x30\x30\x30\x30\x22\x0a\
\x20\x20\x2f\x3e\x0a\x20\x20\x3c\x70\x61\x74\x68\x0a\x20\x20\x20\
\x20\x66\x69\x6c\x6c\x2d\x72\x75\x6c\x65\x3d\x22\x65\x76\x65\x6e\
\x6f\x64\x64\x22\x0a\x20\x20\x20\x20\x63\x6c\x69\x70\x2d\x72\x75\
\x6c\x65\x3d\x22\x65\x76\x65\x6e\x6f\x64\x64\x22\x0a\x20\x20\x20\
\x20\x64\x3d\x22\x4d\x37\x2e\x30\x39\x39\x39\x31\x20\x31\x33\x2e\
\x35\x56\x31\x2e\x35\x48\x37\x2e\x38\x39\x39\x39\x31\x56\x31\x33\
\x2e\x35\x48\x37\x2e\x30\x39\x39\x39\x31\x7a\x4d\x31\x30\x2e\x33\
\x37\x35\x20\x37\x2e\x34\x39\x39\x39\x38\x43\x31\x30\x2e\x33\x37\
\x35\x20\x35\x2e\x33\x32\x37\x32\x34\x20\x39\x2e\x35\x39\x33\x36\
\x34\x20\x33\x2e\x31\x37\x37\x37\x38\x20\x38\x2e\x30\x36\x31\x38\
\x33\x20\x31\x2e\x37\x35\x36\x35\x36\x4c\x38\x2e\x35\x33\x37\x39\
\x33\x20\x31\x2e\x32\x34\x33\x34\x31\x43\x31\x30\x2e\x32\x33\x39\
\x36\x20\x32\x2e\x38\x32\x32\x31\x38\x20\x31\x31\x2e\x30\x37\x35\
\x20\x35\x2e\x31\x37\x32\x37\x33\x20\x31\x31\x2e\x30\x37\x35\x20\
\x37\x2e\x34\x39\x39\x39\x38\x20\x31\x31\x2e\x30\x37\x35\x20\x39\
\x2e\x38\x32\x37\x32\x34\x20\x31\x30\x2e\x32\x33\x39\x36\x20\x31\
\x32\x2e\x31\x37\x37\x38\x20\x38\x2e\x35\x33\x37\x39\x33\x20\x31\
\x33\x2e\x37\x35\x36\x36\x4c\x38\x2e\x30\x36\x31\x38\x33\x20\x31\
\x33\x2e\x32\x34\x33\x34\x43\x39\x2e\x35\x39\x33\x36\x34\x20\x31\
\x31\x2e\x38\x32\x32\x32\x20\x31\x30\x2e\x33\x37\x35\x20\x39\x2e\
\x36\x37\x32\x37\x33\x20\x31\x30\x2e\x33\x37\x35\x20\x37\x2e\x34\
\x39\x39\x39\x38\x7a\x4d\x33\x2e\x39\x39\x39\x36\x39\x20\x37\x2e\
\x35\x43\x33\x2e\x39\x39\x39\x36\x39\x20\x35\x2e\x31\x37\x36\x31\
\x31\x20\x34\x2e\x38\x30\x37\x38\x36\x20\x32\x2e\x38\x32\x36\x37\
\x38\x20\x36\x2e\x34\x35\x37\x36\x38\x20\x31\x2e\x32\x34\x37\x31\
\x39\x4c\x36\x2e\x39\x34\x31\x37\x37\x20\x31\x2e\x37\x35\x32\x38\
\x31\x43\x35\x2e\x34\x35\x38\x32\x20\x33\x2e\x31\x37\x33\x32\x33\
\x20\x34\x2e\x36\x39\x39\x36\x39\x20\x35\x2e\x33\x32\x33\x38\x39\
\x20\x34\x2e\x36\x39\x39\x36\x39\x20\x37\x2e\x35\x20\x34\x2e\x36\
\x39\x39\x37\x20\x39\x2e\x36\x37\x36\x31\x31\x20\x35\x2e\x34\x35\
\x38\x32\x32\x20\x31\x31\x2e\x38\x32\x36\x38\x20\x36\x2e\x39\x34\
\x31\x37\x39\x20\x31\x33\x2e\x32\x34\x37\x32\x4c\x36\x2e\x34\x35\
\x37\x36\x39\x20\x31\x33\x2e\x37\x35\x32\x38\x43\x34\x2e\x38\x30\
\x37\x38\x38\x20\x31\x32\x2e\x31\x37\x33\x32\x20\x33\x2e\x39\x39\
\x39\x37\x20\x39\x2e\x38\x32\x33\x39\x20\x33\x2e\x39\x39\x39\x36\
\x39\x20\x37\x2e\x35\x7a\x22\x0a\x20\x20\x20\x20\x66\x69\x6c\x6c\
\x3d\x22\x23\x30\x30\x30\x30\x30\x30\x22\x0a\x20\x20\x2f\x3e\x0a\
\x20\x20\x3c\x70\x61\x74\x68\x0a\x20\x20\x20\x20\x66\x69\x6c\x6c\
\x2d\x72\x75\x6c\x65\x3d\x22\x65\x76\x65\x6e\x6f\x64\x64\x22\x0a\
\x20\x20\x20\x20\x63\x6c\x69\x70\x2d\x72\x75\x6c\x65\x3d\x22\x65\
\x76\x65\x6e\x6f\x64\x64\x22\x0a\x20\x20\x20\x20\x64\x3d\x22\x4d\
\x37\x2e\x34\x39\x39\x39\x36\x20\x33\x2e\x39\x35\x38\x30\x31\x43\
\x39\x2e\x36\x36\x39\x32\x38\x20\x33\x2e\x39\x35\x38\x30\x31\x20\
\x31\x31\x2e\x38\x37\x35\x33\x20\x34\x2e\x33\x35\x39\x31\x35\x20\
\x31\x33\x2e\x33\x37\x30\x36\x20\x35\x2e\x31\x39\x34\x34\x38\x20\
\x31\x33\x2e\x35\x33\x39\x34\x20\x35\x2e\x32\x38\x38\x37\x35\x20\
\x31\x33\x2e\x35\x39\x39\x38\x20\x35\x2e\x35\x30\x31\x39\x37\x20\
\x31\x33\x2e\x35\x30\x35\x35\x20\x35\x2e\x36\x37\x30\x37\x33\x20\
\x31\x33\x2e\x34\x31\x31\x33\x20\x35\x2e\x38\x33\x39\x34\x38\x20\
\x31\x33\x2e\x31\x39\x38\x20\x35\x2e\x38\x39\x39\x38\x37\x20\x31\
\x33\x2e\x30\x32\x39\x33\x20\x35\x2e\x38\x30\x35\x36\x20\x31\x31\
\x2e\x36\x37\x39\x34\x20\x35\x2e\x30\x35\x31\x35\x35\x20\x39\x2e\
\x36\x30\x37\x39\x39\x20\x34\x2e\x36\x35\x38\x30\x31\x20\x37\x2e\
\x34\x39\x39\x39\x36\x20\x34\x2e\x36\x35\x38\x30\x31\x20\x35\x2e\
\x33\x39\x31\x39\x32\x20\x34\x2e\x36\x35\x38\x30\x31\x20\x33\x2e\
\x33\x32\x30\x35\x32\x20\x35\x2e\x30\x35\x31\x35\x35\x20\x31\x2e\
\x39\x37\x30\x36\x34\x20\x35\x2e\x38\x30\x35\x36\x20\x31\x2e\x38\
\x30\x31\x38\x38\x20\x35\x2e\x38\x39\x39\x38\x37\x20\x31\x2e\x35\
\x38\x38\x36\x36\x20\x35\x2e\x38\x33\x39\x34\x38\x20\x31\x2e\x34\
\x39\x34\x33\x39\x20\x35\x2e\x36\x37\x30\x37\x33\x20\x31\x2e\x34\
\x30\x30\x31\x33\x20\x35\x2e\x35\x30\x31\x39\x37\x20\x31\x2e\x34\
\x36\x30\x35\x31\x20\x35\x2e\x32\x38\x38\x37\x35\x20\x31\x2e\x36\
\x32\x39\x32\x37\x20\x35\x2e\x31\x39\x34\x34\x38\x20\x33\x2e\x31\
\x32\x34\x36\x36\x20\x34\x2e\x33\x35\x39\x31\x35\x20\x35\x2e\x33\
\x33\x30\x36\x33\x20\x33\x2e\x39\x35\x38\x30\x31\x20\x37\x2e\x34\
\x39\x39\x39\x36\x20\x33\x2e\x39\x35\x38\x30\x31\x7a\x4d\x37\x2e\
\x34\x39\x39\x39\x36\x20\x31\x30\x2e\x38\x35\x43\x39\x2e\x36\x36\
\x39\x32\x38\x20\x31\x30\x2e\x38\x35\x20\x31\x31\x2e\x38\x37\x35\
\x33\x20\x31\x30\x2e\x34\x34\x38\x38\x20\x31\x33\x2e\x33\x37\x30\
\x36\x20\x39\x2e\x36\x31\x33\x35\x20\x31\x33\x2e\x35\x33\x39\x34\
\x20\x39\x2e\x35\x31\x39\x32\x34\x20\x31\x33\x2e\x35\x39\x39\x38\
\x20\x39\x2e\x33\x30\x36\x30\x31\x20\x31\x33\x2e\x35\x30\x35\x35\
\x20\x39\x2e\x31\x33\x37\x32\x36\x20\x31\x33\x2e\x34\x31\x31\x33\
\x20\x38\x2e\x39\x36\x38\x35\x20\x31\x33\x2e\x31\x39\x38\x20\x38\
\x2e\x39\x30\x38\x31\x32\x20\x31\x33\x2e\x30\x32\x39\x33\x20\x39\
\x2e\x30\x30\x32\x33\x38\x20\x31\x31\x2e\x36\x37\x39\x34\x20\x39\
\x2e\x37\x35\x36\x34\x33\x20\x39\x2e\x36\x30\x37\x39\x39\x20\x31\
\x30\x2e\x31\x35\x20\x37\x2e\x34\x39\x39\x39\x36\x20\x31\x30\x2e\
\x31\x35\x20\x35\x2e\x33\x39\x31\x39\x32\x20\x31\x30\x2e\x31\x35\
\x20\x33\x2e\x33\x32\x30\x35\x32\x20\x39\x2e\x37\x35\x36\x34\x33\
\x20\x31\x2e\x39\x37\x30\x36\x34\x20\x39\x2e\x30\x30\x32\x33\x39\
\x20\x31\x2e\x38\x30\x31\x38\x38\x20\x38\x2e\x39\x30\x38\x31\x32\
\x20\x31\x2e\x35\x38\x38\x36\x36\x20\x38\x2e\x39\x36\x38\x35\x20\
\x31\x2e\x34\x39\x34\x33\x39\x20\x39\x2e\x31\x33\x37\x32\x36\x20\
\x31\x2e\x34\x30\x30\x31\x33\x20\x39\x2e\x33\x30\x36\x30\x31\x20\
\x31\x2e\x34\x36\x30\x35\x31\x20\x39\x2e\x35\x31\x39\x32\x34\x20\
\x31\x2e\x36\x32\x39\x32\x37\x20\x39\x2e\x36\x31\x33\x35\x20\x33\
\x2e\x31\x32\x34\x36\x36\x20\x31\x30\x2e\x34\x34\x38\x38\x20\x35\
\x2e\x33\x33\x30\x36\x33\x20\x31\x30\x2e\x38\x35\x20\x37\x2e\x34\
\x39\x39\x39\x36\x20\x31\x30\x2e\x38\x35\x7a\x22\x0a\x20\x20\x20\
\x20\x66\x69\x6c\x6c\x3d\x22\x23\x30\x30\x30\x30\x30\x30\x22\x0a\
\x20\x20\x2f\x3e\x0a\x3c\x2f\x73\x76\x67\x3e\
\x00\x00\x01\xe1\
\x3c\
\x3f\x78\x6d\x6c\x20\x76\x65\x72\x73\x69\x6f\x6e\x3d\x22\x31\x2e\
\x30\x22\x20\x65\x6e\x63\x6f\x64\x69\x6e\x67\x3d\x22\x75\x74\x66\
\x2d\x38\x22\x3f\x3e\x0a\x3c\x21\x2d\x2d\x20\x4c\x69\x63\x65\x6e\
\x73\x65\x3a\x20\x4d\x49\x54\x2e\x20\x4d\x61\x64\x65\x20\x62\x79\
\x20\x6d\x69\x63\x68\x61\x65\x6c\x61\x6d\x70\x72\x3a\x20\x68\x74\
\x74\x70\x73\x3a\x2f\x2f\x67\x69\x74\x68\x75\x62\x2e\x63\x6f\x6d\
\x2f\x6d\x69\x63\x68\x61\x65\x6c\x61\x6d\x70\x72\x2f\x6a\x61\x6d\
\x20\x2d\x2d\x3e\x0a\x3c\x73\x76\x67\x20\x66\x69\x6c\x6c\x3d\x22\
\x23\x30\x30\x30\x30\x30\x30\x22\x20\x77\x69\x64\x74\x68\x3d\x22\
\x38\x30\x30\x70\x78\x22\x20\x68\x65\x69\x67\x68\x74\x3d\x22\x38\
\x30\x30\x70\x78\x22\x20\x76\x69\x65\x77\x42\x6f\x78\x3d\x22\x2d\
\x36\x20\x2d\x36\x20\x32\x34\x20\x32\x34\x22\x20\x78\x6d\x6c\x6e\
\x73\x3d\x22\x68\x74\x74\x70\x3a\x2f\x2f\x77\x77\x77\x2e\x77\x33\
\x2e\x6f\x72\x67\x2f\x32\x30\x30\x30\x2f\x73\x76\x67\x22\x20\x70\
\x72\x65\x73\x65\x72\x76\x65\x41\x73\x70\x65\x63\x74\x52\x61\x74\
\x69\x6f\x3d\x22\x78\x4d\x69\x6e\x59\x4d\x69\x6e\x22\x20\x63\x6c\
\x61\x73\x73\x3d\x22\x6a\x61\x6d\x20\x6a\x61\x6d\x2d\x63\x6c\x6f\
\x73\x65\x22\x3e\x3c\x70\x61\x74\x68\x20\x64\x3d\x27\x4d\x37\x2e\
\x33\x31\x34\x20\x35\x2e\x39\x6c\x33\x2e\x35\x33\x35\x2d\x33\x2e\
\x35\x33\x36\x41\x31\x20\x31\x20\x30\x20\x31\x20\x30\x20\x39\x2e\
\x34\x33\x35\x2e\x39\x35\x4c\x35\x2e\x38\x39\x39\x20\x34\x2e\x34\
\x38\x35\x20\x32\x2e\x33\x36\x34\x2e\x39\x35\x41\x31\x20\x31\x20\
\x30\x20\x31\x20\x30\x20\x2e\x39\x35\x20\x32\x2e\x33\x36\x34\x6c\
\x33\x2e\x35\x33\x35\x20\x33\x2e\x35\x33\x35\x4c\x2e\x39\x35\x20\
\x39\x2e\x34\x33\x35\x61\x31\x20\x31\x20\x30\x20\x31\x20\x30\x20\
\x31\x2e\x34\x31\x34\x20\x31\x2e\x34\x31\x34\x6c\x33\x2e\x35\x33\
\x35\x2d\x33\x2e\x35\x33\x35\x20\x33\x2e\x35\x33\x36\x20\x33\x2e\
\x35\x33\x35\x61\x31\x20\x31\x20\x30\x20\x31\x20\x30\x20\x31\x2e\
\x34\x31\x34\x2d\x31\x2e\x34\x31\x34\x4c\x37\x2e\x33\x31\x34\x20\
\x35\x2e\x38\x39\x39\x7a\x27\x20\x2f\x3e\x3c\x2f\x73\x76\x67\x3e\
\
\x00\x00\x05\x10\
\x3c\
\x73\x76\x67\x20\x78\x6d\x6c\x6e\x73\x3d\x22\x68\x74\x74\x70\x3a\
\x2f\x2f\x77\x77\x77\x2e\x77\x33\x2e\x6f\x72\x67\x2f\x32\x30\x30\
\x30\x2f\x73\x76\x67\x22\x20\x66\x69\x6c\x6c\x3d\x22\x6e\x6f\x6e\
\x65\x22\x20\x76\x69\x65\x77\x42\x6f\x78\x3d\x22\x30\x20\x30\x20\
\x32\x34\x20\x32\x34\x22\x20\x73\x74\x72\x6f\x6b\x65\x2d\x77\x69\
\x64\x74\x68\x3d\x22\x31\x2e\x35\x22\x20\x73\x74\x72\x6f\x6b\x65\
\x3d\x22\x63\x75\x72\x72\x65\x6e\x74\x43\x6f\x6c\x6f\x72\x22\x20\
\x63\x6c\x61\x73\x73\x3d\x22\x73\x69\x7a\x65\x2d\x36\x22\x3e\x0a\
\x20\x20\x3c\x70\x61\x74\x68\x20\x73\x74\x72\x6f\x6b\x65\x2d\x6c\
\x69\x6e\x65\x63\x61\x70\x3d\x22\x72\x6f\x75\x6e\x64\x22\x20\x73\
\x74\x72\x6f\x6b\x65\x2d\x6c\x69\x6e\x65\x6a\x6f\x69\x6e\x3d\x22\
\x72\x6f\x75\x6e\x64\x22\x20\x64\x3d\x22\x4d\x39\x2e\x35\x39\x34\
\x20\x33\x2e\x39\x34\x63\x2e\x30\x39\x2d\x2e\x35\x34\x32\x2e\x35\
\x36\x2d\x2e\x39\x34\x20\x31\x2e\x31\x31\x2d\x2e\x39\x34\x68\x32\
\x2e\x35\x39\x33\x63\x2e\x35\x35\x20\x30\x20\x31\x2e\x30\x32\x2e\
\x33\x39\x38\x20\x31\x2e\x31\x31\x2e\x39\x34\x6c\x2e\x32\x31\x33\
\x20\x31\x2e\x32\x38\x31\x63\x2e\x30\x36\x33\x2e\x33\x37\x34\x2e\
\x33\x31\x33\x2e\x36\x38\x36\x2e\x36\x34\x35\x2e\x38\x37\x2e\x30\
\x37\x34\x2e\x30\x34\x2e\x31\x34\x37\x2e\x30\x38\x33\x2e\x32\x32\
\x2e\x31\x32\x37\x2e\x33\x32\x35\x2e\x31\x39\x36\x2e\x37\x32\x2e\
\x32\x35\x37\x20\x31\x2e\x30\x37\x35\x2e\x31\x32\x34\x6c\x31\x2e\
\x32\x31\x37\x2d\x2e\x34\x35\x36\x61\x31\x2e\x31\x32\x35\x20\x31\
\x2e\x31\x32\x35\x20\x30\x20\x30\x20\x31\x20\x31\x2e\x33\x37\x2e\
\x34\x39\x6c\x31\x2e\x32\x39\x36\x20\x32\x2e\x32\x34\x37\x61\x31\
\x2e\x31\x32\x35\x20\x31\x2e\x31\x32\x35\x20\x30\x20\x30\x20\x31\
\x2d\x2e\x32\x36\x20\x31\x2e\x34\x33\x31\x6c\x2d\x31\x2e\x30\x30\
\x33\x2e\x38\x32\x37\x63\x2d\x2e\x32\x39\x33\x2e\x32\x34\x31\x2d\
\x2e\x34\x33\x38\x2e\x36\x31\x33\x2d\x2e\x34\x33\x2e\x39\x39\x32\
\x61\x37\x2e\x37\x32\x33\x20\x37\x2e\x37\x32\x33\x20\x30\x20\x30\
\x20\x31\x20\x30\x20\x2e\x32\x35\x35\x63\x2d\x2e\x30\x30\x38\x2e\
\x33\x37\x38\x2e\x31\x33\x37\x2e\x37\x35\x2e\x34\x33\x2e\x39\x39\
\x31\x6c\x31\x2e\x30\x30\x34\x2e\x38\x32\x37\x63\x2e\x34\x32\x34\
\x2e\x33\x35\x2e\x35\x33\x34\x2e\x39\x35\x35\x2e\x32\x36\x20\x31\
\x2e\x34\x33\x6c\x2d\x31\x2e\x32\x39\x38\x20\x32\x2e\x32\x34\x37\
\x61\x31\x2e\x31\x32\x35\x20\x31\x2e\x31\x32\x35\x20\x30\x20\x30\
\x20\x31\x2d\x31\x2e\x33\x36\x39\x2e\x34\x39\x31\x6c\x2d\x31\x2e\
\x32\x31\x37\x2d\x2e\x34\x35\x36\x63\x2d\x2e\x33\x35\x35\x2d\x2e\
\x31\x33\x33\x2d\x2e\x37\x35\x2d\x2e\x30\x37\x32\x2d\x31\x2e\x30\
\x37\x36\x2e\x31\x32\x34\x61\x36\x2e\x34\x37\x20\x36\x2e\x34\x37\
\x20\x30\x20\x30\x20\x31\x2d\x2e\x32\x32\x2e\x31\x32\x38\x63\x2d\
\x2e\x33\x33\x31\x2e\x31\x38\x33\x2d\x2e\x35\x38\x31\x2e\x34\x39\
\x35\x2d\x2e\x36\x34\x34\x2e\x38\x36\x39\x6c\x2d\x2e\x32\x31\x33\
\x20\x31\x2e\x32\x38\x31\x63\x2d\x2e\x30\x39\x2e\x35\x34\x33\x2d\
\x2e\x35\x36\x2e\x39\x34\x2d\x31\x2e\x31\x31\x2e\x39\x34\x68\x2d\
\x32\x2e\x35\x39\x34\x63\x2d\x2e\x35\x35\x20\x30\x2d\x31\x2e\x30\
\x31\x39\x2d\x2e\x33\x39\x38\x2d\x31\x2e\x31\x31\x2d\x2e\x39\x34\
\x6c\x2d\x2e\x32\x31\x33\x2d\x31\x2e\x32\x38\x31\x63\x2d\x2e\x30\
\x36\x32\x2d\x2e\x33\x37\x34\x2d\x2e\x33\x31\x32\x2d\x2e\x36\x38\
\x36\x2d\x2e\x36\x34\x34\x2d\x2e\x38\x37\x61\x36\x2e\x35\x32\x20\
\x36\x2e\x35\x32\x20\x30\x20\x30\x20\x31\x2d\x2e\x32\x32\x2d\x2e\
\x31\x32\x37\x63\x2d\x2e\x33\x32\x35\x2d\x2e\x31\x39\x36\x2d\x2e\
\x37\x32\x2d\x2e\x32\x35\x37\x2d\x31\x2e\x30\x37\x36\x2d\x2e\x31\
\x32\x34\x6c\x2d\x31\x2e\x32\x31\x37\x2e\x34\x35\x36\x61\x31\x2e\
\x31\x32\x35\x20\x31\x2e\x31\x32\x35\x20\x30\x20\x30\x20\x31\x2d\
\x31\x2e\x33\x36\x39\x2d\x2e\x34\x39\x6c\x2d\x31\x2e\x32\x39\x37\
\x2d\x32\x2e\x32\x34\x37\x61\x31\x2e\x31\x32\x35\x20\x31\x2e\x31\
\x32\x35\x20\x30\x20\x30\x20\x31\x20\x2e\x32\x36\x2d\x31\x2e\x34\
\x33\x31\x6c\x31\x2e\x30\x30\x34\x2d\x2e\x38\x32\x37\x63\x2e\x32\
\x39\x32\x2d\x2e\x32\x34\x2e\x34\x33\x37\x2d\x2e\x36\x31\x33\x2e\
\x34\x33\x2d\x2e\x39\x39\x31\x61\x36\x2e\x39\x33\x32\x20\x36\x2e\
\x39\x33\x32\x20\x30\x20\x30\x20\x31\x20\x30\x2d\x2e\x32\x35\x35\
\x63\x2e\x30\x30\x37\x2d\x2e\x33\x38\x2d\x2e\x31\x33\x38\x2d\x2e\
\x37\x35\x31\x2d\x2e\x34\x33\x2d\x2e\x39\x39\x32\x6c\x2d\x31\x2e\
\x30\x30\x34\x2d\x2e\x38\x32\x37\x61\x31\x2e\x31\x32\x35\x20\x31\
\x2e\x31\x32\x35\x20\x30\x20\x30\x20\x31\x2d\x2e\x32\x36\x2d\x31\
\x2e\x34\x33\x6c\x31\x2e\x32\x39\x37\x2d\x32\x2e\x32\x34\x37\x61\
\x31\x2e\x31\x32\x35\x20\x31\x2e\x31\x32\x35\x20\x30\x20\x30\x20\
\x31\x20\x31\x2e\x33\x37\x2d\x2e\x34\x39\x31\x6c\x31\x2e\x32\x31\
\x36\x2e\x34\x35\x36\x63\x2e\x33\x35\x36\x2e\x31\x33\x33\x2e\x37\
\x35\x31\x2e\x30\x37\x32\x20\x31\x2e\x30\x37\x36\x2d\x2e\x31\x32\
\x34\x2e\x30\x37\x32\x2d\x2e\x30\x34\x34\x2e\x31\x34\x36\x2d\x2e\
\x30\x38\x36\x2e\x32\x32\x2d\x2e\x31\x32\x38\x2e\x33\x33\x32\x2d\
\x2e\x31\x38\x33\x2e\x35\x38\x32\x2d\x2e\x34\x39\x35\x2e\x36\x34\
\x34\x2d\x2e\x38\x36\x39\x6c\x2e\x32\x31\x34\x2d\x31\x2e\x32\x38\
\x5a\x22\x20\x2f\x3e\x0a\x20\x20\x3c\x70\x61\x74\x68\x20\x73\x74\
\x72\x6f\x6b\x65\x2d\x6c\x69\x6e\x65\x63\x61\x70\x3d\x22\x72\x6f\
\x75\x6e\x64\x22\x20\x73\x74\x72\x6f\x6b\x65\x2d\x6c\x69\x6e\x65\
\x6a\x6f\x69\x6e\x3d\x22\x72\x6f\x75\x6e\x64\x22\x20\x64\x3d\x22\
\x4d\x31\x35\x20\x31\x32\x61\x33\x20\x33\x20\x30\x20\x31\x20\x31\
\x2d\x36\x20\x30\x20\x33\x20\x33\x20\x30\x20\x30\x20\x31\x20\x36\
\x20\x30\x5a\x22\x20\x2f\x3e\x0a\x3c\x2f\x73\x76\x67\x3e\x0a\
\x00\x00\x01\x8a\
\x3c\
\x73\x76\x67\x20\x78\x6d\x6c\x6e\x73\x3d\x22\x68\x74\x74\x70\x3a\
\x2f\x2f\x77\x77\x77\x2e\x77\x33\x2e\x6f\x72\x67\x2f\x32\x30\x30\
\x30\x2f\x73\x76\x67\x22\x20\x66\x69\x6c\x6c\x3d\x22\x6e\x6f\x6e\
\x65\x22\x20\x76\x69\x65\x77\x42\x6f\x78\x3d\x22\x30\x20\x30\x20\
\x32\x34\x20\x32\x34\x22\x20\x73\x74\x72\x6f\x6b\x65\x2d\x77\x69\
\x64\x74\x68\x3d\x22\x31\x2e\x35\x22\x20\x73\x74\x72\x6f\x6b\x65\
\x3d\x22\x63\x75\x72\x72\x65\x6e\x74\x43\x6f\x6c\x6f\x72\x22\x20\
\x63\x6c\x61\x73\x73\x3d\x22\x73\x69\x7a\x65\x2d\x36\x22\x3e\x0a\
\x20\x20\x3c\x70\x61\x74\x68\x20\x73\x74\x72\x6f\x6b\x65\x2d\x6c\
\x69\x6e\x65\x63\x61\x70\x3d\x22\x72\x6f\x75\x6e\x64\x22\x20\x73\
\x74\x72\x6f\x6b\x65\x2d\x6c\x69\x6e\x65\x6a\x6f\x69\x6e\x3d\x22\
\x72\x6f\x75\x6e\x64\x22\x20\x64\x3d\x22\x4d\x36\x2e\x34\x32\x39\
\x20\x39\x2e\x37\x35\x20\x32\x2e\x32\x35\x20\x31\x32\x6c\x34\x2e\
\x31\x37\x39\x20\x32\x2e\x32\x35\x6d\x30\x2d\x34\x2e\x35\x20\x35\
\x2e\x35\x37\x31\x20\x33\x20\x35\x2e\x35\x37\x31\x2d\x33\x6d\x2d\
\x31\x31\x2e\x31\x34\x32\x20\x30\x4c\x32\x2e\x32\x35\x20\x37\x2e\
\x35\x20\x31\x32\x20\x32\x2e\x32\x35\x6c\x39\x2e\x37\x35\x20\x35\
\x2e\x32\x35\x2d\x34\x2e\x31\x37\x39\x20\x32\x2e\x32\x35\x6d\x30\
\x20\x30\x4c\x32\x31\x2e\x37\x35\x20\x31\x32\x6c\x2d\x34\x2e\x31\
\x37\x39\x20\x32\x2e\x32\x35\x6d\x30\x20\x30\x20\x34\x2e\x31\x37\
\x39\x20\x32\x2e\x32\x35\x4c\x31\x32\x20\x32\x31\x2e\x37\x35\x20\
\x32\x2e\x32\x35\x20\x31\x36\x2e\x35\x6c\x34\x2e\x31\x37\x39\x2d\
\x32\x2e\x32\x35\x6d\x31\x31\x2e\x31\x34\x32\x20\x30\x2d\x35\x2e\
\x35\x37\x31\x20\x33\x2d\x35\x2e\x35\x37\x31\x2d\x33\x22\x20\x2f\
\x3e\x0a\x3c\x2f\x73\x76\x67\x3e\x0a\
\x00\x00\x12\x0d\
\x3c\
\x3f\x78\x6d\x6c\x20\x76\x65\x72\x73\x69\x6f\x6e\x3d\x22\x31\x2e\
\x30\x22\x20\x65\x6e\x63\x6f\x64\x69\x6e\x67\x3d\x22\x69\x73\x6f\
\x2d\x38\x38\x35\x39\x2d\x31\x22\x3f\x3e\x0a\x3c\x21\x2d\x2d\x20\
\x47\x65\x6e\x65\x72\x61\x74\x6f\x72\x3a\x20\x41\x64\x6f\x62\x65\
\x20\x49\x6c\x6c\x75\x73\x74\x72\x61\x74\x6f\x72\x20\x31\x39\x2e\
\x30\x2e\x30\x2c\x20\x53\x56\x47\x20\x45\x78\x70\x6f\x72\x74\x20\
\x50\x6c\x75\x67\x2d\x49\x6e\x20\x2e\x20\x53\x56\x47\x20\x56\x65\
\x72\x73\x69\x6f\x6e\x3a\x20\x36\x2e\x30\x30\x20\x42\x75\x69\x6c\
\x64\x20\x30\x29\x20\x20\x2d\x2d\x3e\x0a\x3c\x21\x2d\x2d\x20\x4c\
\x69\x63\x65\x6e\x73\x65\x3a\x20\x43\x43\x30\x2e\x20\x4d\x61\x64\
\x65\x20\x62\x79\x20\x53\x56\x47\x20\x52\x65\x70\x6f\x3a\x20\x68\
\x74\x74\x70\x73\x3a\x2f\x2f\x77\x77\x77\x2e\x73\x76\x67\x72\x65\
\x70\x6f\x2e\x63\x6f\x6d\x2f\x73\x76\x67\x2f\x32\x38\x35\x35\x36\
\x31\x2f\x70\x69\x63\x6b\x2d\x6d\x69\x6e\x65\x72\x20\x2d\x2d\x3e\
\x0a\x3c\x73\x76\x67\x20\x76\x65\x72\x73\x69\x6f\x6e\x3d\x22\x31\
\x2e\x31\x22\x20\x69\x64\x3d\x22\x4c\x61\x79\x65\x72\x5f\x31\x22\
\x20\x78\x6d\x6c\x6e\x73\x3d\x22\x68\x74\x74\x70\x3a\x2f\x2f\x77\
\x77\x77\x2e\x77\x33\x2e\x6f\x72\x67\x2f\x32\x30\x30\x30\x2f\x73\
\x76\x67\x22\x20\x78\x6d\x6c\x6e\x73\x3a\x78\x6c\x69\x6e\x6b\x3d\
\x22\x68\x74\x74\x70\x3a\x2f\x2f\x77\x77\x77\x2e\x77\x33\x2e\x6f\
\x72\x67\x2f\x31\x39\x39\x39\x2f\x78\x6c\x69\x6e\x6b\x22\x20\x78\
\x3d\x22\x30\x70\x78\x22\x20\x79\x3d\x22\x30\x70\x78\x22\x0a\x09\
\x20\x76\x69\x65\x77\x42\x6f\x78\x3d\x22\x30\x20\x30\x20\x35\x31\
\x32\x20\x35\x31\x32\x22\x20\x73\x74\x79\x6c\x65\x3d\x22\x65\x6e\
\x61\x62\x6c\x65\x2d\x62\x61\x63\x6b\x67\x72\x6f\x75\x6e\x64\x3a\
\x6e\x65\x77\x20\x30\x20\x30\x20\x35\x31\x32\x20\x35\x31\x32\x3b\
\x22\x20\x78\x6d\x6c\x3a\x73\x70\x61\x63\x65\x3d\x22\x70\x72\x65\
\x73\x65\x72\x76\x65\x22\x3e\x0a\x3c\x67\x3e\x0a\x09\x3c\x67\x3e\
\x0a\x09\x09\x3c\x70\x61\x74\x68\x20\x64\x3d\x22\x4d\x35\x30\x31\
\x2e\x31\x34\x37\x2c\x32\x32\x37\x2e\x33\x33\x39\x63\x2d\x39\x2e\
\x33\x34\x32\x2d\x33\x34\x2e\x33\x31\x33\x2d\x32\x34\x2e\x36\x35\
\x32\x2d\x36\x36\x2e\x37\x35\x2d\x34\x35\x2e\x30\x34\x33\x2d\x39\
\x35\x2e\x38\x31\x35\x6c\x33\x31\x2e\x37\x37\x34\x2d\x33\x31\x2e\
\x37\x37\x34\x63\x35\x2e\x32\x34\x32\x2d\x35\x2e\x32\x34\x32\x2c\
\x35\x2e\x32\x34\x32\x2d\x31\x33\x2e\x37\x34\x32\x2c\x30\x2d\x31\
\x38\x2e\x39\x38\x35\x0a\x09\x09\x09\x6c\x2d\x35\x36\x2e\x36\x33\
\x35\x2d\x35\x36\x2e\x36\x33\x35\x63\x2d\x35\x2e\x32\x34\x33\x2d\
\x35\x2e\x32\x34\x31\x2d\x31\x33\x2e\x37\x34\x31\x2d\x35\x2e\x32\
\x34\x31\x2d\x31\x38\x2e\x39\x38\x35\x2c\x30\x6c\x2d\x33\x31\x2e\
\x37\x37\x34\x2c\x33\x31\x2e\x37\x37\x34\x63\x2d\x32\x39\x2e\x32\
\x35\x32\x2d\x32\x30\x2e\x35\x32\x34\x2d\x36\x31\x2e\x39\x31\x36\
\x2d\x33\x35\x2e\x39\x2d\x39\x36\x2e\x34\x37\x39\x2d\x34\x35\x2e\
\x32\x32\x37\x0a\x09\x09\x09\x43\x32\x33\x33\x2e\x37\x33\x36\x2d\
\x32\x2e\x38\x39\x32\x2c\x31\x38\x30\x2e\x34\x32\x31\x2d\x33\x2e\
\x35\x34\x31\x2c\x31\x32\x39\x2e\x38\x31\x38\x2c\x38\x2e\x38\x30\
\x36\x63\x2d\x35\x2e\x39\x30\x39\x2c\x31\x2e\x34\x34\x2d\x31\x30\
\x2e\x31\x31\x31\x2c\x36\x2e\x36\x37\x37\x2d\x31\x30\x2e\x32\x33\
\x38\x2c\x31\x32\x2e\x37\x35\x38\x63\x2d\x30\x2e\x31\x32\x39\x2c\
\x36\x2e\x30\x38\x32\x2c\x33\x2e\x38\x35\x2c\x31\x31\x2e\x34\x39\
\x31\x2c\x39\x2e\x36\x39\x33\x2c\x31\x33\x2e\x31\x37\x38\x0a\x09\
\x09\x09\x63\x36\x32\x2e\x32\x31\x37\x2c\x31\x37\x2e\x39\x38\x33\
\x2c\x31\x32\x32\x2e\x35\x30\x38\x2c\x35\x30\x2e\x36\x39\x34\x2c\
\x31\x37\x36\x2e\x37\x37\x33\x2c\x39\x35\x2e\x35\x39\x37\x6c\x2d\
\x32\x36\x2e\x36\x37\x37\x2c\x32\x36\x2e\x36\x37\x39\x63\x2d\x35\
\x2e\x31\x38\x38\x2c\x35\x2e\x31\x38\x38\x2d\x35\x2e\x32\x33\x34\
\x2c\x31\x33\x2e\x35\x36\x34\x2d\x30\x2e\x31\x35\x2c\x31\x38\x2e\
\x38\x31\x39\x4c\x33\x2e\x39\x33\x37\x2c\x34\x35\x31\x2e\x31\x31\
\x36\x0a\x09\x09\x09\x63\x2d\x32\x2e\x35\x31\x37\x2c\x32\x2e\x35\
\x31\x38\x2d\x33\x2e\x39\x33\x32\x2c\x35\x2e\x39\x33\x32\x2d\x33\
\x2e\x39\x33\x32\x2c\x39\x2e\x34\x39\x32\x63\x30\x2c\x33\x2e\x35\
\x36\x2c\x31\x2e\x34\x31\x35\x2c\x36\x2e\x39\x37\x34\x2c\x33\x2e\
\x39\x33\x32\x2c\x39\x2e\x34\x39\x32\x6c\x33\x37\x2e\x39\x36\x39\
\x2c\x33\x37\x2e\x39\x36\x38\x63\x32\x2e\x36\x32\x32\x2c\x32\x2e\
\x36\x32\x2c\x36\x2e\x30\x35\x37\x2c\x33\x2e\x39\x33\x32\x2c\x39\
\x2e\x34\x39\x32\x2c\x33\x2e\x39\x33\x32\x0a\x09\x09\x09\x73\x36\
\x2e\x38\x37\x32\x2d\x31\x2e\x33\x31\x31\x2c\x39\x2e\x34\x39\x32\
\x2d\x33\x2e\x39\x33\x32\x6c\x31\x33\x33\x2e\x33\x36\x35\x2d\x31\
\x33\x33\x2e\x33\x36\x35\x63\x35\x2e\x32\x34\x32\x2d\x35\x2e\x32\
\x34\x32\x2c\x35\x2e\x32\x34\x32\x2d\x31\x33\x2e\x37\x34\x32\x2c\
\x30\x2d\x31\x38\x2e\x39\x38\x35\x63\x2d\x35\x2e\x32\x34\x32\x2d\
\x35\x2e\x32\x34\x31\x2d\x31\x33\x2e\x37\x34\x32\x2d\x35\x2e\x32\
\x34\x31\x2d\x31\x38\x2e\x39\x38\x35\x2c\x30\x4c\x35\x31\x2e\x33\
\x39\x39\x2c\x34\x37\x39\x2e\x35\x39\x0a\x09\x09\x09\x6c\x2d\x31\
\x38\x2e\x39\x38\x35\x2d\x31\x38\x2e\x39\x38\x35\x6c\x32\x36\x35\
\x2e\x37\x38\x2d\x32\x36\x35\x2e\x37\x37\x39\x6c\x31\x38\x2e\x39\
\x38\x34\x2c\x31\x38\x2e\x39\x38\x34\x6c\x2d\x38\x35\x2e\x34\x32\
\x38\x2c\x38\x35\x2e\x34\x33\x63\x2d\x35\x2e\x32\x34\x32\x2c\x35\
\x2e\x32\x34\x32\x2d\x35\x2e\x32\x34\x32\x2c\x31\x33\x2e\x37\x34\
\x32\x2c\x30\x2c\x31\x38\x2e\x39\x38\x35\x0a\x09\x09\x09\x63\x35\
\x2e\x32\x34\x32\x2c\x35\x2e\x32\x34\x31\x2c\x31\x33\x2e\x37\x34\
\x33\x2c\x35\x2e\x32\x34\x31\x2c\x31\x38\x2e\x39\x38\x34\x2c\x30\
\x6c\x38\x35\x2e\x34\x33\x38\x2d\x38\x35\x2e\x34\x33\x38\x63\x32\
\x2e\x36\x2c\x32\x2e\x35\x31\x34\x2c\x35\x2e\x39\x36\x2c\x33\x2e\
\x37\x38\x2c\x39\x2e\x33\x32\x36\x2c\x33\x2e\x37\x38\x63\x33\x2e\
\x34\x33\x37\x2c\x30\x2c\x36\x2e\x38\x37\x2d\x31\x2e\x33\x31\x32\
\x2c\x39\x2e\x34\x39\x32\x2d\x33\x2e\x39\x33\x32\x6c\x32\x36\x2e\
\x37\x36\x35\x2d\x32\x36\x2e\x37\x36\x35\x0a\x09\x09\x09\x63\x34\
\x34\x2e\x37\x39\x38\x2c\x35\x33\x2e\x38\x38\x36\x2c\x37\x37\x2e\
\x35\x39\x2c\x31\x31\x33\x2e\x38\x30\x35\x2c\x39\x35\x2e\x38\x32\
\x37\x2c\x31\x37\x35\x2e\x36\x35\x63\x31\x2e\x36\x38\x37\x2c\x35\
\x2e\x37\x32\x31\x2c\x36\x2e\x39\x33\x38\x2c\x39\x2e\x36\x32\x38\
\x2c\x31\x32\x2e\x38\x37\x32\x2c\x39\x2e\x36\x32\x38\x63\x30\x2e\
\x31\x31\x38\x2c\x30\x2c\x30\x2e\x32\x33\x35\x2d\x30\x2e\x30\x30\
\x31\x2c\x30\x2e\x33\x35\x33\x2d\x30\x2e\x30\x30\x34\x0a\x09\x09\
\x09\x63\x36\x2e\x30\x37\x38\x2d\x30\x2e\x31\x35\x38\x2c\x31\x31\
\x2e\x32\x39\x32\x2d\x34\x2e\x33\x38\x33\x2c\x31\x32\x2e\x37\x30\
\x37\x2d\x31\x30\x2e\x32\x39\x36\x43\x35\x31\x35\x2e\x35\x37\x36\
\x2c\x33\x33\x30\x2e\x34\x32\x33\x2c\x35\x31\x34\x2e\x37\x35\x38\
\x2c\x32\x37\x37\x2e\x33\x33\x39\x2c\x35\x30\x31\x2e\x31\x34\x37\
\x2c\x32\x32\x37\x2e\x33\x33\x39\x7a\x20\x4d\x34\x32\x31\x2e\x37\
\x35\x2c\x35\x32\x2e\x36\x30\x35\x6c\x33\x37\x2e\x36\x35\x31\x2c\
\x33\x37\x2e\x36\x35\x31\x0a\x09\x09\x09\x6c\x2d\x31\x39\x2e\x37\
\x39\x2c\x31\x39\x2e\x37\x38\x39\x63\x2d\x30\x2e\x32\x35\x39\x2d\
\x30\x2e\x33\x30\x37\x2d\x30\x2e\x35\x32\x36\x2d\x30\x2e\x36\x30\
\x37\x2d\x30\x2e\x37\x38\x35\x2d\x30\x2e\x39\x31\x33\x63\x2d\x30\
\x2e\x37\x30\x39\x2d\x30\x2e\x38\x33\x36\x2d\x31\x2e\x34\x32\x38\
\x2d\x31\x2e\x36\x36\x35\x2d\x32\x2e\x31\x34\x36\x2d\x32\x2e\x34\
\x39\x34\x63\x2d\x30\x2e\x38\x31\x31\x2d\x30\x2e\x39\x33\x34\x2d\
\x31\x2e\x36\x32\x33\x2d\x31\x2e\x38\x36\x35\x2d\x32\x2e\x34\x34\
\x35\x2d\x32\x2e\x37\x39\x31\x0a\x09\x09\x09\x63\x2d\x30\x2e\x39\
\x34\x39\x2d\x31\x2e\x30\x36\x39\x2d\x31\x2e\x39\x30\x34\x2d\x32\
\x2e\x31\x33\x34\x2d\x32\x2e\x38\x36\x37\x2d\x33\x2e\x31\x39\x31\
\x63\x2d\x30\x2e\x34\x37\x2d\x30\x2e\x35\x31\x34\x2d\x30\x2e\x39\
\x34\x34\x2d\x31\x2e\x30\x32\x36\x2d\x31\x2e\x34\x31\x36\x2d\x31\
\x2e\x35\x33\x37\x63\x2d\x30\x2e\x39\x35\x38\x2d\x31\x2e\x30\x33\
\x36\x2d\x31\x2e\x39\x32\x34\x2d\x32\x2e\x30\x36\x36\x2d\x32\x2e\
\x38\x39\x37\x2d\x33\x2e\x30\x38\x39\x0a\x09\x09\x09\x63\x2d\x30\
\x2e\x34\x32\x34\x2d\x30\x2e\x34\x34\x36\x2d\x30\x2e\x38\x34\x36\
\x2d\x30\x2e\x38\x39\x33\x2d\x31\x2e\x32\x37\x33\x2d\x31\x2e\x33\
\x33\x36\x63\x2d\x31\x2e\x33\x38\x34\x2d\x31\x2e\x34\x33\x39\x2d\
\x32\x2e\x37\x37\x37\x2d\x32\x2e\x38\x36\x39\x2d\x34\x2e\x31\x39\
\x31\x2d\x34\x2e\x32\x38\x32\x63\x2d\x31\x2e\x34\x32\x2d\x31\x2e\
\x34\x32\x2d\x32\x2e\x38\x35\x38\x2d\x32\x2e\x38\x32\x32\x2d\x34\
\x2e\x33\x30\x34\x2d\x34\x2e\x32\x31\x32\x0a\x09\x09\x09\x63\x2d\
\x30\x2e\x34\x33\x2d\x30\x2e\x34\x31\x33\x2d\x30\x2e\x38\x36\x33\
\x2d\x30\x2e\x38\x32\x32\x2d\x31\x2e\x32\x39\x35\x2d\x31\x2e\x32\
\x33\x32\x63\x2d\x31\x2e\x30\x33\x39\x2d\x30\x2e\x39\x38\x37\x2d\
\x32\x2e\x30\x38\x33\x2d\x31\x2e\x39\x36\x38\x2d\x33\x2e\x31\x33\
\x36\x2d\x32\x2e\x39\x34\x63\x2d\x30\x2e\x35\x30\x36\x2d\x30\x2e\
\x34\x36\x39\x2d\x31\x2e\x30\x31\x31\x2d\x30\x2e\x39\x33\x36\x2d\
\x31\x2e\x35\x32\x2d\x31\x2e\x34\x0a\x09\x09\x09\x63\x2d\x31\x2e\
\x30\x33\x39\x2d\x30\x2e\x39\x34\x38\x2d\x32\x2e\x30\x38\x36\x2d\
\x31\x2e\x38\x38\x36\x2d\x33\x2e\x31\x33\x37\x2d\x32\x2e\x38\x31\
\x39\x63\x2d\x30\x2e\x39\x35\x33\x2d\x30\x2e\x38\x34\x37\x2d\x31\
\x2e\x39\x31\x33\x2d\x31\x2e\x36\x38\x36\x2d\x32\x2e\x38\x37\x37\
\x2d\x32\x2e\x35\x32\x31\x63\x2d\x30\x2e\x38\x32\x33\x2d\x30\x2e\
\x37\x31\x33\x2d\x31\x2e\x36\x34\x34\x2d\x31\x2e\x34\x32\x37\x2d\
\x32\x2e\x34\x37\x35\x2d\x32\x2e\x31\x33\x0a\x09\x09\x09\x63\x2d\
\x30\x2e\x32\x39\x35\x2d\x30\x2e\x32\x35\x32\x2d\x30\x2e\x35\x38\
\x38\x2d\x30\x2e\x35\x31\x34\x2d\x30\x2e\x38\x38\x37\x2d\x30\x2e\
\x37\x36\x35\x4c\x34\x32\x31\x2e\x37\x35\x2c\x35\x32\x2e\x36\x30\
\x35\x7a\x20\x4d\x33\x34\x35\x2e\x34\x39\x36\x2c\x32\x30\x34\x2e\
\x31\x36\x31\x6c\x2d\x33\x37\x2e\x36\x35\x31\x2d\x33\x37\x2e\x36\
\x35\x31\x6c\x31\x38\x2e\x35\x31\x38\x2d\x31\x38\x2e\x35\x31\x38\
\x0a\x09\x09\x09\x63\x33\x2e\x31\x39\x38\x2c\x32\x2e\x39\x30\x35\
\x2c\x36\x2e\x33\x35\x38\x2c\x35\x2e\x38\x34\x37\x2c\x39\x2e\x34\
\x37\x39\x2c\x38\x2e\x38\x31\x33\x63\x30\x2e\x36\x34\x2c\x30\x2e\
\x36\x30\x39\x2c\x31\x2e\x32\x37\x38\x2c\x31\x2e\x32\x32\x33\x2c\
\x31\x2e\x39\x31\x37\x2c\x31\x2e\x38\x33\x36\x63\x31\x2e\x30\x32\
\x37\x2c\x30\x2e\x39\x38\x34\x2c\x32\x2e\x30\x35\x33\x2c\x31\x2e\
\x39\x36\x39\x2c\x33\x2e\x30\x36\x39\x2c\x32\x2e\x39\x35\x39\x0a\
\x09\x09\x09\x63\x31\x2e\x37\x37\x35\x2c\x31\x2e\x37\x33\x2c\x33\
\x2e\x35\x34\x34\x2c\x33\x2e\x34\x36\x39\x2c\x35\x2e\x33\x30\x32\
\x2c\x35\x2e\x32\x32\x37\x63\x31\x2e\x37\x32\x34\x2c\x31\x2e\x37\
\x32\x34\x2c\x33\x2e\x34\x33\x2c\x33\x2e\x34\x36\x31\x2c\x35\x2e\
\x31\x32\x37\x2c\x35\x2e\x32\x63\x30\x2e\x38\x37\x31\x2c\x30\x2e\
\x38\x39\x34\x2c\x31\x2e\x37\x33\x38\x2c\x31\x2e\x37\x39\x35\x2c\
\x32\x2e\x36\x30\x36\x2c\x32\x2e\x36\x39\x38\x0a\x09\x09\x09\x63\
\x30\x2e\x36\x37\x33\x2c\x30\x2e\x36\x39\x38\x2c\x31\x2e\x33\x34\
\x32\x2c\x31\x2e\x33\x39\x37\x2c\x32\x2e\x30\x31\x2c\x32\x2e\x30\
\x39\x38\x63\x32\x2e\x37\x35\x31\x2c\x32\x2e\x38\x38\x39\x2c\x35\
\x2e\x34\x38\x34\x2c\x35\x2e\x38\x31\x35\x2c\x38\x2e\x31\x38\x36\
\x2c\x38\x2e\x37\x37\x37\x4c\x33\x34\x35\x2e\x34\x39\x36\x2c\x32\
\x30\x34\x2e\x31\x36\x31\x7a\x20\x4d\x34\x38\x34\x2e\x39\x32\x31\
\x2c\x33\x32\x32\x2e\x36\x38\x38\x0a\x09\x09\x09\x63\x2d\x32\x35\
\x2e\x34\x32\x2d\x35\x39\x2e\x38\x34\x35\x2d\x36\x33\x2e\x36\x31\
\x35\x2d\x31\x31\x36\x2e\x37\x39\x32\x2d\x31\x31\x32\x2e\x33\x38\
\x34\x2d\x31\x36\x37\x2e\x32\x37\x39\x63\x2d\x30\x2e\x32\x38\x33\
\x2d\x30\x2e\x32\x39\x33\x2d\x30\x2e\x35\x36\x35\x2d\x30\x2e\x35\
\x38\x35\x2d\x30\x2e\x38\x34\x38\x2d\x30\x2e\x38\x37\x37\x63\x2d\
\x32\x2e\x31\x37\x33\x2d\x32\x2e\x32\x34\x32\x2d\x34\x2e\x33\x36\
\x2d\x34\x2e\x34\x37\x34\x2d\x36\x2e\x35\x37\x35\x2d\x36\x2e\x36\
\x38\x39\x0a\x09\x09\x09\x63\x2d\x32\x2e\x33\x32\x36\x2d\x32\x2e\
\x33\x32\x36\x2d\x34\x2e\x36\x37\x32\x2d\x34\x2e\x36\x32\x31\x2d\
\x37\x2e\x30\x32\x36\x2d\x36\x2e\x39\x30\x31\x63\x2d\x30\x2e\x32\
\x33\x32\x2d\x30\x2e\x32\x32\x34\x2d\x30\x2e\x34\x36\x33\x2d\x30\
\x2e\x34\x34\x38\x2d\x30\x2e\x36\x39\x37\x2d\x30\x2e\x36\x37\x33\
\x43\x33\x30\x36\x2e\x33\x30\x38\x2c\x39\x30\x2e\x39\x35\x36\x2c\
\x32\x34\x38\x2e\x36\x38\x36\x2c\x35\x32\x2e\x35\x30\x32\x2c\x31\
\x38\x38\x2e\x31\x33\x35\x2c\x32\x37\x2e\x31\x32\x37\x0a\x09\x09\
\x09\x63\x36\x36\x2e\x36\x33\x34\x2d\x33\x2e\x37\x35\x37\x2c\x31\
\x33\x31\x2e\x39\x34\x32\x2c\x31\x36\x2e\x31\x36\x38\x2c\x31\x38\
\x35\x2e\x33\x30\x36\x2c\x35\x36\x2e\x37\x39\x34\x63\x30\x2e\x31\
\x30\x33\x2c\x30\x2e\x30\x38\x35\x2c\x30\x2e\x31\x39\x37\x2c\x30\
\x2e\x31\x37\x37\x2c\x30\x2e\x33\x30\x33\x2c\x30\x2e\x32\x35\x38\
\x63\x34\x2e\x38\x36\x36\x2c\x33\x2e\x37\x30\x34\x2c\x39\x2e\x36\
\x33\x2c\x37\x2e\x35\x39\x38\x2c\x31\x34\x2e\x32\x37\x38\x2c\x31\
\x31\x2e\x36\x33\x39\x0a\x09\x09\x09\x63\x30\x2e\x34\x30\x35\x2c\
\x30\x2e\x33\x35\x33\x2c\x30\x2e\x38\x31\x31\x2c\x30\x2e\x37\x30\
\x39\x2c\x31\x2e\x32\x31\x35\x2c\x31\x2e\x30\x36\x35\x63\x31\x2e\
\x38\x33\x36\x2c\x31\x2e\x36\x31\x35\x2c\x33\x2e\x36\x34\x37\x2c\
\x33\x2e\x32\x35\x38\x2c\x35\x2e\x34\x34\x32\x2c\x34\x2e\x39\x32\
\x63\x30\x2e\x35\x30\x37\x2c\x30\x2e\x34\x37\x2c\x31\x2e\x30\x31\
\x39\x2c\x30\x2e\x39\x33\x33\x2c\x31\x2e\x35\x32\x32\x2c\x31\x2e\
\x34\x30\x37\x0a\x09\x09\x09\x63\x32\x2e\x31\x36\x37\x2c\x32\x2e\
\x30\x33\x35\x2c\x34\x2e\x33\x30\x39\x2c\x34\x2e\x30\x39\x36\x2c\
\x36\x2e\x34\x30\x36\x2c\x36\x2e\x31\x39\x34\x63\x32\x2e\x30\x39\
\x31\x2c\x32\x2e\x30\x39\x31\x2c\x34\x2e\x31\x34\x37\x2c\x34\x2e\
\x32\x32\x37\x2c\x36\x2e\x31\x37\x38\x2c\x36\x2e\x33\x39\x63\x30\
\x2e\x34\x37\x38\x2c\x30\x2e\x35\x30\x39\x2c\x30\x2e\x39\x34\x36\
\x2c\x31\x2e\x30\x32\x34\x2c\x31\x2e\x34\x32\x2c\x31\x2e\x35\x33\
\x36\x0a\x09\x09\x09\x63\x31\x2e\x36\x35\x35\x2c\x31\x2e\x37\x38\
\x38\x2c\x33\x2e\x32\x39\x32\x2c\x33\x2e\x35\x39\x32\x2c\x34\x2e\
\x39\x30\x31\x2c\x35\x2e\x34\x32\x33\x63\x30\x2e\x33\x36\x2c\x30\
\x2e\x34\x30\x38\x2c\x30\x2e\x37\x32\x2c\x30\x2e\x38\x31\x38\x2c\
\x31\x2e\x30\x37\x37\x2c\x31\x2e\x32\x32\x37\x63\x34\x2e\x30\x34\
\x32\x2c\x34\x2e\x36\x35\x2c\x37\x2e\x39\x33\x39\x2c\x39\x2e\x34\
\x31\x38\x2c\x31\x31\x2e\x36\x34\x37\x2c\x31\x34\x2e\x32\x39\x0a\
\x09\x09\x09\x63\x30\x2e\x30\x36\x34\x2c\x30\x2e\x30\x38\x35\x2c\
\x30\x2e\x31\x34\x2c\x30\x2e\x31\x35\x38\x2c\x30\x2e\x32\x30\x35\
\x2c\x30\x2e\x32\x34\x32\x43\x34\x36\x38\x2e\x34\x31\x31\x2c\x31\
\x39\x31\x2e\x35\x33\x36\x2c\x34\x38\x38\x2e\x33\x37\x2c\x32\x35\
\x36\x2e\x34\x33\x2c\x34\x38\x34\x2e\x39\x32\x31\x2c\x33\x32\x32\
\x2e\x36\x38\x38\x7a\x22\x2f\x3e\x0a\x09\x3c\x2f\x67\x3e\x0a\x3c\
\x2f\x67\x3e\x0a\x3c\x67\x3e\x0a\x09\x3c\x67\x3e\x0a\x09\x09\x3c\
\x70\x61\x74\x68\x20\x64\x3d\x22\x4d\x32\x32\x36\x2e\x31\x36\x31\
\x2c\x33\x33\x34\x2e\x33\x34\x39\x63\x2d\x30\x2e\x31\x37\x34\x2d\
\x30\x2e\x38\x35\x38\x2d\x30\x2e\x34\x33\x2d\x31\x2e\x37\x30\x35\
\x2d\x30\x2e\x37\x36\x35\x2d\x32\x2e\x35\x31\x63\x2d\x30\x2e\x33\
\x33\x36\x2d\x30\x2e\x38\x31\x39\x2d\x30\x2e\x37\x35\x32\x2d\x31\
\x2e\x35\x39\x36\x2d\x31\x2e\x32\x33\x35\x2d\x32\x2e\x33\x32\x31\
\x0a\x09\x09\x09\x63\x2d\x30\x2e\x34\x38\x33\x2d\x30\x2e\x37\x34\
\x2d\x31\x2e\x30\x34\x37\x2d\x31\x2e\x34\x32\x34\x2d\x31\x2e\x36\
\x36\x35\x2d\x32\x2e\x30\x34\x32\x63\x2d\x30\x2e\x36\x31\x38\x2d\
\x30\x2e\x36\x31\x37\x2d\x31\x2e\x33\x30\x32\x2d\x31\x2e\x31\x38\
\x31\x2d\x32\x2e\x30\x34\x2d\x31\x2e\x36\x36\x35\x63\x2d\x30\x2e\
\x37\x32\x35\x2d\x30\x2e\x34\x38\x32\x2d\x31\x2e\x35\x30\x33\x2d\
\x30\x2e\x38\x39\x39\x2d\x32\x2e\x33\x32\x32\x2d\x31\x2e\x32\x33\
\x35\x0a\x09\x09\x09\x63\x2d\x30\x2e\x38\x30\x35\x2d\x30\x2e\x33\
\x33\x36\x2d\x31\x2e\x36\x35\x31\x2d\x30\x2e\x35\x38\x39\x2d\x32\
\x2e\x35\x31\x2d\x30\x2e\x37\x36\x34\x63\x2d\x31\x2e\x37\x33\x32\
\x2d\x30\x2e\x33\x35\x2d\x33\x2e\x35\x31\x37\x2d\x30\x2e\x33\x35\
\x2d\x35\x2e\x32\x34\x39\x2c\x30\x63\x2d\x30\x2e\x38\x34\x36\x2c\
\x30\x2e\x31\x37\x35\x2d\x31\x2e\x36\x39\x31\x2c\x30\x2e\x34\x32\
\x38\x2d\x32\x2e\x35\x31\x2c\x30\x2e\x37\x36\x34\x0a\x09\x09\x09\
\x63\x2d\x30\x2e\x38\x30\x35\x2c\x30\x2e\x33\x33\x36\x2d\x31\x2e\
\x35\x38\x34\x2c\x30\x2e\x37\x35\x33\x2d\x32\x2e\x33\x30\x39\x2c\
\x31\x2e\x32\x33\x35\x63\x2d\x30\x2e\x37\x33\x38\x2c\x30\x2e\x34\
\x38\x33\x2d\x31\x2e\x34\x32\x33\x2c\x31\x2e\x30\x34\x37\x2d\x32\
\x2e\x30\x34\x2c\x31\x2e\x36\x36\x35\x63\x2d\x30\x2e\x36\x33\x31\
\x2c\x30\x2e\x36\x31\x38\x2d\x31\x2e\x31\x38\x31\x2c\x31\x2e\x33\
\x30\x32\x2d\x31\x2e\x36\x37\x38\x2c\x32\x2e\x30\x34\x32\x0a\x09\
\x09\x09\x63\x2d\x30\x2e\x34\x38\x33\x2c\x30\x2e\x37\x32\x35\x2d\
\x30\x2e\x38\x39\x39\x2c\x31\x2e\x35\x30\x32\x2d\x31\x2e\x32\x33\
\x35\x2c\x32\x2e\x33\x32\x31\x63\x2d\x30\x2e\x33\x33\x36\x2c\x30\
\x2e\x38\x30\x35\x2d\x30\x2e\x35\x39\x31\x2c\x31\x2e\x36\x35\x31\
\x2d\x30\x2e\x37\x36\x35\x2c\x32\x2e\x35\x31\x73\x2d\x30\x2e\x32\
\x35\x35\x2c\x31\x2e\x37\x34\x35\x2d\x30\x2e\x32\x35\x35\x2c\x32\
\x2e\x36\x31\x38\x0a\x09\x09\x09\x63\x30\x2c\x30\x2e\x38\x37\x31\
\x2c\x30\x2e\x30\x38\x31\x2c\x31\x2e\x37\x35\x39\x2c\x30\x2e\x32\
\x35\x35\x2c\x32\x2e\x36\x33\x31\x63\x30\x2e\x31\x37\x34\x2c\x30\
\x2e\x38\x35\x39\x2c\x30\x2e\x34\x33\x2c\x31\x2e\x37\x30\x35\x2c\
\x30\x2e\x37\x36\x35\x2c\x32\x2e\x35\x31\x63\x30\x2e\x33\x33\x36\
\x2c\x30\x2e\x38\x30\x35\x2c\x30\x2e\x37\x35\x32\x2c\x31\x2e\x35\
\x38\x34\x2c\x31\x2e\x32\x33\x35\x2c\x32\x2e\x33\x32\x31\x0a\x09\
\x09\x09\x63\x30\x2e\x34\x39\x37\x2c\x30\x2e\x37\x32\x35\x2c\x31\
\x2e\x30\x34\x37\x2c\x31\x2e\x34\x30\x39\x2c\x31\x2e\x36\x37\x38\
\x2c\x32\x2e\x30\x34\x32\x63\x30\x2e\x36\x31\x37\x2c\x30\x2e\x36\
\x31\x37\x2c\x31\x2e\x33\x30\x32\x2c\x31\x2e\x31\x38\x31\x2c\x32\
\x2e\x30\x34\x2c\x31\x2e\x36\x36\x33\x63\x30\x2e\x37\x32\x35\x2c\
\x30\x2e\x34\x38\x33\x2c\x31\x2e\x35\x30\x33\x2c\x30\x2e\x39\x30\
\x31\x2c\x32\x2e\x33\x30\x39\x2c\x31\x2e\x32\x33\x36\x0a\x09\x09\
\x09\x63\x30\x2e\x38\x31\x39\x2c\x30\x2e\x33\x33\x36\x2c\x31\x2e\
\x36\x36\x35\x2c\x30\x2e\x35\x38\x39\x2c\x32\x2e\x35\x31\x2c\x30\
\x2e\x37\x36\x34\x63\x30\x2e\x38\x37\x33\x2c\x30\x2e\x31\x37\x35\
\x2c\x31\x2e\x37\x35\x39\x2c\x30\x2e\x32\x36\x38\x2c\x32\x2e\x36\
\x33\x31\x2c\x30\x2e\x32\x36\x38\x73\x31\x2e\x37\x35\x39\x2d\x30\
\x2e\x30\x39\x34\x2c\x32\x2e\x36\x31\x38\x2d\x30\x2e\x32\x36\x38\
\x0a\x09\x09\x09\x63\x30\x2e\x38\x35\x39\x2d\x30\x2e\x31\x37\x34\
\x2c\x31\x2e\x37\x30\x35\x2d\x30\x2e\x34\x32\x38\x2c\x32\x2e\x35\
\x31\x2d\x30\x2e\x37\x36\x34\x63\x30\x2e\x38\x31\x39\x2d\x30\x2e\
\x33\x33\x36\x2c\x31\x2e\x35\x39\x37\x2d\x30\x2e\x37\x35\x33\x2c\
\x32\x2e\x33\x32\x32\x2d\x31\x2e\x32\x33\x36\x63\x30\x2e\x37\x33\
\x38\x2d\x30\x2e\x34\x38\x32\x2c\x31\x2e\x34\x32\x33\x2d\x31\x2e\
\x30\x34\x36\x2c\x32\x2e\x30\x34\x2d\x31\x2e\x36\x36\x33\x0a\x09\
\x09\x09\x63\x30\x2e\x36\x31\x37\x2d\x30\x2e\x36\x33\x32\x2c\x31\
\x2e\x31\x38\x31\x2d\x31\x2e\x33\x31\x36\x2c\x31\x2e\x36\x36\x35\
\x2d\x32\x2e\x30\x34\x32\x63\x30\x2e\x34\x38\x33\x2d\x30\x2e\x37\
\x33\x38\x2c\x30\x2e\x38\x39\x39\x2d\x31\x2e\x35\x31\x37\x2c\x31\
\x2e\x32\x33\x35\x2d\x32\x2e\x33\x32\x31\x63\x30\x2e\x33\x33\x36\
\x2d\x30\x2e\x38\x30\x37\x2c\x30\x2e\x35\x39\x31\x2d\x31\x2e\x36\
\x35\x31\x2c\x30\x2e\x37\x36\x35\x2d\x32\x2e\x35\x31\x0a\x09\x09\
\x09\x63\x30\x2e\x31\x37\x34\x2d\x30\x2e\x38\x37\x32\x2c\x30\x2e\
\x32\x36\x38\x2d\x31\x2e\x37\x34\x35\x2c\x30\x2e\x32\x36\x38\x2d\
\x32\x2e\x36\x33\x31\x43\x32\x32\x36\x2e\x34\x32\x39\x2c\x33\x33\
\x36\x2e\x30\x39\x34\x2c\x32\x32\x36\x2e\x33\x33\x35\x2c\x33\x33\
\x35\x2e\x32\x30\x37\x2c\x32\x32\x36\x2e\x31\x36\x31\x2c\x33\x33\
\x34\x2e\x33\x34\x39\x7a\x22\x2f\x3e\x0a\x09\x3c\x2f\x67\x3e\x0a\
\x3c\x2f\x67\x3e\x0a\x3c\x2f\x73\x76\x67\x3e\x0a\
\x00\x00\x01\x33\
\x3c\
\x73\x76\x67\x20\x78\x6d\x6c\x6e\x73\x3d\x22\x68\x74\x74\x70\x3a\
\x2f\x2f\x77\x77\x77\x2e\x77\x33\x2e\x6f\x72\x67\x2f\x32\x30\x30\
\x30\x2f\x73\x76\x67\x22\x20\x66\x69\x6c\x6c\x3d\x22\x6e\x6f\x6e\
\x65\x22\x20\x76\x69\x65\x77\x42\x6f\x78\x3d\x22\x30\x20\x30\x20\
\x32\x34\x20\x32\x34\x22\x20\x73\x74\x72\x6f\x6b\x65\x2d\x77\x69\
\x64\x74\x68\x3d\x22\x31\x2e\x35\x22\x20\x73\x74\x72\x6f\x6b\x65\
\x3d\x22\x63\x75\x72\x72\x65\x6e\x74\x43\x6f\x6c\x6f\x72\x22\x20\
\x63\x6c\x61\x73\x73\x3d\x22\x73\x69\x7a\x65\x2d\x36\x22\x3e\x0a\
\x20\x20\x3c\x70\x61\x74\x68\x20\x73\x74\x72\x6f\x6b\x65\x2d\x6c\
\x69\x6e\x65\x63\x61\x70\x3d\x22\x72\x6f\x75\x6e\x64\x22\x20\x73\
\x74\x72\x6f\x6b\x65\x2d\x6c\x69\x6e\x65\x6a\x6f\x69\x6e\x3d\x22\
\x72\x6f\x75\x6e\x64\x22\x20\x64\x3d\x22\x4d\x33\x20\x31\x36\x2e\
\x35\x76\x32\x2e\x32\x35\x41\x32\x2e\x32\x35\x20\x32\x2e\x32\x35\
\x20\x30\x20\x30\x20\x30\x20\x35\x2e\x32\x35\x20\x32\x31\x68\x31\
\x33\x2e\x35\x41\x32\x2e\x32\x35\x20\x32\x2e\x32\x35\x20\x30\x20\
\x30\x20\x30\x20\x32\x31\x20\x31\x38\x2e\x37\x35\x56\x31\x36\x2e\
\x35\x4d\x31\x36\x2e\x35\x20\x31\x32\x20\x31\x32\x20\x31\x36\x2e\
\x35\x6d\x30\x20\x30\x4c\x37\x2e\x35\x20\x31\x32\x6d\x34\x2e\x35\
\x20\x34\x2e\x35\x56\x33\x22\x20\x2f\x3e\x0a\x3c\x2f\x73\x76\x67\
\x3e\x0a\
\x00\x00\x01\x14\
\x3c\
\x73\x76\x67\x20\x78\x6d\x6c\x6e\x73\x3d\x22\x68\x74\x74\x70\x3a\
\x2f\x2f\x77\x77\x77\x2e\x77\x33\x2e\x6f\x72\x67\x2f\x32\x30\x30\
\x30\x2f\x73\x76\x67\x22\x20\x66\x69\x6c\x6c\x3d\x22\x6e\x6f\x6e\
\x65\x22\x20\x76\x69\x65\x77\x42\x6f\x78\x3d\x22\x30\x20\x30\x20\
\x32\x34\x20\x32\x34\x22\x20\x73\x74\x72\x6f\x6b\x65\x2d\x77\x69\
\x64\x74\x68\x3d\x22\x31\x2e\x35\x22\x20\x73\x74\x72\x6f\x6b\x65\
\x3d\x22\x63\x75\x72\x72\x65\x6e\x74\x43\x6f\x6c\x6f\x72\x22\x20\
\x63\x6c\x61\x73\x73\x3d\x22\x73\x69\x7a\x65\x2d\x36\x22\x3e\x0a\
\x20\x20\x3c\x70\x61\x74\x68\x20\x73\x74\x72\x6f\x6b\x65\x2d\x6c\
\x69\x6e\x65\x63\x61\x70\x3d\x22\x72\x6f\x75\x6e\x64\x22\x20\x73\
\x74\x72\x6f\x6b\x65\x2d\x6c\x69\x6e\x65\x6a\x6f\x69\x6e\x3d\x22\
\x72\x6f\x75\x6e\x64\x22\x20\x64\x3d\x22\x6d\x32\x31\x20\x32\x31\
\x2d\x35\x2e\x31\x39\x37\x2d\x35\x2e\x31\x39\x37\x6d\x30\x20\x30\
\x41\x37\x2e\x35\x20\x37\x2e\x35\x20\x30\x20\x31\x20\x30\x20\x35\
\x2e\x31\x39\x36\x20\x35\x2e\x31\x39\x36\x61\x37\x2e\x35\x20\x37\
\x2e\x35\x20\x30\x20\x30\x20\x30\x20\x31\x30\x2e\x36\x30\x37\x20\
\x31\x30\x2e\x36\x30\x37\x5a\x22\x20\x2f\x3e\x0a\x3c\x2f\x73\x76\
\x67\x3e\x0a\
\x00\x00\x01\x7b\
\x3c\
\x73\x76\x67\x20\x78\x6d\x6c\x6e\x73\x3d\x22\x68\x74\x74\x70\x3a\
\x2f\x2f\x77\x77\x77\x2e\x77\x33\x2e\x6f\x72\x67\x2f\x32\x30\x30\
\x30\x2f\x73\x76\x67\x22\x20\x66\x69\x6c\x6c\x3d\x22\x6e\x6f\x6e\
\x65\x22\x20\x76\x69\x65\x77\x42\x6f\x78\x3d\x22\x30\x20\x30\x20\
\x32\x34\x20\x32\x34\x22\x20\x73\x74\x72\x6f\x6b\x65\x2d\x77\x69\
\x64\x74\x68\x3d\x22\x31\x2e\x35\x22\x20\x73\x74\x72\x6f\x6b\x65\
\x3d\x22\x63\x75\x72\x72\x65\x6e\x74\x43\x6f\x6c\x6f\x72\x22\x20\
\x63\x6c\x61\x73\x73\x3d\x22\x73\x69\x7a\x65\x2d\x36\x22\x3e\x0a\
\x20\x20\x3c\x70\x61\x74\x68\x20\x73\x74\x72\x6f\x6b\x65\x2d\x6c\
\x69\x6e\x65\x63\x61\x70\x3d\x22\x72\x6f\x75\x6e\x64\x22\x20\x73\
\x74\x72\x6f\x6b\x65\x2d\x6c\x69\x6e\x65\x6a\x6f\x69\x6e\x3d\x22\
\x72\x6f\x75\x6e\x64\x22\x20\x64\x3d\x22\x4d\x31\x35\x2e\x30\x34\
\x32\x20\x32\x31\x2e\x36\x37\x32\x20\x31\x33\x2e\x36\x38\x34\x20\
\x31\x36\x2e\x36\x6d\x30\x20\x30\x2d\x32\x2e\x35\x31\x20\x32\x2e\
\x32\x32\x35\x2e\x35\x36\x39\x2d\x39\x2e\x34\x37\x20\x35\x2e\x32\
\x32\x37\x20\x37\x2e\x39\x31\x37\x2d\x33\x2e\x32\x38\x36\x2d\x2e\
\x36\x37\x32\x5a\x4d\x31\x32\x20\x32\x2e\x32\x35\x56\x34\x2e\x35\
\x6d\x35\x2e\x38\x33\x34\x2e\x31\x36\x36\x2d\x31\x2e\x35\x39\x31\
\x20\x31\x2e\x35\x39\x31\x4d\x32\x30\x2e\x32\x35\x20\x31\x30\x2e\
\x35\x48\x31\x38\x4d\x37\x2e\x37\x35\x37\x20\x31\x34\x2e\x37\x34\
\x33\x6c\x2d\x31\x2e\x35\x39\x20\x31\x2e\x35\x39\x4d\x36\x20\x31\
\x30\x2e\x35\x48\x33\x2e\x37\x35\x6d\x34\x2e\x30\x30\x37\x2d\x34\
\x2e\x32\x34\x33\x2d\x31\x2e\x35\x39\x2d\x31\x2e\x35\x39\x22\x20\
\x2f\x3e\x0a\x3c\x2f\x73\x76\x67\x3e\x0a\
\x00\x00\x07\x24\
\x3c\
\x3f\x78\x6d\x6c\x20\x76\x65\x72\x73\x69\x6f\x6e\x3d\x22\x31\x2e\
\x30\x22\x20\x65\x6e\x63\x6f\x64\x69\x6e\x67\x3d\x22\x55\x54\x46\
\x2d\x38\x22\x3f\x3e\x0a\x3c\x73\x76\x67\x20\x78\x6d\x6c\x6e\x73\
\x3d\x22\x68\x74\x74\x70\x3a\x2f\x2f\x77\x77\x77\x2e\x77\x33\x2e\
\x6f\x72\x67\x2f\x32\x30\x30\x30\x2f\x73\x76\x67\x22\x20\x69\x64\
\x3d\x22\x4c\x61\x79\x65\x72\x5f\x31\x22\x20\x64\x61\x74\x61\x2d\
\x6e\x61\x6d\x65\x3d\x22\x4c\x61\x79\x65\x72\x20\x31\x22\x20\x76\
\x69\x65\x77\x42\x6f\x78\x3d\x22\x30\x20\x30\x20\x32\x34\x20\x32\
\x34\x22\x20\x77\x69\x64\x74\x68\x3d\x22\x35\x31\x32\x22\x20\x68\
\x65\x69\x67\x68\x74\x3d\x22\x35\x31\x32\x22\x3e\x3c\x70\x61\x74\
\x68\x20\x64\x3d\x22\x6d\x38\x2e\x38\x37\x33\x2c\x31\x37\x2e\x36\
\x37\x33\x63\x2d\x2e\x32\x37\x36\x2e\x37\x37\x32\x2d\x31\x2e\x30\
\x32\x32\x2c\x31\x2e\x33\x32\x37\x2d\x31\x2e\x38\x39\x38\x2c\x31\
\x2e\x33\x32\x37\x2d\x31\x2e\x30\x38\x36\x2c\x30\x2d\x31\x2e\x39\
\x36\x37\x2d\x2e\x38\x38\x31\x2d\x31\x2e\x39\x36\x37\x2d\x31\x2e\
\x39\x36\x37\x6c\x2d\x2e\x30\x30\x38\x2d\x32\x2e\x30\x36\x36\x63\
\x30\x2d\x31\x2e\x30\x38\x36\x2e\x38\x38\x31\x2d\x31\x2e\x39\x36\
\x37\x2c\x31\x2e\x39\x36\x37\x2d\x31\x2e\x39\x36\x37\x2e\x38\x37\
\x39\x2c\x30\x2c\x31\x2e\x36\x32\x38\x2e\x35\x35\x39\x2c\x31\x2e\
\x39\x30\x31\x2c\x31\x2e\x33\x33\x36\x2e\x31\x31\x32\x2e\x33\x31\
\x39\x2d\x2e\x31\x33\x2e\x36\x35\x33\x2d\x2e\x34\x36\x38\x2e\x36\
\x35\x38\x68\x2d\x2e\x30\x30\x34\x63\x2d\x2e\x32\x31\x2e\x30\x30\
\x33\x2d\x2e\x34\x30\x35\x2d\x2e\x31\x32\x33\x2d\x2e\x34\x37\x35\
\x2d\x2e\x33\x32\x32\x2d\x2e\x31\x33\x37\x2d\x2e\x33\x39\x35\x2d\
\x2e\x35\x31\x33\x2d\x2e\x36\x37\x32\x2d\x2e\x39\x35\x35\x2d\x2e\
\x36\x37\x32\x2d\x2e\x35\x33\x33\x2c\x30\x2d\x2e\x39\x36\x37\x2e\
\x34\x33\x34\x2d\x2e\x39\x36\x37\x2e\x39\x36\x37\x6c\x2e\x30\x30\
\x38\x2c\x32\x2e\x30\x36\x33\x63\x30\x2c\x2e\x35\x33\x37\x2e\x34\
\x33\x34\x2e\x39\x37\x2e\x39\x36\x37\x2e\x39\x37\x2e\x34\x34\x33\
\x2c\x30\x2c\x2e\x38\x32\x31\x2d\x2e\x32\x37\x39\x2e\x39\x35\x37\
\x2d\x2e\x36\x36\x36\x2e\x30\x36\x39\x2d\x2e\x31\x39\x35\x2e\x32\
\x36\x2d\x2e\x33\x31\x39\x2e\x34\x36\x36\x2d\x2e\x33\x31\x39\x2e\
\x33\x34\x31\x2c\x30\x2c\x2e\x35\x39\x2e\x33\x33\x37\x2e\x34\x37\
\x35\x2e\x36\x35\x38\x5a\x6d\x33\x2e\x39\x32\x37\x2d\x32\x2e\x31\
\x32\x63\x2d\x2e\x34\x36\x33\x2d\x2e\x31\x37\x33\x2d\x31\x2e\x33\
\x32\x37\x2d\x2e\x35\x34\x2d\x31\x2e\x33\x32\x37\x2d\x2e\x35\x34\
\x2d\x2e\x31\x34\x33\x2d\x2e\x30\x39\x36\x2d\x2e\x32\x31\x2d\x2e\
\x32\x35\x36\x2d\x2e\x31\x38\x38\x2d\x2e\x34\x33\x38\x2e\x30\x31\
\x36\x2d\x2e\x31\x30\x38\x2e\x30\x39\x32\x2d\x2e\x33\x36\x39\x2e\
\x34\x35\x39\x2d\x2e\x34\x38\x31\x2e\x37\x35\x38\x2d\x2e\x32\x33\
\x34\x2c\x31\x2e\x34\x33\x31\x2e\x33\x33\x2c\x31\x2e\x34\x33\x38\
\x2e\x33\x33\x35\x2e\x32\x31\x32\x2e\x31\x38\x32\x2e\x35\x33\x32\
\x2e\x31\x35\x34\x2e\x37\x31\x2d\x2e\x30\x36\x31\x6c\x2e\x30\x31\
\x39\x2d\x2e\x30\x32\x33\x63\x2e\x31\x37\x35\x2d\x2e\x32\x31\x2e\
\x31\x34\x38\x2d\x2e\x35\x32\x32\x2d\x2e\x30\x36\x2d\x2e\x37\x6c\
\x2d\x2e\x30\x31\x36\x2d\x2e\x30\x31\x34\x63\x2d\x2e\x30\x31\x33\
\x2d\x2e\x30\x31\x2d\x31\x2e\x31\x30\x31\x2d\x2e\x39\x33\x31\x2d\
\x32\x2e\x33\x38\x35\x2d\x2e\x35\x33\x31\x2d\x2e\x36\x33\x37\x2e\
\x31\x39\x33\x2d\x31\x2e\x30\x38\x38\x2e\x37\x30\x31\x2d\x31\x2e\
\x31\x37\x37\x2c\x31\x2e\x33\x32\x35\x2d\x2e\x30\x38\x34\x2e\x36\
\x30\x33\x2e\x31\x38\x35\x2c\x31\x2e\x31\x35\x34\x2e\x37\x33\x36\
\x2c\x31\x2e\x35\x31\x2e\x30\x30\x33\x2c\x30\x2c\x2e\x36\x38\x37\
\x2e\x33\x30\x39\x2c\x31\x2e\x34\x33\x35\x2e\x35\x39\x2e\x31\x38\
\x35\x2e\x30\x36\x39\x2e\x37\x38\x36\x2e\x33\x32\x39\x2e\x37\x30\
\x36\x2e\x37\x38\x38\x2d\x2e\x30\x35\x37\x2e\x33\x31\x35\x2d\x2e\
\x34\x31\x2e\x36\x34\x38\x2d\x2e\x39\x35\x33\x2e\x36\x34\x38\x2d\
\x2e\x35\x31\x34\x2c\x30\x2d\x31\x2e\x30\x30\x38\x2d\x2e\x32\x31\
\x32\x2d\x31\x2e\x33\x32\x33\x2d\x2e\x35\x36\x35\x2d\x2e\x31\x38\
\x39\x2d\x2e\x32\x31\x31\x2d\x2e\x35\x31\x33\x2d\x2e\x32\x32\x37\
\x2d\x2e\x37\x32\x32\x2d\x2e\x30\x33\x35\x6c\x2d\x2e\x30\x31\x2e\
\x30\x31\x63\x2d\x2e\x32\x30\x34\x2e\x31\x38\x38\x2d\x2e\x32\x31\
\x39\x2e\x35\x30\x34\x2d\x2e\x30\x33\x34\x2e\x37\x31\x6c\x2e\x30\
\x31\x2e\x30\x31\x32\x63\x2e\x35\x31\x34\x2e\x35\x37\x35\x2c\x31\
\x2e\x32\x37\x32\x2e\x39\x30\x36\x2c\x32\x2e\x30\x37\x39\x2e\x39\
\x30\x36\x2e\x39\x38\x32\x2c\x30\x2c\x31\x2e\x38\x30\x36\x2d\x2e\
\x36\x33\x32\x2c\x31\x2e\x39\x35\x39\x2d\x31\x2e\x35\x30\x32\x2e\
\x31\x31\x35\x2d\x2e\x36\x35\x31\x2d\x2e\x31\x38\x32\x2d\x31\x2e\
\x35\x30\x34\x2d\x31\x2e\x33\x35\x36\x2d\x31\x2e\x39\x34\x35\x5a\
\x6d\x35\x2e\x35\x39\x33\x2d\x32\x2e\x35\x35\x32\x63\x2d\x2e\x32\
\x33\x39\x2c\x30\x2d\x2e\x34\x34\x35\x2e\x31\x36\x38\x2d\x2e\x34\
\x39\x33\x2e\x34\x30\x31\x6c\x2d\x2e\x37\x39\x37\x2c\x33\x2e\x38\
\x35\x35\x2d\x2e\x39\x31\x38\x2d\x33\x2e\x38\x36\x39\x63\x2d\x2e\
\x30\x35\x34\x2d\x2e\x32\x32\x37\x2d\x2e\x32\x35\x37\x2d\x2e\x33\
\x38\x37\x2d\x2e\x34\x39\x2d\x2e\x33\x38\x37\x2d\x2e\x33\x32\x38\
\x2c\x30\x2d\x2e\x36\x31\x38\x2e\x33\x30\x38\x2d\x2e\x35\x33\x37\
\x2e\x36\x32\x36\x6c\x31\x2e\x32\x30\x34\x2c\x34\x2e\x37\x38\x63\
\x2e\x30\x38\x38\x2e\x33\x34\x39\x2e\x34\x30\x32\x2e\x35\x39\x33\
\x2e\x37\x36\x31\x2e\x35\x39\x33\x2e\x33\x37\x32\x2c\x30\x2c\x2e\
\x36\x39\x33\x2d\x2e\x32\x36\x31\x2e\x37\x36\x38\x2d\x2e\x36\x32\
\x35\x6c\x2e\x39\x39\x35\x2d\x34\x2e\x37\x36\x39\x63\x2e\x30\x36\
\x35\x2d\x2e\x33\x31\x33\x2d\x2e\x31\x37\x33\x2d\x2e\x36\x30\x36\
\x2d\x2e\x34\x39\x33\x2d\x2e\x36\x30\x36\x5a\x6d\x33\x2e\x36\x30\
\x37\x2d\x33\x2e\x30\x31\x35\x76\x39\x2e\x35\x31\x35\x63\x30\x2c\
\x32\x2e\x34\x38\x31\x2d\x32\x2e\x30\x31\x39\x2c\x34\x2e\x35\x2d\
\x34\x2e\x35\x2c\x34\x2e\x35\x48\x36\x2e\x35\x63\x2d\x32\x2e\x34\
\x38\x31\x2c\x30\x2d\x34\x2e\x35\x2d\x32\x2e\x30\x31\x39\x2d\x34\
\x2e\x35\x2d\x34\x2e\x35\x56\x34\x2e\x35\x43\x32\x2c\x32\x2e\x30\
\x31\x39\x2c\x34\x2e\x30\x31\x39\x2c\x30\x2c\x36\x2e\x35\x2c\x30\
\x68\x35\x2e\x35\x31\x35\x63\x31\x2e\x37\x33\x36\x2c\x30\x2c\x33\
\x2e\x33\x36\x39\x2e\x36\x37\x37\x2c\x34\x2e\x35\x39\x37\x2c\x31\
\x2e\x39\x30\x34\x6c\x33\x2e\x34\x38\x34\x2c\x33\x2e\x34\x38\x34\
\x63\x31\x2e\x32\x32\x38\x2c\x31\x2e\x32\x32\x38\x2c\x31\x2e\x39\
\x30\x34\x2c\x32\x2e\x38\x36\x2c\x31\x2e\x39\x30\x34\x2c\x34\x2e\
\x35\x39\x37\x5a\x6d\x2d\x38\x2d\x33\x2e\x34\x38\x35\x63\x30\x2c\
\x2e\x38\x32\x37\x2e\x36\x37\x33\x2c\x31\x2e\x35\x2c\x31\x2e\x35\
\x2c\x31\x2e\x35\x68\x35\x2e\x31\x33\x32\x63\x2d\x2e\x32\x37\x33\
\x2d\x2e\x37\x30\x36\x2d\x2e\x36\x39\x33\x2d\x31\x2e\x33\x35\x33\
\x2d\x31\x2e\x32\x34\x34\x2d\x31\x2e\x39\x30\x34\x6c\x2d\x33\x2e\
\x34\x38\x34\x2d\x33\x2e\x34\x38\x34\x63\x2d\x2e\x35\x35\x31\x2d\
\x2e\x35\x35\x31\x2d\x31\x2e\x31\x39\x39\x2d\x2e\x39\x37\x31\x2d\
\x31\x2e\x39\x30\x34\x2d\x31\x2e\x32\x34\x34\x76\x35\x2e\x31\x33\
\x32\x5a\x6d\x37\x2c\x33\x2e\x34\x38\x35\x63\x30\x2d\x2e\x33\x33\
\x34\x2d\x2e\x30\x33\x2d\x2e\x36\x36\x33\x2d\x2e\x30\x38\x38\x2d\
\x2e\x39\x38\x35\x68\x2d\x35\x2e\x34\x31\x32\x63\x2d\x31\x2e\x33\
\x37\x39\x2c\x30\x2d\x32\x2e\x35\x2d\x31\x2e\x31\x32\x31\x2d\x32\
\x2e\x35\x2d\x32\x2e\x35\x56\x31\x2e\x30\x38\x38\x63\x2d\x2e\x33\
\x32\x32\x2d\x2e\x30\x35\x38\x2d\x2e\x36\x35\x31\x2d\x2e\x30\x38\
\x38\x2d\x2e\x39\x38\x35\x2d\x2e\x30\x38\x38\x68\x2d\x35\x2e\x35\
\x31\x35\x63\x2d\x31\x2e\x39\x33\x2c\x30\x2d\x33\x2e\x35\x2c\x31\
\x2e\x35\x37\x2d\x33\x2e\x35\x2c\x33\x2e\x35\x76\x31\x35\x63\x30\
\x2c\x31\x2e\x39\x33\x2c\x31\x2e\x35\x37\x2c\x33\x2e\x35\x2c\x33\
\x2e\x35\x2c\x33\x2e\x35\x68\x31\x31\x63\x31\x2e\x39\x33\x2c\x30\
\x2c\x33\x2e\x35\x2d\x31\x2e\x35\x37\x2c\x33\x2e\x35\x2d\x33\x2e\
\x35\x76\x2d\x39\x2e\x35\x31\x35\x5a\x22\x2f\x3e\x3c\x2f\x73\x76\
\x67\x3e\x0a\
\x00\x00\x01\xc7\
\x3c\
\x73\x76\x67\x20\x78\x6d\x6c\x6e\x73\x3d\x22\x68\x74\x74\x70\x3a\
\x2f\x2f\x77\x77\x77\x2e\x77\x33\x2e\x6f\x72\x67\x2f\x32\x30\x30\
\x30\x2f\x73\x76\x67\x22\x20\x66\x69\x6c\x6c\x3d\x22\x6e\x6f\x6e\
\x65\x22\x20\x76\x69\x65\x77\x42\x6f\x78\x3d\x22\x30\x20\x30\x20\
\x32\x34\x20\x32\x34\x22\x20\x73\x74\x72\x6f\x6b\x65\x2d\x77\x69\
\x64\x74\x68\x3d\x22\x31\x2e\x35\x22\x20\x73\x74\x72\x6f\x6b\x65\
\x3d\x22\x63\x75\x72\x72\x65\x6e\x74\x43\x6f\x6c\x6f\x72\x22\x20\
\x63\x6c\x61\x73\x73\x3d\x22\x73\x69\x7a\x65\x2d\x36\x22\x3e\x0a\
\x20\x20\x3c\x70\x61\x74\x68\x20\x73\x74\x72\x6f\x6b\x65\x2d\x6c\
\x69\x6e\x65\x63\x61\x70\x3d\x22\x72\x6f\x75\x6e\x64\x22\x20\x73\
\x74\x72\x6f\x6b\x65\x2d\x6c\x69\x6e\x65\x6a\x6f\x69\x6e\x3d\x22\
\x72\x6f\x75\x6e\x64\x22\x20\x64\x3d\x22\x6d\x31\x36\x2e\x38\x36\
\x32\x20\x34\x2e\x34\x38\x37\x20\x31\x2e\x36\x38\x37\x2d\x31\x2e\
\x36\x38\x38\x61\x31\x2e\x38\x37\x35\x20\x31\x2e\x38\x37\x35\x20\
\x30\x20\x31\x20\x31\x20\x32\x2e\x36\x35\x32\x20\x32\x2e\x36\x35\
\x32\x4c\x31\x30\x2e\x35\x38\x32\x20\x31\x36\x2e\x30\x37\x61\x34\
\x2e\x35\x20\x34\x2e\x35\x20\x30\x20\x30\x20\x31\x2d\x31\x2e\x38\
\x39\x37\x20\x31\x2e\x31\x33\x4c\x36\x20\x31\x38\x6c\x2e\x38\x2d\
\x32\x2e\x36\x38\x35\x61\x34\x2e\x35\x20\x34\x2e\x35\x20\x30\x20\
\x30\x20\x31\x20\x31\x2e\x31\x33\x2d\x31\x2e\x38\x39\x37\x6c\x38\
\x2e\x39\x33\x32\x2d\x38\x2e\x39\x33\x31\x5a\x6d\x30\x20\x30\x4c\
\x31\x39\x2e\x35\x20\x37\x2e\x31\x32\x35\x4d\x31\x38\x20\x31\x34\
\x76\x34\x2e\x37\x35\x41\x32\x2e\x32\x35\x20\x32\x2e\x32\x35\x20\
\x30\x20\x30\x20\x31\x20\x31\x35\x2e\x37\x35\x20\x32\x31\x48\x35\
\x2e\x32\x35\x41\x32\x2e\x32\x35\x20\x32\x2e\x32\x35\x20\x30\x20\
\x30\x20\x31\x20\x33\x20\x31\x38\x2e\x37\x35\x56\x38\x2e\x32\x35\
\x41\x32\x2e\x32\x35\x20\x32\x2e\x32\x35\x20\x30\x20\x30\x20\x31\
\x20\x35\x2e\x32\x35\x20\x36\x48\x31\x30\x22\x20\x2f\x3e\x0a\x3c\
\x2f\x73\x76\x67\x3e\x0a\
\x00\x00\x02\xd0\
\x3c\
\x73\x76\x67\x20\x78\x6d\x6c\x6e\x73\x3d\x22\x68\x74\x74\x70\x3a\
\x2f\x2f\x77\x77\x77\x2e\x77\x33\x2e\x6f\x72\x67\x2f\x32\x30\x30\
\x30\x2f\x73\x76\x67\x22\x20\x66\x69\x6c\x6c\x3d\x22\x6e\x6f\x6e\
\x65\x22\x20\x76\x69\x65\x77\x42\x6f\x78\x3d\x22\x30\x20\x30\x20\
\x32\x34\x20\x32\x34\x22\x20\x73\x74\x72\x6f\x6b\x65\x2d\x77\x69\
\x64\x74\x68\x3d\x22\x31\x2e\x35\x22\x20\x73\x74\x72\x6f\x6b\x65\
\x3d\x22\x63\x75\x72\x72\x65\x6e\x74\x43\x6f\x6c\x6f\x72\x22\x20\
\x63\x6c\x61\x73\x73\x3d\x22\x73\x69\x7a\x65\x2d\x36\x22\x3e\x0a\
\x20\x20\x3c\x70\x61\x74\x68\x20\x73\x74\x72\x6f\x6b\x65\x2d\x6c\
\x69\x6e\x65\x63\x61\x70\x3d\x22\x72\x6f\x75\x6e\x64\x22\x20\x73\
\x74\x72\x6f\x6b\x65\x2d\x6c\x69\x6e\x65\x6a\x6f\x69\x6e\x3d\x22\
\x72\x6f\x75\x6e\x64\x22\x20\x64\x3d\x22\x4d\x31\x31\x2e\x34\x32\
\x20\x31\x35\x2e\x31\x37\x20\x31\x37\x2e\x32\x35\x20\x32\x31\x41\
\x32\x2e\x36\x35\x32\x20\x32\x2e\x36\x35\x32\x20\x30\x20\x30\x20\
\x30\x20\x32\x31\x20\x31\x37\x2e\x32\x35\x6c\x2d\x35\x2e\x38\x37\
\x37\x2d\x35\x2e\x38\x37\x37\x4d\x31\x31\x2e\x34\x32\x20\x31\x35\
\x2e\x31\x37\x6c\x32\x2e\x34\x39\x36\x2d\x33\x2e\x30\x33\x63\x2e\
\x33\x31\x37\x2d\x2e\x33\x38\x34\x2e\x37\x34\x2d\x2e\x36\x32\x36\
\x20\x31\x2e\x32\x30\x38\x2d\x2e\x37\x36\x36\x4d\x31\x31\x2e\x34\
\x32\x20\x31\x35\x2e\x31\x37\x6c\x2d\x34\x2e\x36\x35\x35\x20\x35\
\x2e\x36\x35\x33\x61\x32\x2e\x35\x34\x38\x20\x32\x2e\x35\x34\x38\
\x20\x30\x20\x31\x20\x31\x2d\x33\x2e\x35\x38\x36\x2d\x33\x2e\x35\
\x38\x36\x6c\x36\x2e\x38\x33\x37\x2d\x35\x2e\x36\x33\x6d\x35\x2e\
\x31\x30\x38\x2d\x2e\x32\x33\x33\x63\x2e\x35\x35\x2d\x2e\x31\x36\
\x34\x20\x31\x2e\x31\x36\x33\x2d\x2e\x31\x38\x38\x20\x31\x2e\x37\
\x34\x33\x2d\x2e\x31\x34\x61\x34\x2e\x35\x20\x34\x2e\x35\x20\x30\
\x20\x30\x20\x30\x20\x34\x2e\x34\x38\x36\x2d\x36\x2e\x33\x33\x36\
\x6c\x2d\x33\x2e\x32\x37\x36\x20\x33\x2e\x32\x37\x37\x61\x33\x2e\
\x30\x30\x34\x20\x33\x2e\x30\x30\x34\x20\x30\x20\x30\x20\x31\x2d\
\x32\x2e\x32\x35\x2d\x32\x2e\x32\x35\x6c\x33\x2e\x32\x37\x36\x2d\
\x33\x2e\x32\x37\x36\x61\x34\x2e\x35\x20\x34\x2e\x35\x20\x30\x20\
\x30\x20\x30\x2d\x36\x2e\x33\x33\x36\x20\x34\x2e\x34\x38\x36\x63\
\x2e\x30\x39\x31\x20\x31\x2e\x30\x37\x36\x2d\x2e\x30\x37\x31\x20\
\x32\x2e\x32\x36\x34\x2d\x2e\x39\x30\x34\x20\x32\x2e\x39\x35\x6c\
\x2d\x2e\x31\x30\x32\x2e\x30\x38\x35\x6d\x2d\x31\x2e\x37\x34\x35\
\x20\x31\x2e\x34\x33\x37\x4c\x35\x2e\x39\x30\x39\x20\x37\x2e\x35\
\x48\x34\x2e\x35\x4c\x32\x2e\x32\x35\x20\x33\x2e\x37\x35\x6c\x31\
\x2e\x35\x2d\x31\x2e\x35\x4c\x37\x2e\x35\x20\x34\x2e\x35\x76\x31\
\x2e\x34\x30\x39\x6c\x34\x2e\x32\x36\x20\x34\x2e\x32\x36\x6d\x2d\
\x31\x2e\x37\x34\x35\x20\x31\x2e\x34\x33\x37\x20\x31\x2e\x37\x34\
\x35\x2d\x31\x2e\x34\x33\x37\x6d\x36\x2e\x36\x31\x35\x20\x38\x2e\
\x32\x30\x36\x4c\x31\x35\x2e\x37\x35\x20\x31\x35\x2e\x37\x35\x4d\
\x34\x2e\x38\x36\x37\x20\x31\x39\x2e\x31\x32\x35\x68\x2e\x30\x30\
\x38\x76\x2e\x30\x30\x38\x68\x2d\x2e\x30\x30\x38\x76\x2d\x2e\x30\
\x30\x38\x5a\x22\x20\x2f\x3e\x0a\x3c\x2f\x73\x76\x67\x3e\x0a\
\x00\x00\x03\xb4\
\x3c\
\x3f\x78\x6d\x6c\x20\x76\x65\x72\x73\x69\x6f\x6e\x3d\x22\x31\x2e\
\x30\x22\x20\x65\x6e\x63\x6f\x64\x69\x6e\x67\x3d\x22\x75\x74\x66\
\x2d\x38\x22\x3f\x3e\x0a\x3c\x21\x2d\x2d\x20\x4c\x69\x63\x65\x6e\
\x73\x65\x3a\x20\x41\x70\x61\x63\x68\x65\x2e\x20\x4d\x61\x64\x65\
\x20\x62\x79\x20\x49\x63\x6f\x6e\x73\x63\x6f\x75\x74\x3a\x20\x68\
\x74\x74\x70\x73\x3a\x2f\x2f\x67\x69\x74\x68\x75\x62\x2e\x63\x6f\
\x6d\x2f\x49\x63\x6f\x6e\x73\x63\x6f\x75\x74\x2f\x75\x6e\x69\x63\
\x6f\x6e\x73\x20\x2d\x2d\x3e\x0a\x3c\x73\x76\x67\x20\x66\x69\x6c\
\x6c\x3d\x22\x23\x30\x30\x30\x30\x30\x30\x22\x20\x77\x69\x64\x74\
\x68\x3d\x22\x38\x30\x30\x70\x78\x22\x20\x68\x65\x69\x67\x68\x74\
\x3d\x22\x38\x30\x30\x70\x78\x22\x20\x76\x69\x65\x77\x42\x6f\x78\
\x3d\x22\x30\x20\x30\x20\x32\x34\x20\x32\x34\x22\x20\x78\x6d\x6c\
\x6e\x73\x3d\x22\x68\x74\x74\x70\x3a\x2f\x2f\x77\x77\x77\x2e\x77\
\x33\x2e\x6f\x72\x67\x2f\x32\x30\x30\x30\x2f\x73\x76\x67\x22\x20\
\x64\x61\x74\x61\x2d\x6e\x61\x6d\x65\x3d\x22\x4c\x61\x79\x65\x72\
\x20\x31\x22\x3e\x3c\x70\x61\x74\x68\x20\x64\x3d\x22\x4d\x31\x35\
\x2e\x33\x33\x32\x35\x32\x2c\x39\x2e\x35\x41\x33\x2e\x35\x30\x30\
\x31\x2c\x33\x2e\x35\x30\x30\x31\x2c\x30\x2c\x30\x2c\x30\x2c\x38\
\x2e\x38\x30\x31\x32\x37\x2c\x37\x2e\x37\x35\x61\x31\x2e\x30\x30\
\x30\x31\x36\x2c\x31\x2e\x30\x30\x30\x31\x36\x2c\x30\x2c\x30\x2c\
\x30\x2c\x31\x2e\x37\x33\x32\x34\x32\x2c\x31\x41\x31\x2e\x35\x30\
\x32\x36\x36\x2c\x31\x2e\x35\x30\x32\x36\x36\x2c\x30\x2c\x30\x2c\
\x31\x2c\x31\x31\x2e\x38\x33\x32\x35\x32\x2c\x38\x61\x31\x2e\x35\
\x2c\x31\x2e\x35\x2c\x30\x2c\x31\x2c\x31\x2c\x30\x2c\x33\x68\x2d\
\x2e\x30\x30\x32\x34\x34\x61\x2e\x39\x34\x39\x38\x34\x2e\x39\x34\
\x39\x38\x34\x2c\x30\x2c\x30\x2c\x30\x2d\x2e\x31\x38\x39\x32\x37\
\x2e\x30\x33\x38\x37\x2c\x31\x2e\x30\x33\x31\x38\x31\x2c\x31\x2e\
\x30\x33\x31\x38\x31\x2c\x30\x2c\x30\x2c\x30\x2d\x2e\x31\x39\x38\
\x36\x31\x2e\x30\x34\x30\x36\x35\x2e\x39\x38\x32\x37\x35\x2e\x39\
\x38\x32\x37\x35\x2c\x30\x2c\x30\x2c\x30\x2d\x2e\x31\x35\x35\x35\
\x32\x2e\x31\x30\x34\x38\x35\x2c\x31\x2e\x30\x30\x38\x31\x33\x2c\
\x31\x2e\x30\x30\x38\x31\x33\x2c\x30\x2c\x30\x2c\x30\x2d\x2e\x31\
\x36\x32\x2e\x31\x30\x39\x37\x35\x2c\x31\x2e\x30\x30\x34\x36\x34\
\x2c\x31\x2e\x30\x30\x34\x36\x34\x2c\x30\x2c\x30\x2c\x30\x2d\x2e\
\x31\x31\x37\x30\x36\x2e\x31\x37\x33\x37\x2e\x39\x37\x37\x38\x39\
\x2e\x39\x37\x37\x38\x39\x2c\x30\x2c\x30\x2c\x30\x2d\x2e\x30\x39\
\x36\x36\x38\x2e\x31\x34\x34\x31\x37\x2c\x31\x2e\x30\x32\x32\x35\
\x32\x2c\x31\x2e\x30\x32\x32\x35\x32\x2c\x30\x2c\x30\x2c\x30\x2d\
\x2e\x30\x34\x32\x38\x35\x2e\x32\x31\x31\x39\x31\x41\x2e\x39\x34\
\x38\x34\x37\x2e\x39\x34\x38\x34\x37\x2c\x30\x2c\x30\x2c\x30\x2c\
\x31\x30\x2e\x38\x33\x32\x35\x32\x2c\x31\x32\x76\x31\x6c\x2e\x30\
\x30\x32\x33\x32\x2e\x30\x31\x31\x33\x35\x2e\x30\x30\x31\x31\x2e\
\x34\x39\x31\x30\x39\x61\x31\x2e\x30\x30\x30\x31\x36\x2c\x31\x2e\
\x30\x30\x30\x31\x36\x2c\x30\x2c\x30\x2c\x30\x2c\x31\x2c\x2e\x39\
\x39\x37\x35\x36\x68\x2e\x30\x30\x32\x34\x34\x61\x31\x2e\x30\x30\
\x30\x30\x36\x2c\x31\x2e\x30\x30\x30\x30\x36\x2c\x30\x2c\x30\x2c\
\x30\x2c\x2e\x39\x39\x37\x35\x36\x2d\x31\x2e\x30\x30\x32\x34\x34\
\x6c\x2d\x2e\x30\x30\x31\x35\x33\x2d\x2e\x36\x36\x31\x33\x38\x41\
\x33\x2e\x34\x39\x33\x36\x33\x2c\x33\x2e\x34\x39\x33\x36\x33\x2c\
\x30\x2c\x30\x2c\x30\x2c\x31\x35\x2e\x33\x33\x32\x35\x32\x2c\x39\
\x2e\x35\x5a\x6d\x2d\x34\x2e\x32\x30\x32\x36\x34\x2c\x36\x2e\x37\
\x39\x41\x31\x2c\x31\x2c\x30\x2c\x30\x2c\x30\x2c\x31\x31\x2e\x38\
\x32\x39\x35\x39\x2c\x31\x38\x61\x31\x2e\x30\x33\x36\x2c\x31\x2e\
\x30\x33\x36\x2c\x30\x2c\x30\x2c\x30\x2c\x2e\x37\x31\x30\x34\x35\
\x2d\x2e\x32\x39\x2c\x31\x2e\x30\x31\x35\x31\x37\x2c\x31\x2e\x30\
\x31\x35\x31\x37\x2c\x30\x2c\x30\x2c\x30\x2c\x30\x2d\x31\x2e\x34\
\x31\x39\x39\x32\x41\x31\x2e\x30\x33\x34\x32\x35\x2c\x31\x2e\x30\
\x33\x34\x32\x35\x2c\x30\x2c\x30\x2c\x30\x2c\x31\x31\x2e\x31\x32\
\x39\x38\x38\x2c\x31\x36\x2e\x32\x39\x5a\x22\x2f\x3e\x3c\x2f\x73\
\x76\x67\x3e\
\x00\x00\xff\x01\
\x89\
\x50\x4e\x47\x0d\x0a\x1a\x0a\x00\x00\x00\x0d\x49\x48\x44\x52\x00\
\x00\x02\x00\x00\x00\x02\x5b\x08\x06\x00\x00\x00\x92\x31\x2c\xce\
\x00\x00\x00\x04\x67\x41\x4d\x41\x00\x00\xb1\x8f\x0b\xfc\x61\x05\
\x00\x00\x00\x20\x63\x48\x52\x4d\x00\x00\x7a\x26\x00\x00\x80\x84\
\x00\x00\xfa\x00\x00\x00\x80\xe8\x00\x00\x75\x30\x00\x00\xea\x60\
\x00\x00\x3a\x98\x00\x00\x17\x70\x9c\xba\x51\x3c\x00\x00\x00\x06\
\x62\x4b\x47\x44\x00\xff\x00\xff\x00\xff\xa0\xbd\xa7\x93\x00\x00\
\x00\x07\x74\x49\x4d\x45\x07\xe9\x09\x0b\x07\x11\x06\x98\x7b\x95\
\x3a\x00\x00\x80\x00\x49\x44\x41\x54\x78\xda\xec\x9d\x65\x98\x54\
\x65\x1b\x80\xef\xc9\x9d\xed\x65\x59\xba\xbb\xbb\x04\x11\x90\x6e\
\x91\x92\x56\x1a\x95\x12\x50\x54\x44\xc0\x20\x04\x04\x04\xa4\x91\
\x96\xfa\x14\x01\x41\x40\x90\xee\xee\xee\x5a\x62\x73\xba\xce\xf7\
\x63\x96\xb3\x33\xec\x2e\xdb\xe4\x7b\x5f\x17\x17\x67\x4e\xcf\xbb\
\x67\xce\xf3\xbc\x4f\x2a\x00\x09\x81\x40\x20\x10\x08\x04\x6f\x14\
\x4a\x31\x04\x02\x81\x40\x20\x10\x08\x05\x40\x20\x10\x08\x04\x02\
\x81\x50\x00\x04\x02\x81\x40\x20\x10\x08\x05\x40\x20\x10\x08\x04\
\x02\x81\x50\x00\x04\x02\x81\x40\x20\x10\x08\x05\x40\x20\x10\x08\
\x04\x02\xc1\x2b\x82\xfa\x59\x1b\xf3\xaa\x54\x54\x52\x6b\xc5\x28\
\x09\x04\x02\x81\x40\xf0\x8a\x71\xc8\x6e\xe5\xba\xc3\x91\x32\x05\
\xa0\xac\x5a\xc3\x48\x5f\x7f\x31\x8a\x02\x81\x40\x20\x10\xbc\x62\
\x0c\x33\x44\x3d\x53\x01\x10\x2e\x00\x81\x40\x20\x10\x08\xde\x40\
\x84\x02\x20\x10\x08\x04\x02\x81\x50\x00\x04\x02\x81\x40\x20\x10\
\x08\x05\x40\x20\x10\x08\x04\x02\x81\x50\x00\x04\x02\x81\x40\x20\
\x10\x08\x05\x40\x20\x10\x08\x04\x02\x81\x50\x00\x04\x02\x81\x40\
\x20\x10\x08\x05\x40\x20\x10\x08\x04\x02\x81\x50\x00\x04\x02\x81\
\x40\x20\x10\x08\x05\x40\x20\x10\x08\x04\x02\x81\x50\x00\x04\x02\
\x81\x40\x20\x10\x08\x05\x40\x20\x10\x08\x04\x02\x81\x50\x00\x04\
\x02\x81\x40\x20\x10\x08\x05\x40\x20\x10\x08\x04\x02\x81\x50\x00\
\x04\x02\x81\x40\x20\x10\x08\x05\x40\x20\x10\x08\x04\x02\x81\x50\
\x00\x04\x02\x81\x40\x20\x10\x08\x05\x40\x20\x10\x08\x04\x02\x81\
\x50\x00\x04\x02\x81\x40\x20\x10\x0a\x80\x40\x20\x10\x08\x04\x02\
\xa1\x00\x08\x04\x02\x81\x40\x20\x10\x0a\x80\x40\x20\x10\x08\x04\
\x02\xa1\x00\x08\x04\x02\x81\x40\x20\x78\x75\x51\x8b\x21\x10\x08\
\x04\x82\xf8\xb1\x03\x37\x1d\x76\x6e\x3a\x1d\x84\x39\x25\xc2\x24\
\x27\x51\x4e\xa7\xbc\x5d\xa7\x50\x90\x41\xa9\x24\x93\x42\x49\x2e\
\x95\x8a\x22\x2a\xf1\x4a\x15\x08\x05\x40\x20\x10\x08\x5e\x39\x1e\
\x38\x9d\xec\xb7\x59\x39\x6a\xb7\x71\xdc\x6e\xe3\x9a\xc3\x8e\x3d\
\x19\xc7\x7f\xeb\xeb\xcf\x07\x5e\xde\x62\x20\x05\x42\x01\x10\x08\
\x04\x82\x97\x9d\xc7\x4e\x27\x6b\xac\x66\x36\x5b\x2d\x9c\xb1\xdb\
\x90\x52\x71\xae\x4b\x0e\xbb\x18\x50\x81\x50\x00\x04\x02\x81\xc0\
\x1d\x2b\x12\x77\x1c\x4e\xee\x38\x1d\xdc\x75\x3a\x88\x96\x24\xcc\
\x92\x84\x45\x92\x50\x29\x14\x74\xf4\xf2\x26\x44\xf9\xfc\xc2\x92\
\x0e\xd9\xac\xac\xb0\x98\xf9\xd7\x6a\x21\x21\xb1\xaf\xd3\xe9\x28\
\x5a\xb4\x28\xc5\x8a\x15\x23\x4b\x96\x2c\x64\xcc\x98\x91\x0d\x1b\
\x36\xb0\x6f\xdf\xbe\x38\xfb\xd6\xd4\x68\xe9\xa3\xf3\x4d\xb7\xfb\
\x75\x00\xa1\x4e\x07\x77\x9d\x4e\xd4\x80\x06\x05\x00\x3e\x0a\x05\
\x39\x54\x4a\xb4\x31\x9f\x5f\x24\x4e\xe0\xb8\xdd\x46\x6e\xa5\xea\
\xb9\xfe\x2d\x05\x42\x01\x10\x08\x04\x2f\x11\xf7\x9d\x0e\xf6\xd9\
\x5c\xa6\xf4\x13\x76\x1b\x57\x1c\x76\x9c\xcf\xd8\xff\xb6\xc3\xc1\
\x78\xbf\x80\x74\xbd\x27\x09\xd8\x62\xb5\x30\xdd\x64\xe0\x72\x3c\
\xb3\x75\x7f\x7f\x7f\x1a\x34\x68\x40\xad\x5a\xb5\x78\xe7\x9d\x77\
\x28\x51\xa2\x04\x2a\x95\x0a\x80\xfd\xfb\xf7\xd3\xbf\x7f\x7f\x0e\
\x1d\x3a\xe4\x71\x4c\x19\xb5\x86\xcf\x7c\xfc\xa8\xa4\xd6\xa4\xe9\
\x7d\x5e\x72\xd8\xd9\x6f\xb3\x72\xd0\x6e\xe3\xaa\xc3\xce\x5d\x87\
\x33\x41\x45\x45\x01\xe4\x57\xa9\x29\xa7\xd6\x50\x47\xeb\x45\x35\
\x8d\xf6\x85\xbc\xdc\x47\x19\xa2\x59\x6d\x31\x11\xac\x50\xf2\x4f\
\x50\x46\x7c\x15\x0a\xf1\x43\x10\x0a\x80\x40\x20\x78\x13\x78\xe8\
\x74\xb2\xce\x6a\x66\x8b\xd5\xc2\xa9\x64\x9a\xd3\x83\x95\xe9\x2b\
\x2c\xf6\xd9\xac\x4c\x32\xe9\x39\x63\xf7\x14\xfc\x2a\x95\x8a\xa6\
\x4d\x9b\xd2\xb3\x67\x4f\xea\xd6\xad\x8b\x97\x97\x97\xc7\xf6\x3b\
\x77\xee\xf0\xe5\x97\x5f\xb2\x74\xe9\x52\x24\x29\xf6\x1b\xe5\x53\
\xa9\x18\xe8\xed\x47\x1d\xad\x57\x9a\xcd\xbd\x4f\xdb\x6d\xfc\xcf\
\x62\xe6\x5f\x9b\x85\x30\xa7\x33\x59\x0a\xc3\x15\x87\x9d\x2b\x0e\
\x3b\xab\x2d\x26\x32\x29\x95\x74\xd6\xf9\xd0\x59\xe7\xfd\xdc\x2c\
\x03\xbf\x9b\x4d\xac\xb6\x98\x00\x08\x93\x9c\x3c\x70\x3a\xc9\x17\
\xa3\x3c\x09\x84\x02\x20\x10\x08\x5e\x53\x8e\xdb\x6d\x2c\x35\x9b\
\xd8\x6c\x35\x27\x18\x34\xe7\xef\xef\x8f\x4e\xa7\xe3\xe1\xc3\x87\
\x1e\xeb\xb5\x28\xe8\xe9\xed\x43\x2f\xef\xf4\x31\x9f\x3f\x70\x3a\
\xf9\xde\x18\xcd\x36\xab\xc5\x63\x7d\xb6\x6c\xd9\xe8\xd1\xa3\x07\
\x3d\x7b\xf6\x24\x57\xae\x5c\x71\x8e\x73\x3a\x9d\xfc\xfa\xeb\xaf\
\x0c\x1b\x36\x8c\xa8\xa8\xa8\xd8\xef\xa1\x50\xf0\x89\xb7\x2f\x1d\
\x74\x3e\x69\xf2\x02\xb5\x22\xf1\x87\xc5\xcc\x4a\xb3\x89\x0b\xcf\
\x88\x21\xd0\xe9\x74\xe4\xcf\x9f\x9f\xfc\xf9\xf3\xa3\xd1\x68\x88\
\x8e\x8e\x06\xe0\xf1\xe3\xc7\x5c\xb9\x72\xc5\xe3\x1e\x1f\x3a\x9d\
\xfc\x6c\xd4\x13\xea\x74\xf0\xb5\x8f\x7f\xba\xff\xfd\x57\x5b\x4c\
\x8c\x36\x46\xc7\x2a\x55\x40\x36\xe1\x02\x10\x0a\x80\x40\x20\x78\
\x7d\xb9\xe8\xb0\x33\xd9\xa8\x67\x87\xcd\x1a\xaf\xc0\x6f\xdc\xb8\
\x31\xef\xbe\xfb\x2e\x55\xab\x56\x65\xdf\xbe\x7d\x0c\x19\x32\xc4\
\x63\x9f\x72\x6a\x0d\xdf\xf9\xfa\x93\x3f\x9d\xd2\xe7\xfe\xb4\x98\
\x19\x67\x8c\x26\xda\x6d\xe6\x1e\x1c\x1c\xcc\x97\x5f\x7e\x49\xdf\
\xbe\x7d\xf1\xf6\x8e\x3f\x62\xff\xd4\xa9\x53\xf4\xea\xd5\x8b\xfd\
\xfb\xf7\xcb\xeb\x94\x40\x2b\x2f\x6f\xfa\xfb\xf8\x12\xac\x48\xbd\
\x70\x73\x00\xeb\x2d\x66\xa6\x99\x0c\xdc\x75\x3a\xe2\x6c\x2f\x5c\
\xb8\x30\xb5\x6b\xd7\xa6\x76\xed\xda\x54\xad\x5a\x95\x9c\x39\x73\
\xc6\xaf\xe0\x3c\x78\xc0\xe4\xc9\x93\x99\x38\x71\x22\x56\xab\xe7\
\xdf\xc1\x22\xa5\xff\x33\x30\xdf\x6c\xe4\x67\xa3\xde\xc3\xda\x53\
\x44\xad\x46\x27\xcc\xff\x42\x01\x10\x08\x04\xaf\x1f\x7a\x49\x62\
\xb2\x51\xcf\x0a\x8b\xc9\xc3\xaf\xaf\x52\xa9\x68\xd6\xac\x19\xdd\
\xba\x75\xa3\x5e\xbd\x7a\xf2\x8c\xbf\x67\xcf\x9e\xfc\xf5\xd7\x5f\
\xf2\x7e\x3e\x0a\x05\x83\x7d\xfc\x68\xeb\xe5\x9d\x2e\xd5\xc8\xcc\
\x92\xc4\xf7\xc6\x68\xd6\x58\xcc\xf2\x3a\x8d\x46\xc3\xe0\xc1\x83\
\x19\x3a\x74\x28\x41\x41\x41\xf1\x1f\x67\x36\xf3\xfd\xf7\xdf\x33\
\x7e\xfc\x78\x6c\x36\x9b\xbc\xbe\x8c\x5a\xc3\x70\x5f\x7f\x8a\xa5\
\x91\xa2\x72\xd2\x6e\xe3\x5b\x43\x74\x9c\xac\x81\x90\x90\x10\x3a\
\x77\xee\x4c\x8f\x1e\x3d\x28\x5e\xbc\xf8\x33\xcf\x71\xe3\xc6\x0d\
\x26\x4c\x98\xc0\xfc\xf9\xf3\x31\x1a\x8d\x1e\xdb\x32\x28\x94\xb4\
\xd6\xe9\xe8\x95\x8e\x41\x89\x56\x24\xbe\x33\x44\xf3\xa7\xdb\x18\
\xbb\x8f\x97\x40\x28\x00\x02\x81\xe0\x35\x63\x8f\xcd\xca\x70\x43\
\x14\xa1\xee\x05\x71\x74\x3a\xfa\xf4\xe9\xc3\x80\x01\x03\xc8\x9b\
\x37\xaf\xbc\x7e\xdf\xbe\x7d\xb4\x69\xd3\x86\x3b\x77\xee\x78\x08\
\x87\xb1\xbe\x01\xe4\x4e\x27\xff\xf0\x35\x87\x83\xcf\xf5\x91\x9c\
\x73\x13\xae\x15\x2a\x54\x60\xfe\xfc\xf9\x94\x2e\x5d\x3a\xc1\xe3\
\x0e\x1d\x3a\x44\xa7\x4e\x9d\xb8\x78\xf1\xa2\xbc\xce\x4f\xa1\x60\
\x80\xb7\x1f\xed\x74\x69\xa3\xa8\x38\x80\xd9\x26\x03\x33\x4c\x06\
\xdc\xe7\xfc\xf9\xf3\xe7\x67\xe4\xc8\x91\xb4\x6d\xdb\x36\x4e\x0c\
\xc2\xd3\xdc\xbb\x77\x8f\xef\xbf\xff\x9e\xb9\x73\xe7\x7a\x28\x29\
\x00\x25\xd4\x6a\x3a\x78\xf9\xd0\x48\xeb\x85\x57\x3a\xce\xc0\x6f\
\x3b\x1d\x0c\xd6\x47\x71\xda\x6e\x8b\x77\x7b\x35\xb5\x56\xfc\x50\
\x84\x02\x20\x10\x08\x5e\x17\x1c\xc0\xaf\x26\x03\xb3\x4d\x06\x79\
\xd6\xaf\x50\x28\xe8\xdc\xb9\x33\xdf\x7f\xff\x3d\xb9\x73\xe7\xf6\
\xd8\x7f\xc6\x8c\x19\x0c\x1c\x38\x50\x36\x4b\xab\x80\x8f\xbd\x7d\
\xe9\xe5\xed\x4b\x7a\x85\x86\xad\xb6\x98\x18\x6b\xd4\x63\x8a\x31\
\xf9\x2b\x14\x0a\xbe\xf8\xe2\x0b\x7e\xf8\xe1\x07\xd4\xea\xf8\x5f\
\x77\x0e\x87\x83\x9f\x7e\xfa\x89\x11\x23\x46\x78\x08\xd4\xda\x5a\
\x2f\xbe\xf1\xf1\x27\x4b\x1a\xf9\xb2\x6f\x3b\x1d\x0c\xd5\x47\x71\
\xdc\x4d\x68\x66\xc9\x92\x85\xe1\xc3\x87\xd3\xb3\x67\x4f\xb4\xda\
\x67\x0b\xcd\x88\x88\x08\xc6\x8f\x1f\xcf\x94\x29\x53\x30\x18\x0c\
\x9e\x02\x57\xa3\xa5\xa7\xce\x87\xca\x9a\xf4\x17\xbc\x9b\xad\x16\
\xbe\x35\x44\x79\xb8\x55\x1a\x34\x68\xc0\xa6\x4d\x9b\x00\x57\x8c\
\x44\x75\xad\x50\x00\x84\x02\x20\x10\x08\x5e\x0b\xcc\x92\xc4\x67\
\xfa\x48\x76\xba\xf9\xfa\x0b\x14\x28\xc0\xac\x59\xb3\xa8\x53\xa7\
\x8e\xc7\xbe\x26\x93\x89\x8f\x3f\xfe\x98\x85\x0b\x17\xca\xeb\xb2\
\x29\x55\xfc\xec\x17\x40\xe9\x74\x32\x0d\x47\x4a\x4e\x46\x18\xa2\
\xd9\xe2\x16\xe8\x17\x18\x18\xc8\x82\x05\x0b\x68\xd1\xa2\x45\x82\
\xc7\xdd\xba\x75\x8b\xce\x9d\x3b\xb3\x63\xc7\x0e\x79\x5d\x88\x52\
\xc9\x70\x1f\x7f\xea\x6a\xbd\xd2\xec\xfe\xfe\xb2\x98\x19\x6d\x8c\
\x46\xef\x26\x34\xdf\x7f\xff\x7d\x66\xcf\x9e\x4d\x48\x48\xc8\xb3\
\x15\x2f\x87\x83\x5f\x7f\xfd\x95\x91\x23\x47\x12\x16\x16\x26\xaf\
\x57\x00\x75\xb4\x5e\xf4\xd2\xf9\x52\x42\x9d\xfe\xaf\xf2\x47\x4e\
\x27\x3f\x1a\xa3\xd9\xec\x36\xc6\xfe\xfe\xfe\xcc\x9a\x35\x8b\xcd\
\x9b\x37\xcb\xeb\x9a\x7a\xe9\x5e\x8a\x9a\x04\x02\xa1\x00\x08\x04\
\x82\x54\x12\x25\x49\x7c\x12\x1d\xc1\x31\xb7\x99\x6b\xfb\xf6\xed\
\x99\x3d\x7b\x36\x7e\x7e\x7e\x1e\xfb\xde\xbc\x79\x93\xf7\xdf\x7f\
\x9f\xa3\x47\x8f\xca\xeb\xde\xd2\x68\x99\xe0\x17\x40\x06\x45\xfa\
\x44\x85\x1f\xb2\x59\x19\xfa\x94\x4b\xa2\x5a\xb5\x6a\x2c\x5d\xba\
\xd4\xc3\x1d\xf1\x34\x2b\x57\xae\xa4\x4f\x9f\x3e\x84\x87\x87\xcb\
\xeb\x6a\x69\xbc\xf8\xde\xcf\x3f\x4d\x82\xfc\x9e\x8c\xdd\x48\x43\
\x14\x9b\xdc\x84\xa6\x9f\x9f\x1f\x93\x27\x4f\xa6\x7b\xf7\xee\x89\
\x1e\x7f\xe4\xc8\x11\xfa\xf4\xe9\xc3\xe1\xc3\x87\x3d\xd6\xbf\xa5\
\xd1\x32\xd0\xdb\x97\x52\xcf\xc1\xd7\x2e\x01\x6b\x2c\x66\x7e\x32\
\x46\x13\xe5\xa6\xc0\x94\x29\x53\x86\x15\x2b\x56\xa0\x52\xa9\xf8\
\xe8\xa3\x8f\x00\x57\xa0\x64\x27\x2f\x1f\xf1\xa3\x11\x0a\x80\x40\
\x20\x48\x2f\x9e\x34\xa9\x89\x92\x24\xa2\x24\x09\xbd\xe4\x24\x93\
\x52\x95\xa6\xc5\x68\xc0\x95\x4e\xd6\x2b\x3a\x82\x8b\x31\xfe\x74\
\xa5\x52\xc9\xcf\x3f\xff\xcc\x80\x01\x03\xe2\xec\x7b\xec\xd8\x31\
\x9a\x36\x6d\xca\xdd\xbb\x77\xe5\x19\x6a\x37\x9d\x0f\x03\x7c\xfc\
\xd2\xc5\xe4\x6f\x07\xa6\x99\xf4\xcc\x33\x19\x65\x97\x84\x4a\xa5\
\xe2\x9b\x6f\xbe\xe1\x9b\x6f\xbe\x49\xd0\xe4\x6f\xb3\xd9\x18\x3c\
\x78\x30\x53\xa7\x4e\x95\xd7\xe9\x14\x0a\x3e\xf7\xf1\xe3\x03\x2f\
\xef\x34\x9b\xbb\xae\xb7\x9a\x19\x6f\xd4\xf3\xc8\x4d\x31\xa9\x5c\
\xb9\x32\x4b\x96\x2c\xa1\x50\xa1\x42\xcf\x56\x1c\xa2\xa2\x18\x3e\
\x7c\x38\xd3\xa7\x4f\xc7\xe1\x88\x8d\x16\x28\xa1\x56\x33\xd0\xdb\
\x8f\x6a\x9a\xe7\x63\x62\xbf\xed\x74\x30\xca\x10\xcd\x5e\x37\xcb\
\x8f\x5a\xad\x66\xc8\x90\x21\x8c\x18\x31\x02\x9d\x4e\xc7\x07\x1f\
\x7c\x20\xbb\x79\x6a\x6b\xbd\xc8\x2b\x72\xff\x85\x02\x20\x10\x08\
\xd2\x8e\x30\xa7\x93\xed\x36\x2b\x47\xed\x56\x2e\x38\xec\x5c\xb2\
\x3b\xe2\xad\x0a\x37\xd3\x3f\x88\x77\xd2\x48\x38\x84\x3a\x9d\x74\
\x89\x0a\xe7\x76\x4c\x8a\x9a\x56\xab\x65\xe1\xc2\x85\xb4\x6b\xd7\
\x2e\xce\xbe\xff\xfc\xf3\x0f\x6d\xda\xb4\x41\xaf\xd7\x03\xe0\xab\
\x50\xf0\xa3\x6f\x00\xf5\xd2\xd0\x8c\xee\xce\x35\x87\x83\x2f\x0d\
\x9e\x41\x68\x79\xf3\xe6\x65\xc9\x92\x25\xbc\xfd\xf6\xdb\x09\x2b\
\x34\x0f\x1f\xd2\xb6\x6d\x5b\xb6\x6f\xdf\x2e\xaf\x2b\xaa\x52\xf3\
\x93\x5f\x00\x05\xd2\x28\xc2\xff\x9a\xc3\xc1\xf7\xc6\x68\x0e\xb8\
\x09\x4d\x95\x4a\xc5\x57\x5f\x7d\xc5\x88\x11\x23\x12\x54\x4c\x9e\
\xb0\x7d\xfb\x76\x3a\x77\xee\xcc\xed\xdb\xb7\xe5\x75\x01\x0a\x05\
\x9f\xf9\xf8\xd1\x3a\x9d\xb2\x26\x9e\xc6\x2c\x49\x2c\x36\x9b\x98\
\x65\x36\xc8\xf1\x14\x00\xe5\xcb\x97\x67\xee\xdc\xb9\x94\x2b\x57\
\x0e\x80\xff\xfe\xfb\x8f\x55\xab\x56\xb9\xbe\x23\x30\xd0\xdb\x4f\
\xfc\x58\x85\x02\x20\x10\x08\x52\x4b\x94\x24\xb1\xc6\x62\x62\x93\
\xd5\xc2\x49\xbb\x8d\xa4\xd4\x85\x8b\x96\x9c\x69\x72\xed\x68\x49\
\xa2\x77\x74\x84\x2c\xfc\x7d\x7d\x7d\x59\xbd\x7a\x35\x0d\x1b\x36\
\x8c\xb3\xef\x1f\x7f\xfc\x41\xfb\xf6\xed\xe5\x59\x60\x16\xa5\x92\
\x19\xfe\x41\xe9\xd2\x1a\xd7\x09\x2c\x31\x1b\x99\x62\x32\x60\x76\
\x13\x4c\xed\xda\xb5\x63\xe6\xcc\x99\x04\x06\x06\x26\x78\xec\xd5\
\xab\x57\x69\xd0\xa0\x01\x97\x2f\x5f\x8e\x3d\xce\xcb\x9b\xa1\xbe\
\x7e\x69\xe2\xb3\x36\x4b\x12\x73\xcc\x46\xe6\x9b\x8c\x58\xdd\x94\
\xb3\x62\xc5\x8a\x31\x67\xce\x9c\x67\x2a\x26\xe0\x2a\x3c\x34\x72\
\xe4\x48\x46\x8f\x1e\xed\x31\xeb\x6f\xaa\xd5\xf1\x85\x8f\x1f\x19\
\x9f\x43\x61\x1d\x27\xb0\xd6\x62\xe6\x17\x93\xde\xc3\xa5\xe2\xed\
\xed\xcd\x88\x11\x23\x18\x3c\x78\xb0\xac\xc0\xe8\xf5\x7a\xba\x77\
\xef\x2e\x57\x47\x6c\xeb\xe5\x9d\xa2\xca\x7f\x7b\x6d\x56\x56\x58\
\x4c\xe4\x56\xaa\x18\xe4\xe3\x27\xa2\x07\x84\x02\x20\x10\xbc\xb9\
\x5c\x74\xd8\x59\x6a\x36\xb1\xde\x6a\xf6\x10\x72\xee\x78\x79\x79\
\x91\x21\x43\x06\xee\xdf\xbf\x2f\xaf\x6b\xa8\xf5\xa2\xa1\x56\x97\
\xea\xeb\x5b\x91\xe8\xa7\x8f\x94\x73\xd4\xfd\xfc\xfc\xd8\xb4\x69\
\x13\xd5\xaa\x55\x8b\xb3\xef\xef\xbf\xff\x4e\x97\x2e\x5d\xb0\xc7\
\x94\xd7\x2d\xac\x52\x33\xd3\x3f\x28\xcd\x22\xe7\xdd\xb9\xed\x74\
\x30\x4c\x1f\xc5\x61\xb7\x59\x7f\x40\x40\x00\x53\xa7\x4e\xa5\x4b\
\x97\x2e\xcf\x3c\xf6\xe4\xc9\x93\x34\x6c\xd8\x90\x7b\xf7\xee\x01\
\xae\x46\x3a\xdf\xf8\xba\x66\xd4\xa9\x45\x02\xfe\xb1\x9a\x99\x6c\
\x34\xc8\x0a\x13\x80\x8f\x8f\x0f\xc3\x86\x0d\x63\xc8\x90\x21\x89\
\x46\xf8\x47\x47\x47\xd3\xa1\x43\x07\xd6\xaf\x5f\x2f\xaf\xcb\xa1\
\x54\x31\xca\xd7\x9f\xaa\xcf\xc9\xdc\xbf\xd7\x66\x65\x82\x51\x1f\
\xa7\x1a\x61\xcd\x9a\x35\x99\x33\x67\x4e\x1c\xb7\xc5\xe0\xc1\x83\
\xb9\x76\xed\x1a\x00\x59\x95\x4a\x06\xf8\x24\x6f\xf6\x7f\xd2\x6e\
\x63\xb2\xc9\xe0\x61\x29\xa9\xa3\xf5\xa2\xac\xa8\x21\x20\x14\x00\
\x81\xe0\x4d\xe3\xa6\xc3\xc1\x54\x93\x81\x7f\xac\xe6\x38\xb3\x7d\
\x5f\x5f\x5f\xea\xd5\xab\x47\xd3\xa6\x4d\xa9\x5c\xb9\x32\x85\x0a\
\x15\xa2\x6a\xd5\xaa\xb2\x02\x50\x42\xad\x66\x8c\x5f\x40\xaa\xcd\
\xc3\x12\x30\x4c\x1f\xcd\xa1\x98\x97\xb2\x46\xa3\x61\xd5\xaa\x55\
\xf1\x0a\xff\x35\x6b\xd6\x78\x08\xff\x52\x6a\x0d\xb3\xfd\x83\x08\
\x48\xe3\xfc\x73\x09\x58\x65\x31\x31\xde\xa8\xc7\xe8\xa6\x10\xd5\
\xae\x5d\x9b\xf9\xf3\xe7\x93\x27\x4f\x9e\x67\x1e\x7f\xfa\xf4\x69\
\x6a\xd7\xae\xcd\xe3\xc7\x8f\x01\x57\x9a\xda\x34\xff\x20\x2a\xa6\
\x81\xa0\x39\x6c\xb7\x31\xc1\xa8\xe7\xd4\x53\xf9\xf0\x4d\x9a\x34\
\x61\xea\xd4\xa9\xe4\xcb\x97\x2f\xd1\x73\x84\x86\x86\x52\xbf\x7e\
\x7d\x4e\x9e\x3c\x29\xaf\x6b\xa0\xf5\x62\x94\x6f\x00\xfe\xcf\xa1\
\x9a\xde\x79\x87\x9d\x89\x46\xbd\x87\x9f\x1f\xa0\x50\xa1\x42\x8c\
\x19\x33\x86\x56\xad\x5a\xc5\x39\x66\xce\x9c\x39\xcc\x9e\x3d\x1b\
\x70\xc5\x7a\x24\xe7\x5e\xcf\xda\xed\xcc\x34\x1b\xd8\x66\xb5\x78\
\x38\xb1\x82\x95\x4a\x11\x3f\x20\x14\x00\x81\xe0\xcd\xc2\x20\x49\
\x4c\x31\xe9\x59\x61\x36\x79\xd4\xd1\x57\x28\x14\xd4\xa9\x53\x87\
\x8f\x3f\xfe\x98\x46\x8d\x1a\x79\x94\xad\x9d\x3d\x7b\x36\xc7\x8f\
\x1f\x07\x20\x50\xa1\x64\xb2\x5f\x60\x9a\x98\xb1\x67\x99\x0c\x6c\
\xb0\x9a\xe5\xeb\xcf\x9e\x3d\x3b\x5e\xb3\xff\x7f\xff\xfd\x47\xfb\
\xf6\xed\x65\xe1\x5f\x41\xad\xe1\x57\xff\x20\xfc\xd2\x58\x60\x85\
\x3a\x9d\x0c\x37\x44\xb1\xc7\x4d\x38\xf9\xf8\xf8\x30\x6e\xdc\x38\
\x3e\xfd\xf4\x53\x14\x89\x5c\xef\x89\xd9\xff\x89\xf0\xcf\xa4\x54\
\x32\xdb\x3f\x88\xc2\xa9\x74\x4f\x5c\x75\xd8\xf9\xd9\x64\xe0\xbf\
\xa7\xfa\x0b\xe4\xc9\x93\x87\x49\x93\x26\xf1\xfe\xfb\xef\x27\xe9\
\x3c\xf7\xef\xdf\xa7\x76\xed\xda\x9c\x3b\x77\x0e\x70\xf9\xd1\x07\
\xfb\xf8\xf1\xa1\x2e\xfd\x23\xe9\x8f\xdb\x6d\xcc\x36\x19\xd9\x69\
\xf3\x14\xc4\x21\x21\x21\x7c\xfb\xed\xb7\xf4\xe9\xd3\x07\x8d\x26\
\xae\x92\xb4\x7b\xf7\x6e\xfa\xf6\xed\x2b\x7f\xee\xa0\xf3\xa6\x7a\
\x22\x56\x0a\x8b\x24\xf1\x8f\xd5\xc2\x72\x8b\x89\x93\xf1\x14\x0f\
\xf2\x57\x28\x98\xe9\x17\x44\x90\x42\xf4\x0f\x10\x0a\x80\x40\xf0\
\x86\xb0\xdd\x66\xe1\x7b\x43\x34\xf7\xdd\xfc\xad\x6a\xb5\x9a\x0f\
\x3f\xfc\x90\x21\x43\x86\x50\xb4\x68\xd1\x78\x8f\x9b\x36\x6d\x9a\
\xbc\x3c\xc8\xc7\x97\xec\xca\xd4\xcf\x9c\x76\xda\xac\x4c\x37\xc5\
\x16\x98\x19\x35\x6a\x94\x9c\xde\xe5\xce\x85\x0b\x17\x68\xd1\xa2\
\x05\x66\xb3\x59\xb6\x3e\xcc\xf0\x0f\x4a\xd3\xd6\xaf\x12\xb0\xd2\
\x62\x62\x92\x51\xef\x51\x70\xa6\x5a\xb5\x6a\x2c\x58\xb0\x20\xd1\
\x28\x7a\x00\x83\xc1\xe0\x91\x95\x10\xa2\x54\xb2\xd0\x3f\x03\x79\
\x52\x31\xcb\xbc\xef\x74\x30\xcb\x64\xe4\x7f\x16\x93\x47\x25\xbf\
\xa0\xa0\x20\xbe\xfe\xfa\x6b\xfa\xf5\xeb\x87\x4e\x97\x34\x37\x8c\
\xc1\x60\xa0\x41\x83\x06\xb2\xf0\xd7\x29\x14\xfc\xec\x17\x48\xcd\
\x74\x36\xf9\xef\xb1\x59\x99\x63\x32\x70\xe8\x29\x41\xec\xed\xed\
\xcd\x80\x01\x03\xf8\xf2\xcb\x2f\x13\x8c\xa5\x38\x71\xe2\x04\x2d\
\x5a\xb4\x90\xe3\x3d\x2a\x6b\xb4\x0c\x7d\x46\xb3\xa1\xb3\x76\x3b\
\xeb\xad\x66\xd6\x58\xcc\x44\x26\x10\x9f\xe2\xaf\x50\x30\xc7\x3f\
\xe8\xb9\xd4\x32\x10\x08\x05\x40\x20\x78\xe1\x98\x24\x89\xd1\xc6\
\x68\xfe\x78\xaa\x8e\x7a\xeb\xd6\xad\xf9\xe1\x87\x1f\x28\x52\xa4\
\x48\x82\xc7\x5e\xba\x74\x89\x53\xa7\x4e\xc9\x42\xed\xfd\x34\xf0\
\x63\xdf\x74\x38\xf8\x42\x1f\x29\xbb\x1e\xda\xb4\x69\xc3\x37\xdf\
\x7c\x13\x67\xbf\xe8\xe8\x68\xde\x7f\xff\x7d\xb9\xf3\x5c\x7e\x95\
\x9a\x59\x69\x2c\xfc\xaf\x3a\xec\x8c\x30\x44\x73\xd4\x4d\x40\x79\
\x79\x79\x31\x6a\xd4\x28\x86\x0c\x19\x82\x2a\x89\x02\xbc\x5f\xbf\
\x7e\xb2\x70\x0d\x88\x11\x32\x29\x15\xfe\xb7\x9d\x0e\xe6\x9a\x8c\
\xac\xb1\x98\x3d\xb2\x2f\xb4\x5a\x2d\x9f\x7c\xf2\x09\xdf\x7c\xf3\
\x0d\x19\x33\x66\x4c\xd6\x39\x7b\xf4\xe8\x21\x9b\xfd\xbd\x15\x0a\
\x7e\xf5\x0b\x4c\xb7\x4a\x7e\x56\x24\xfe\xb1\x58\x58\x62\x31\xc6\
\x69\x87\xec\xe5\xe5\xc5\x87\x1f\x7e\xc8\x37\xdf\x7c\x13\x6f\x57\
\xc4\x27\x9c\x39\x73\x86\x7a\xf5\xea\xc9\xd6\x94\x9c\x31\xc5\x9d\
\x9e\x1e\xd1\xd3\x76\x1b\x9b\xad\x16\x36\x59\x2d\x1e\x31\x11\xf1\
\x11\xa4\x50\x32\xc7\x3f\x88\xe2\x42\xf8\x0b\x05\x40\x20\x78\x13\
\xb8\xe8\xb0\x33\x58\x1f\xc5\x55\xb7\x60\xab\xfc\xf9\xf3\x33\x73\
\xe6\x4c\xea\xd5\xab\x97\xb8\xb0\xbe\x79\x53\x5e\xae\xac\xd6\xa6\
\x3a\xc7\xde\x28\x49\xf4\xd7\x47\xca\x33\xed\x92\x25\x4b\x32\x7f\
\xfe\xfc\x78\xcd\xeb\x3d\x7b\xf6\x94\x85\x6a\xa0\x42\xc9\x0c\xff\
\xc0\x34\x2b\xf0\x63\x45\x62\x8e\xc9\xc8\xdc\xa7\xa2\xe8\x2b\x55\
\xaa\xc4\xfc\xf9\xf3\x29\x59\xb2\x64\x92\xcf\xb5\x65\xcb\x16\x7e\
\xfb\xed\x37\xc0\xe5\xa3\xfe\xc9\x2f\x30\x45\x66\xff\x1b\x0e\x07\
\xb3\xcd\x06\xd6\x5b\xcc\x71\xdc\x33\x6d\xda\xb4\x61\xcc\x98\x31\
\xe4\xcf\x9f\x3f\xd9\xe7\xfd\xdf\xff\xfe\xc7\xf2\xe5\xcb\x01\x57\
\xf1\x9c\x09\x7e\x01\xe9\x22\xfc\x43\x9d\x4e\x56\x5a\x4c\xac\xb4\
\x98\x08\x73\x7a\xce\xc0\xfd\xfc\xfc\xe8\xd5\xab\x17\x83\x07\x0f\
\x26\x7b\xf6\xec\xcf\x3c\xcf\xa9\x53\xa7\xa8\x57\xaf\x9e\xdc\xca\
\x39\xb3\xd2\x25\xb8\x33\x28\x94\x44\x49\x12\xfb\x6d\x56\xf6\xc4\
\xfc\xbb\x97\x88\xd0\x7f\x42\x16\xa5\x92\x99\x69\xe0\x8e\x11\x08\
\x05\x40\x20\x78\x25\xd8\x66\xb5\x30\xd4\x10\x25\x07\xb3\x29\x14\
\x0a\xfa\xf7\xef\xcf\xe8\xd1\xa3\xf1\xf1\x49\x9a\xdf\xd7\xee\x36\
\x83\x0b\x4f\x65\xda\x9f\x04\x0c\x37\x44\xc9\x11\xff\x41\x41\x41\
\xfc\xf1\xc7\x1f\x71\x2a\xfc\x3d\x11\x5a\x2b\x56\xac\x00\x5c\xbe\
\xea\xf1\x7e\x01\xe4\x54\xa6\x4d\xd0\xd6\x51\xbb\x8d\x11\x86\x68\
\x0f\xa5\xc8\xcf\xcf\x8f\xef\xbf\xff\x9e\x7e\xfd\xfa\x25\x79\xd6\
\xff\x84\x91\x23\x47\xca\xcb\x9d\x75\x3e\xc9\xae\x8d\x70\xc9\x61\
\x67\x8e\xc9\xc8\x3f\x56\xb3\x87\xa9\x5f\xa1\x50\xd0\xb4\x69\x53\
\x86\x0f\x1f\x4e\xa5\x4a\x95\x52\xf4\x5d\x2d\x16\x0b\x43\x87\x0e\
\x8d\x55\xaa\xbc\x7d\xa9\xa5\x49\xbb\x7a\x09\x12\x70\xc4\x6e\xe3\
\x77\xb3\x91\x7f\xad\x16\xec\x4f\x6d\x0f\x0e\x0e\xa6\x5f\xbf\x7e\
\xf4\xeb\xd7\x2f\x49\x56\x8b\x7f\xfe\xf9\x87\x0f\x3e\xf8\x40\xb6\
\xfa\x64\x50\x28\xe9\xa1\xf3\x65\x95\xc5\xc4\x11\xbb\x8d\xd3\x76\
\x1b\x09\x89\xfc\x9c\x39\x73\xd2\xac\x59\x33\x76\xef\xde\x2d\x5b\
\xad\x00\x8a\xab\xd5\x4c\xf3\x4b\x9f\x6c\x11\x81\x50\x00\x04\x82\
\x97\x8e\xdf\x62\xfa\xa6\x3f\x11\xd9\x21\x21\x21\xfc\xf6\xdb\x6f\
\x34\x6d\xda\x34\x59\xe7\xa9\x52\xa5\x0a\xbe\xbe\xbe\x18\x0c\x06\
\x0e\xda\xac\x3c\x70\x3a\xc9\x9c\xc2\x17\xe9\x7c\xb3\x91\x7f\x62\
\x02\xd9\x94\x4a\x65\x82\x55\xea\xc2\xc2\xc2\x3c\x02\xbf\xba\x79\
\xfb\xf0\x76\x1a\xcc\x58\xa3\x25\x89\x49\x46\x3d\x2b\x2d\x26\x8f\
\x40\xb4\xc6\x8d\x1b\xf3\xeb\xaf\xbf\x26\x1a\xe1\x1f\xaf\x32\x71\
\xf4\x28\x7b\xf7\xee\x05\x5c\xa6\xff\x4f\xbc\x93\xd6\x12\xd7\x01\
\xfc\x67\xb5\xb0\xcc\x62\xf2\x48\x4d\x7b\x32\x36\x2d\x5b\xb6\x64\
\xd8\xb0\x61\x94\x2d\x5b\x36\x55\xdf\x79\xd3\xa6\x4d\x5c\xb9\x72\
\x05\x70\xa5\xfa\xf5\x4e\xa3\x80\xbf\xdb\x4e\x07\xeb\x2c\x66\xfe\
\xb2\x98\xb9\x15\xcf\x2c\xbc\x54\xa9\x52\xf4\xed\xdb\x97\x8e\x1d\
\x3b\xe2\xeb\x9b\xb4\x31\xf9\xf5\xd7\x5f\x19\x30\x60\x80\xac\x74\
\x2a\x63\x94\xce\xd1\xc6\xe8\x04\x8f\xc9\x93\x27\x0f\xad\x5a\xb5\
\xa2\x75\xeb\xd6\x64\xca\x94\x89\x0e\x1d\x3a\x78\x08\xff\xba\x5a\
\x2f\xc6\xfa\x06\xe0\xad\x10\x19\xff\x42\x01\x10\x08\xde\x00\xa6\
\x9a\x0c\xcc\x74\x0b\xb0\x2b\x5b\xb6\x2c\x6b\xd7\xae\x7d\xa6\xcf\
\x35\x21\x82\x82\x82\x68\xd3\xa6\x0d\x0b\x16\x2c\xc0\x01\x6c\xb5\
\x59\x68\x9f\x82\x38\x80\x0d\x56\x33\x93\x8d\x7a\x8f\x59\x73\x93\
\x26\x4d\xe2\xdd\xf7\xe7\x9f\x7f\x96\x53\x0e\xf3\xa9\x54\x7c\x9c\
\xca\x3e\xf3\x12\xb0\xce\x62\xe6\x67\x93\x9e\x87\x6e\xa6\xe9\x2c\
\x59\xb2\x30\x69\xd2\x24\xda\xb7\x6f\x9f\xe2\x73\x1f\x3c\x78\x50\
\x5e\x6e\xee\xa5\x4b\x34\x3d\xed\x96\xd3\xc1\x1a\x8b\x99\x35\x16\
\x93\x47\x30\x26\xb8\x2a\xf8\x7d\xf0\xc1\x07\x0c\x1b\x36\x8c\xe2\
\xc5\x8b\xa7\xc9\xb3\xb0\x76\xed\x5a\x79\xb9\x93\xce\x3b\x55\x6d\
\x7b\xf5\x92\xc4\x26\xab\x99\xb5\x16\x33\x47\xec\x71\x6b\x43\xaa\
\xd5\x6a\xde\x7b\xef\x3d\xfa\xf6\xed\x4b\xad\x5a\xb5\x92\x7e\x5e\
\xbd\x9e\x81\x03\x07\x32\x6f\xde\x3c\x8f\xf5\xf1\xd9\x9b\x7c\x7c\
\x7c\xa8\x51\xa3\x06\xf5\xeb\xd7\xa7\x7e\xfd\xfa\x94\x28\x51\x02\
\x70\xf5\x5a\x68\xd4\xa8\x11\x91\x91\x91\xf2\xbe\xdd\x75\x3e\x0c\
\xf4\xf1\x43\xcc\xfb\x85\x02\x20\x10\xbc\x11\x4c\x34\xea\x99\x6f\
\x36\xca\x9f\x5b\xb4\x68\xc1\x92\x25\x4b\x92\x3c\x0b\x4b\xc8\x0a\
\xb0\x60\xc1\x02\x00\x1e\x38\x93\xef\x06\xd8\x6b\xb3\xf2\xb5\x3e\
\x5a\x7e\xa1\xb7\x68\xd1\x22\xde\xa0\x3f\x70\xd5\xa5\x9f\x3e\x7d\
\xba\xfc\xf9\x1b\x1f\xff\x54\x09\xad\x33\x76\x3b\xa3\x8d\xd1\x1e\
\x6d\x71\x15\x0a\x05\x1f\x7d\xf4\x11\x13\x26\x4c\x20\x38\x38\x38\
\x55\xe3\x7d\xf6\xec\x59\x79\xb9\xb8\x2a\xfe\x5c\xff\x9b\x0e\x07\
\xdb\x6c\x16\xb6\x5a\x2d\x1c\x8b\x47\x70\xfa\xfa\xfa\xd2\xb1\x63\
\x47\x86\x0c\x19\x92\xa4\x8c\x83\xe4\xf0\x24\x86\x02\x48\x91\x15\
\xe5\xbe\xd3\xc1\x0e\x9b\x95\xed\x56\x0b\x07\xec\x36\x2c\xf1\x14\
\x8b\xca\x95\x2b\x17\x5d\xba\x74\xa1\x77\xef\xde\xc9\x56\x32\x0f\
\x1e\x3c\x48\xa7\x4e\x9d\xb8\x74\xe9\x52\xbc\xdb\xb3\x67\xcf\x4e\
\x95\x2a\x55\xe4\x7f\x6f\xbd\xf5\x96\x47\xe6\x43\x58\x58\x18\xfd\
\xfb\xf7\x67\xe9\xd2\xa5\xb1\xe3\xa9\x50\xf0\xad\xaf\x3f\x4d\xd3\
\xa0\x50\x95\x40\x28\x00\x02\xc1\x4b\x8f\x04\x8c\x31\x46\xb3\xd4\
\x6c\x92\xd7\x75\xe9\xd2\x85\xf9\xf3\xe7\x27\xdb\xa7\xfd\x34\xee\
\x95\xe5\x12\xaa\x16\x98\x10\x47\xed\x36\x06\xe8\x23\xe5\x68\xf6\
\xb7\xdf\x7e\x9b\xa5\x4b\x97\x26\x98\x53\xbf\x70\xe1\x42\x22\x22\
\x22\x5c\x96\x0b\xb5\x86\xb7\x52\x68\xfa\x7f\xe0\x74\x32\xd5\xa4\
\x67\x8d\xc5\xb3\xd0\x51\xe1\xc2\x85\x99\x31\x63\x06\xb5\x6b\xd7\
\x4e\x93\x71\xcf\x90\x21\x83\xbc\xbc\xda\x62\xc2\x8a\x84\x12\x88\
\x90\x24\xce\xdb\xed\x9c\xb4\xdb\x12\x8c\x4e\x2f\x50\xa0\x00\x1f\
\x7f\xfc\x31\xdd\xba\x75\xf3\x38\x4f\x9a\x3e\x17\x6e\x7f\x2f\x4d\
\x12\x6a\x37\xd8\x90\x38\x63\xb7\xb3\x2b\x46\xe8\x9f\x77\xd8\xe3\
\xdd\xcf\xd7\xd7\x97\x56\xad\x5a\xd1\xa5\x4b\x17\xde\x7d\xf7\x5d\
\x94\xc9\x74\x0b\xd9\x6c\x36\xc6\x8d\x1b\xc7\xa8\x51\xa3\x3c\xe2\
\x4c\x72\xe6\xcc\x49\xdb\xb6\x6d\xa9\x56\xad\x1a\x55\xaa\x54\x21\
\x67\xce\x9c\x09\x9e\x63\xfd\xfa\xf5\xf4\xea\xd5\x4b\xae\xb8\x08\
\xae\x5e\x0b\x13\xfd\x02\x45\x91\x1f\xa1\x00\x08\x04\x6f\x0e\x63\
\x9f\x12\xfe\xbd\x7a\xf5\x62\xc6\x8c\x19\xc9\x7e\x31\xc7\xc7\xf5\
\xeb\xd7\xe5\xe5\xac\xc9\x38\xdf\x21\x9b\x95\x4f\xf4\x91\x72\x10\
\x62\xc9\x92\x25\x59\xb7\x6e\xdd\x33\x03\x10\x37\x6e\xdc\x18\xab\
\xc0\xa4\xc0\x5f\x1d\x2d\x49\xcc\x37\x1b\x59\x64\x36\x7a\x28\x2b\
\x01\x01\x01\x7c\xf3\xcd\x37\x0c\x18\x30\x20\xd1\x52\xb9\xc9\xa1\
\x6d\xdb\xb6\x8c\x1e\x3d\x1a\xbb\xdd\xce\x51\xbb\xcd\x23\x9d\x30\
\x21\xc1\xd9\xba\x75\x6b\xba\x76\xed\x4a\x8d\x1a\x35\x12\x2d\x2e\
\x94\x5a\xf2\xe6\xcd\xcb\xbe\x7d\xfb\x00\x18\xa8\x8f\xa4\xa3\xce\
\x9b\x42\x2a\x35\x01\x0a\x25\x06\x49\x22\x5c\x72\x72\xcb\xe9\xe0\
\x8a\xc3\xce\x39\xbb\x9d\xb3\x76\xbb\x47\x56\x84\x3b\x2a\x95\x8a\
\x5a\xb5\x6a\xd1\xb9\x73\x67\x5a\xb5\x6a\x15\x6f\xf0\x66\x52\xd8\
\xb2\x65\x0b\x03\x07\x0e\xf4\xb0\x9e\x64\xc9\x92\x85\x85\x0b\x17\
\xd2\xa0\x41\x83\x24\x3d\x8f\x83\x07\x0f\xe6\x8f\x3f\xfe\x90\xd7\
\x29\x71\x05\x60\x0e\xf0\xf6\x4d\x95\xc5\x48\x20\x14\x00\x81\xe0\
\x95\x62\xa1\xd9\xc8\x12\x37\xe1\xdf\xbf\x7f\x7f\x26\x4f\x9e\x9c\
\x66\xc2\x65\xf7\xee\xdd\xb1\x02\x25\x89\x69\x54\xfb\x6c\x56\xfa\
\xea\x23\x65\x21\x5c\xa8\x50\x21\x36\x6d\xda\xf4\xcc\x99\xae\xd9\
\x6c\x66\xc7\x8e\x1d\xf2\xcb\x22\x39\x26\x6b\xb3\x24\xb1\xd2\x62\
\x62\xb6\xc9\xe8\x91\xad\xa0\x50\x28\xf8\xf0\xc3\x0f\x19\x33\x66\
\x0c\x59\xb3\x66\x4d\xf3\xb1\x2f\x51\xa2\x04\x33\x67\xce\xa4\x5f\
\xbf\x7e\x98\x4c\xa6\x78\xf7\xc9\x92\x25\x0b\x4d\x9a\x34\xa1\x59\
\xb3\x66\xd4\xaf\x5f\x3f\xc9\x19\x18\x69\xc1\xa0\x41\x83\x58\xb5\
\x6a\x15\x76\xbb\x9d\x0b\x0e\x3b\xdf\x1a\xa2\x93\x75\x7c\x50\x50\
\x10\x0d\x1b\x36\xa4\x59\xb3\x66\x34\x6c\xd8\x30\x55\x2e\x93\xab\
\x57\xaf\x32\x78\xf0\x60\xd6\xac\x59\xe3\xb1\xfe\xbd\xf7\xde\x63\
\xce\x9c\x39\x64\xca\x94\xe9\x99\xc7\x1b\x8d\x46\xc6\x8d\x1b\xc7\
\xf8\xf1\xe3\x3d\xc6\x3a\x8f\x4a\xc5\x8f\xbe\x01\x94\x13\x75\xfd\
\x85\x02\x20\x10\xbc\x49\x6c\xb6\x5a\x98\xe0\x16\x5c\xd7\xb7\x6f\
\x5f\xa6\x4c\x99\x92\x66\xe7\x7f\xf0\xe0\x01\xbb\x76\xed\x02\xc0\
\x4b\xa1\xa0\x52\x12\x5e\xb2\x9b\xad\x16\xbe\x34\x44\xc9\xfe\xe2\
\x22\x45\x8a\xb0\x6d\xdb\xb6\x44\xf3\xbf\x6f\xdf\xbe\x8d\xd1\xe8\
\x8a\x5f\x28\xa2\x56\x27\xa9\xd4\xaf\x5e\x92\x58\x61\x31\xb1\xd0\
\x6c\xe4\xf1\x53\xf1\x09\xb5\x6b\xd7\x66\xdc\xb8\x71\x54\xac\x58\
\x31\x5d\xff\x06\xdd\xbb\x77\xa7\x49\x93\x26\x6c\xdf\xbe\x9d\xc3\
\x87\x0f\xa3\x56\xab\x09\x08\x08\xa0\x40\x81\x02\x54\xae\x5c\x39\
\x49\x35\xfa\xd3\x8b\x8a\x15\x2b\xb2\x65\xcb\x16\xda\xb7\x6f\xef\
\xd1\xcc\x29\x21\x34\x1a\x0d\xe5\xca\x95\xe3\x9d\x77\xde\xa1\x49\
\x93\x26\xbc\xf3\xce\x3b\x89\xb6\x14\x4e\x8c\xfb\xf7\xef\x33\x71\
\xe2\x44\xa6\x4d\x9b\x26\x57\x74\x04\xc8\x9a\x35\x2b\x63\xc7\x8e\
\xe5\xc3\x0f\x3f\x7c\xe6\xf1\x56\xab\x95\x39\x73\xe6\x30\x7a\xf4\
\x68\xb9\xd2\xe2\x13\x81\xd2\x59\xe7\x43\x5f\x6f\x5f\x74\x62\xd6\
\x2f\x14\x00\x81\xe0\x4d\xe2\x94\xdd\xc6\x97\x86\x28\xd9\xc7\xfd\
\xde\x7b\xef\x31\x79\xf2\xe4\x34\xbd\xc6\xe4\xc9\x93\x65\x1f\x6d\
\x55\xb5\x16\x9f\x44\x5e\xb4\x8b\xcc\x46\xc6\xbb\xa5\x1f\x16\x2f\
\x5e\x9c\xad\x5b\xb7\x26\x69\xf6\xfd\x44\xf8\x03\xf8\x27\x52\xf0\
\xe7\xb6\xd3\xc1\x6a\x8b\x89\xe5\x66\x93\x47\xf9\x5e\x80\x32\x65\
\xca\x30\x76\xec\xd8\x78\xfb\x0a\xa4\x17\x59\xb3\x66\xa5\x5d\xbb\
\x76\xb4\x6b\xd7\xee\xa5\x7b\x4e\x6a\xd5\xaa\xc5\xf9\xf3\xe7\xd9\
\xb0\x61\x03\x9b\x37\x6f\xe6\xfe\xfd\xfb\x84\x85\x85\xe1\xef\xef\
\x4f\x86\x0c\x19\xc8\x9d\x3b\x37\x45\x8b\x16\xa5\x44\x89\x12\x94\
\x2b\x57\xce\xa3\x0f\x44\x6a\xb8\x79\xf3\x26\xe3\xc7\x8f\x67\xee\
\xdc\xb9\x1e\x82\x5f\xab\xd5\xd2\xbf\x7f\x7f\x86\x0f\x1f\x4e\x40\
\x40\x40\x82\xc7\xdb\x6c\x36\x16\x2e\x5c\xc8\xf7\xdf\x7f\xef\x51\
\x90\x0a\xa0\x9a\x46\xcb\xd7\x3e\xfe\x29\x6a\x09\x2c\x10\x0a\x80\
\x40\xf0\x4a\x13\x2d\x49\x0c\xd1\xc7\xce\xb2\x2b\x57\xae\xcc\xb2\
\x65\xcb\x52\x1d\xf0\xe7\xce\xe5\xcb\x97\x99\x3a\x75\xaa\xfc\xf9\
\x23\x5d\xc2\x82\xc1\x09\x4c\x30\xea\x59\xe8\x96\x81\x50\xb9\x72\
\x65\xd6\xaf\x5f\x9f\xa8\x69\xf7\x09\xee\xc1\x60\xb6\x78\x82\x0d\
\xa3\x25\x89\x5d\x36\x0b\x7f\x5a\xcc\xec\xb7\x59\xe3\xa4\x89\x95\
\x2c\x59\x92\xaf\xbe\xfa\x8a\x76\xed\xda\xa5\x49\xec\xc3\xeb\x44\
\x60\x60\x20\xed\xdb\xb7\x4f\x55\xca\x63\x52\x39\x7f\xfe\x3c\xe3\
\xc7\x8f\x67\xf1\xe2\xc5\xd8\x6c\x9e\x31\x11\x0d\x1b\x36\x64\xf2\
\xe4\xc9\xcf\x2c\x3f\x1d\x1a\x1a\xca\x9c\x39\x73\x98\x31\x63\x86\
\xc7\x8c\x1f\x5c\x69\xa1\x9f\x79\xfb\x51\x47\xeb\x25\xfe\xa8\x42\
\x01\x10\x08\xde\x4c\x46\x18\xa2\xe4\xe8\xf2\xec\xd9\xb3\xb3\x76\
\xed\xda\x14\xf9\x96\x1d\x0e\x47\xbc\x4a\x43\x54\x54\x14\x1d\x3a\
\x74\x40\xaf\x77\xb9\x17\x2a\x6b\xb4\x54\x4a\xc0\x27\x6f\x45\xe2\
\x6b\x7d\x34\x1b\xad\xb1\xb3\xbc\xa6\x4d\x9b\xb2\x7c\xf9\xf2\x64\
\xa5\x1f\x16\x2b\x56\x0c\xad\x56\x8b\xd5\x6a\xe5\x58\x4c\xb5\xbe\
\x5c\x2a\x15\x0f\x9c\x0e\x8e\xdb\x6d\x9c\xb7\xdb\xe3\xad\x02\x57\
\xb9\x72\x65\xbe\xfe\xfa\x6b\x9a\x37\x6f\x9e\xee\x41\x75\x82\xf8\
\x31\x99\x4c\xac\x5e\xbd\x9a\xb9\x73\xe7\xb2\x6b\xd7\x2e\x8f\xec\
\x83\x27\x82\x7f\xd8\xb0\x61\x54\xaf\x5e\x3d\xde\xe3\x25\x49\x62\
\xef\xde\xbd\xcc\x9a\x35\x8b\x95\x2b\x57\x62\xb1\x78\x76\x3e\xcc\
\xa5\x54\xf1\xb1\xb7\x2f\x4d\xbd\x74\x88\x39\xbf\x50\x00\x04\x82\
\xd7\x1a\x27\x10\xea\x74\x10\xe6\x94\x30\x4a\x4e\xec\xb8\xaa\xc7\
\x79\x01\x7b\xed\x56\x36\xc5\x54\xd4\x53\xa9\x54\x2c\x5b\xb6\x8c\
\x2c\x59\xb2\x24\xe9\xbc\x7b\xf7\xee\x65\xf5\xea\xd5\xec\xdc\xb9\
\x93\xeb\xd7\xaf\xcb\xcd\x56\x82\x83\x83\x29\x55\xaa\x14\x35\x6b\
\xd6\xa4\x6c\xd9\xb2\x7c\xff\xfd\xf7\x1c\x3b\x76\x0c\x00\x3f\x85\
\x82\xef\x7d\xfd\x13\xb4\x44\xf4\x8b\x8e\xf0\xe8\xf6\xd6\xab\x57\
\x2f\xa6\x4f\x9f\x9e\x6c\xdf\xb1\xb7\xb7\x37\x7d\xfa\xf4\xe1\x97\
\x5f\x7e\xc1\x89\x2b\xad\xee\x59\xfb\xb6\x6e\xdd\x9a\x1e\x3d\x7a\
\x50\xa3\x46\x8d\x14\x8f\xb3\xdd\x6e\xe7\xe0\xc1\x83\xec\xd8\xb1\
\x83\xd3\xa7\x4f\xf3\xf0\xe1\x43\x2c\x16\x0b\x19\x33\x66\xa4\x50\
\xa1\x42\xbc\xf5\xd6\x5b\xd4\xaf\x5f\x3f\x55\x75\x14\x5e\x67\x8e\
\x1d\x3b\xc6\xbc\x79\xf3\x58\xba\x74\xa9\x9c\xbe\xf9\x04\xa5\x52\
\xc9\x7b\xef\xbd\xc7\xb0\x61\xc3\xa8\x50\xa1\x42\xbc\xc7\x1f\x3d\
\x7a\x94\xe5\xcb\x97\xb3\x62\xc5\x8a\x38\x66\xfe\x27\x33\xfe\xae\
\x3a\x1f\xde\xf3\xf2\x16\x02\x44\x28\x00\x02\xc1\xeb\x49\x98\xe4\
\x64\x8f\xcd\xca\x4e\xab\x95\x73\x0e\x1b\x77\x1c\xce\x04\xd3\xb1\
\xdc\xc9\x90\x21\x03\xd3\xa7\x4f\xe7\xea\xd5\xab\x34\x69\xd2\x84\
\xcc\x99\x33\xc7\xbb\x5f\x64\x64\x24\xed\xda\xb5\xe3\x9f\x7f\xfe\
\x89\xff\xfa\x61\x61\xec\xd8\xb1\x43\x8e\xc2\x77\xff\xd1\xfe\xe8\
\x1b\x7f\x1d\xfe\x9b\x0e\x07\x7d\xf5\x91\x5c\x89\xc9\x15\x57\x28\
\x14\x7c\xf7\xdd\x77\x09\x16\xf9\x49\x0a\x63\xc6\x8c\x21\x2c\x2c\
\x8c\x25\x4b\x96\xc4\xd9\xe6\xe7\xe7\x47\xf5\xea\xd5\x69\xda\xb4\
\x29\x1d\x3b\x76\x24\x28\x28\x28\xe5\xe3\x1d\x16\xc6\xac\x59\xb3\
\x98\x36\x6d\x5a\x1c\x33\x73\x7c\xd7\xed\xd1\xa3\x07\x5f\x7c\xf1\
\x05\xd9\xb2\x65\x13\x42\xff\xd8\x31\xd6\xac\x59\xc3\x9f\x7f\xfe\
\xe9\x51\x76\xd7\x7d\xbc\x3e\xf8\xe0\x03\x3e\xfb\xec\x33\xb9\x52\
\xdf\x13\x1e\x3e\x7c\xc8\xf6\xed\xdb\xf9\xef\xbf\xff\xd8\xb2\x65\
\x0b\x97\x2f\x5f\x8e\x73\xbc\x12\x78\x47\xe3\x45\x27\x9d\x37\x55\
\x35\x5a\x84\x4d\xe7\xf5\x40\x01\x09\xbf\xd1\x5a\x78\xe9\xf8\xd1\
\x37\x40\x8c\x92\xe0\x8d\xe2\xba\xc3\xc1\x24\x93\x9e\x6d\x56\x0b\
\xce\x54\x9e\x4b\xa3\xd1\x30\x68\xd0\x20\xc6\x8c\x19\x23\x9b\xc2\
\xc3\xc2\xc2\x58\xba\x74\x29\x3f\xfd\xf4\x13\xb7\x6f\xdf\x8e\x73\
\x4c\x70\x70\x30\x92\x24\x11\x11\x11\x11\xc7\x6c\x0b\xae\xe6\x31\
\x03\xe3\xa9\x6f\xbf\xcf\x66\x65\xb0\x3e\x4a\xee\xbb\xae\xd1\x68\
\x98\x3d\x7b\x36\x1f\x7d\xf4\x51\x9a\x8c\xcb\xa5\x4b\x97\xd8\xb1\
\x63\x07\x8f\x1f\x3f\x26\x24\x24\x84\xe2\xc5\x8b\x53\xa9\x52\xa5\
\x54\x47\xa4\xdf\xbd\x7b\x97\x89\x13\x27\x32\x6b\xd6\x2c\x0c\x06\
\x43\xb2\x2d\x14\xdd\xba\x75\xe3\xe3\x8f\x3f\x8e\x23\xd8\xd2\xd4\
\xfa\xe3\x74\x72\xe1\xc2\x05\x0e\x1d\x3a\xc4\xe5\xcb\x97\x79\xf4\
\xe8\x11\x1a\x8d\x86\xec\xd9\xb3\x53\xa3\x46\x0d\xaa\x56\xad\xfa\
\x5c\x9f\x51\x87\xc3\xc1\xae\x5d\xbb\x58\xb3\x66\x0d\x6b\xd6\xac\
\xe1\xc6\x8d\x1b\xf1\xee\x57\xb9\x72\x65\x7a\xf4\xe8\x41\xbb\x76\
\xed\xf0\xf7\xf7\xe7\xfe\xfd\xfb\x9c\x3d\x7b\x96\x73\xe7\xce\x71\
\xfa\xf4\x69\x76\xef\xde\xcd\x99\x33\x67\xe2\x7d\xce\xc0\xd5\xf2\
\xb7\x91\x97\x17\xad\xbc\xbc\xc9\xa5\x14\x86\xfe\x57\x8d\x61\x86\
\x28\xd6\x3c\xd5\x72\x5c\x28\x00\x02\x41\x02\x0c\x8f\xf9\xc1\xc4\
\x27\xf8\xbd\xbc\xbc\xc8\x97\x2f\x1f\x39\x72\xe4\xc0\xcf\xcf\x4f\
\x2e\x5e\x63\xb5\x5a\x31\x18\x0c\xdc\xbf\x7f\x9f\x2b\x57\xae\xc4\
\x9b\x7b\xde\xa8\x51\x23\xf2\xe7\xcf\xcf\x85\x0b\x17\xd8\xb5\x6b\
\x97\x87\x3f\xd5\xdf\xdf\x9f\x4f\x3f\xfd\x94\x16\x2d\x5a\x50\xae\
\x5c\x39\xf9\xbc\x46\xa3\x91\xfd\xfb\xf7\xb3\x6c\xd9\x32\x16\x2d\
\x5a\x24\x07\x6f\xa9\x80\x6f\x7d\xfd\x69\xed\x56\xff\x7f\x71\x4c\
\xa4\xff\x13\x7f\x7c\x50\x50\x10\x2b\x56\xac\xa0\x7e\xfd\xfa\x2f\
\xed\x58\x1f\x38\x70\x80\x99\x33\x67\xf2\xfb\xef\xbf\xc7\xf1\x2f\
\xe7\x57\xa9\x79\x57\xa3\xa5\xac\x5a\x43\x66\xa5\x12\xad\x42\xc1\
\x23\xa7\x93\x73\x0e\x3b\xdb\xad\x96\x78\x8b\xfb\x54\xae\x5c\x99\
\xf7\xdf\x7f\x9f\xc6\x8d\x1b\x53\xb2\x64\xc9\x54\x05\x1d\x46\x44\
\x44\xb0\x7f\xff\x7e\x8f\x7f\xee\x35\xed\x9f\xa6\x48\x91\x22\x7c\
\xf3\xcd\x37\xb4\x6d\xdb\x36\x4d\x8b\x1a\xb9\x13\x1d\x1d\xcd\xa6\
\x4d\x9b\x58\xbf\x7e\x3d\x7f\xff\xfd\x37\x8f\x1e\x3d\x8a\x77\x3f\
\x1f\x1f\x1f\x4a\x96\x2c\x49\x81\x02\x05\x50\x2a\x95\x84\x85\x85\
\xf1\xf8\xf1\x63\x2e\x5f\xbe\x4c\x58\x58\x58\xa2\xd7\xc9\xac\x54\
\xd2\x40\xab\xa3\x91\xd6\x8b\xd2\x6a\x8d\x98\xed\x0b\x05\x40\x20\
\x78\xbd\x89\x96\x24\x3a\x44\x85\x71\xd5\x11\x1b\xd2\xa6\xd5\x6a\
\x69\xd2\xa4\x09\x8d\x1a\x35\xa2\x4e\x9d\x3a\xe4\xcd\x9b\x37\x51\
\xa1\x22\x49\x12\x37\x6f\xde\x64\xfb\xf6\xed\xfc\xf1\xc7\x1f\x1e\
\x8d\x5f\xe2\xa3\x70\xe1\xc2\x2c\x5e\xbc\x98\xca\x95\x2b\x3f\x73\
\xbf\xab\x57\xaf\xd2\xbe\x7d\x7b\x8f\x46\x37\xfd\xbc\x7d\xe9\xe6\
\xed\xc3\xf7\x86\x68\xfe\x70\xfb\x91\x17\x29\x52\x84\xbf\xfe\xfa\
\xeb\x99\x51\xdd\x2f\x8a\xb0\xb0\x30\x56\xac\x58\xc1\x9c\x39\x73\
\xe4\x78\x06\x0f\x21\xae\xd1\xd2\x4d\xe7\x43\xf5\x44\xcc\xcc\xa7\
\xec\x36\xa6\x9b\x0c\xec\x7a\xaa\x6b\xdf\x13\x02\x03\x03\x29\x5f\
\xbe\x3c\x79\xf3\xe6\x25\x6f\xde\xbc\xe4\xcb\x97\x4f\x76\x15\x68\
\x34\x1a\xfc\xfc\xfc\x30\x1a\x8d\x3c\x7e\xfc\x98\xc7\x8f\x1f\xf3\
\xe0\xc1\x03\x6e\xdc\xb8\xc1\xe5\xcb\x97\xb9\x7c\xf9\x32\x37\x6f\
\xde\x4c\x70\x56\xfc\x2c\xb2\x66\xcd\x4a\x97\x2e\x5d\x68\xd6\xac\
\x19\x55\xab\x56\x4d\x55\x06\xc8\x9d\x3b\x77\x38\x7e\xfc\x38\xbb\
\x77\xef\x66\xe7\xce\x9d\x1c\x3e\x7c\x18\xab\xd5\x9a\xe6\x7f\x13\
\x7f\x85\x82\x0a\x6a\x2d\x55\x34\x1a\xaa\x68\xb4\x14\x52\xa9\x45\
\xb3\x1e\xa1\x00\x08\x05\x40\xf0\x66\xb0\xc7\x66\xe5\x0b\x7d\x14\
\x11\x6e\xd5\xea\x42\x42\x42\x38\x78\xf0\x60\xaa\x0b\xc6\xcc\x9f\
\x3f\x9f\xde\xbd\x7b\x7b\xa4\xd3\xa9\xd5\x6a\x1a\x36\x6c\x48\xd7\
\xae\x5d\x69\xda\xb4\x69\x92\x67\x8c\x06\x83\x81\x96\x2d\x5b\xb2\
\x79\xf3\xe6\x58\x81\xa3\x54\x7a\x74\xb0\x6b\xd8\xb0\x21\xbf\xff\
\xfe\x7b\xaa\x7c\xf1\x69\x8d\xd9\x6c\x66\xfd\xfa\xf5\x2c\x59\xb2\
\x84\x8d\x1b\x37\xc6\x11\x62\x0a\xa0\x86\xc6\x8b\x5e\xde\x3e\x94\
\x4d\x66\xe5\xb8\x73\x0e\x3b\x2b\xcd\x26\x36\x58\xcd\xe8\x53\x20\
\xb0\x93\x8a\x02\xc8\xab\x52\x51\x5a\xad\xa1\xa8\x4a\x4d\x46\xa5\
\x12\xbb\x04\x57\x1c\x76\xfe\xb6\x9a\xe3\x74\x11\x7c\xa2\x84\x54\
\xa8\x50\x81\x72\xe5\xca\x91\x3f\x7f\x7e\x72\xe7\xce\x4d\x48\x48\
\x08\x5a\xad\x16\x5f\x5f\x5f\xf4\x7a\x3d\x76\xbb\x9d\x07\x0f\x1e\
\x10\x1a\x1a\xca\xdd\xbb\x77\xb9\x7f\xff\x3e\xe7\xcf\x9f\xe7\xc4\
\x89\x13\x49\x9a\xad\x27\x97\xec\x4a\x15\xf9\x54\x2a\x0a\xa9\xd4\
\xe4\x53\xa9\x28\xa6\xd2\x50\x54\xad\x16\x51\xfc\x42\x01\x10\x0a\
\x80\xe0\xcd\x22\xd4\xe9\x64\x82\x51\xcf\x06\xab\xe7\x0f\xa4\x6c\
\xd9\xb2\xec\xdd\xbb\x37\xcd\x8a\xaf\x3c\x7c\xf8\x90\x9d\x3b\x77\
\xe2\x70\x38\x08\x09\x09\xa1\x7c\xf9\xf2\x29\x16\xd0\x36\x9b\x8d\
\xae\x5d\xbb\x7a\x74\x5a\x7b\xc2\x90\x21\x43\x18\x3b\x76\x6c\x9a\
\xd6\x1d\x48\x29\x7a\xbd\x9e\x8d\x1b\x37\xf2\xc7\x1f\x7f\xb0\x61\
\xc3\x06\xa2\xa2\xa2\xe2\xec\x13\xa4\x50\xd2\xc2\x4b\x47\x5b\x2f\
\x6f\xf2\xa4\xf2\x9e\x2d\x92\xc4\x01\xbb\x8d\xed\x56\x0b\x47\xec\
\x36\xae\x3a\xec\xa9\x8a\xdf\x08\x50\x28\x28\xa5\xd6\x50\x46\xad\
\xa1\x74\xcc\xff\x01\x09\xa4\x33\x5a\x24\x89\x3f\xac\x66\x7e\x37\
\x9b\xe4\xe0\xcb\xf4\x40\x8b\x82\xb2\x1a\x0d\x95\xd4\x1a\x0a\xc6\
\xcc\xd2\xa3\x24\x09\x07\x12\x76\x09\x8c\x31\xaf\x72\xab\x24\xe1\
\xab\x50\x10\xa8\x50\x12\xa8\x8c\xf9\x5f\xa1\x20\x8b\x52\x85\xaf\
\x48\xc9\x14\x0a\x80\x50\x00\x04\x6f\x32\x97\x1c\x76\x16\x98\x8d\
\xfc\x6d\xb1\xf0\x74\x23\xd8\x62\xc5\x8a\x71\xf2\xe4\xc9\x54\x07\
\xb6\xa5\x27\x0e\x87\x83\xee\xdd\xbb\xb3\x70\xe1\x42\x79\xdd\x57\
\x5f\x7d\xc5\xe8\xd1\xa3\x5f\xe8\x7d\x5d\xbb\x76\x8d\x4d\x9b\x36\
\xb1\x61\xc3\x06\xb6\x6c\xd9\xe2\x51\x69\xee\x09\x2a\xa0\xaa\x46\
\x4b\x33\x2f\x1d\xf5\x34\x5e\xe9\xd6\x24\x26\x5a\x92\xb8\xe1\xb0\
\x73\xdb\xe9\xe4\x8e\xd3\xc1\x5d\x87\x43\xee\x47\x60\xc5\xd5\xa7\
\x40\x8b\x82\xa0\x18\x01\x19\x14\x23\x20\xf3\xaa\x54\xe4\x56\xa9\
\x08\x56\xa4\xcc\x08\x7e\xdc\x6e\x63\x9b\xd5\xc2\x4e\x9b\x95\xcb\
\x0e\x3b\xa9\xb1\x49\x64\x57\xba\x66\xea\xa5\xd4\x6a\x2a\x6a\xb4\
\x94\x52\xa9\x45\x79\x5d\x81\x50\x00\x04\x82\x94\x08\xfd\x2d\x56\
\x0b\x5b\xac\x16\x2e\x3e\x35\x4b\x53\x28\x14\xb2\xbf\xf7\xaf\xbf\
\xfe\xa2\x79\xf3\xe6\x2f\xfd\xf7\x71\x38\x1c\xbc\xf7\xde\x7b\xfc\
\xfd\xf7\xdf\x80\xab\xff\xfb\xa9\x53\xa7\x08\x0c\x0c\x7c\x6e\xf7\
\xf0\xe8\xd1\x23\xf6\xec\xd9\xc3\xb6\x6d\xdb\xf8\xe7\x9f\x7f\xb8\
\x78\xf1\x62\x82\x2f\x99\x52\x6a\x0d\x4d\x62\x02\xcb\x32\xbe\x21\
\x15\x01\xa3\x25\x89\xf3\x76\x1b\x97\x1c\x0e\xee\x3a\x1d\x3c\x70\
\x3a\x09\x8f\xa9\x1f\x61\x90\x9c\x04\x28\x94\x28\x80\x60\x85\x92\
\x60\xa5\x92\x4c\x4a\x25\x19\x15\x4a\x72\xaa\x54\x14\x56\xa9\xf1\
\x17\xc2\x5e\x90\xce\x0a\x80\xa8\x03\x20\x78\xad\x5f\xc0\xeb\xad\
\x66\x56\x9b\x4d\xf1\xf6\x50\x57\x2a\x95\x34\x6f\xde\x9c\x4b\x97\
\x2e\x71\xe6\xcc\x19\xc0\x55\xb3\xfe\x55\xe0\x49\xb1\xa1\x32\x65\
\xca\x70\xfd\xfa\x75\x6e\xdd\xba\xc5\x4f\x3f\xfd\xc4\x8f\x3f\xfe\
\xe8\xb1\x5f\x78\x78\x38\xe7\xcf\x9f\xe7\xe6\xcd\x9b\xdc\xba\x75\
\x8b\x5b\xb7\x6e\x71\xef\xde\x3d\xa2\xa2\xa2\xb0\xd9\x6c\x44\x46\
\x46\x62\xb5\x5a\xb1\xd9\x6c\xf8\xfa\xfa\xe2\xed\xed\x4d\x48\x48\
\x08\xd9\xb3\x67\x27\x7b\xf6\xec\x14\x2d\x5a\x94\x62\xc5\x8a\x91\
\x23\x47\x0e\x2e\x5c\xb8\xc0\xc9\x93\x27\x39\x74\xe8\x10\xbb\x77\
\xef\xe6\xdc\xb9\x73\x09\x06\xca\xa9\x80\x0a\x1a\x2d\x75\x35\x5e\
\xd4\xd1\x6a\xc9\xfa\x06\xa6\x90\xf9\x2b\x14\x54\xd2\x68\xa9\x24\
\x1a\xe2\x09\x5e\x52\x84\x02\x20\x78\xed\x78\xe8\x74\x32\xcf\x6c\
\x64\xb5\xc5\x84\x29\x1e\x01\x15\x12\x12\x42\x9b\x36\x6d\x18\x38\
\x70\x20\x85\x0b\x17\xa6\x7e\xfd\xfa\xb2\x02\x70\xf8\xf0\x61\xf2\
\xe4\xc9\xf3\x4a\x7c\xcf\x80\x80\x00\x66\xcf\x9e\x2d\xa7\xfa\x4d\
\x99\x32\x85\xb7\xdf\x7e\x9b\x83\x07\x0f\x72\xe4\xc8\x11\x4e\x9e\
\x3c\x19\x6f\x25\xb7\xf4\x22\x58\xa9\xa4\x9a\x5a\x4b\x75\xad\x96\
\xea\x1a\x2d\x19\x14\x22\x96\x5c\x20\x10\x0a\x80\x40\xf0\x1c\x78\
\x14\x23\xf8\x57\x5a\x4c\x72\xcf\xfb\x27\x64\xce\x9c\x99\x56\xad\
\x5a\xd1\xaa\x55\x2b\x6a\xd5\xaa\xe5\x11\x28\xd7\xba\x75\x6b\xb6\
\x6c\xd9\x02\x40\x9f\x3e\x7d\xc8\x98\x31\x23\x3a\x9d\x8e\x1d\x3b\
\x76\x70\xf0\xe0\x41\xae\x5f\xbf\x4e\xb6\x6c\xd9\x28\x55\xaa\x14\
\x75\xea\xd4\xa1\x6a\xd5\xaa\x2f\x4d\x19\xda\x7a\xf5\xea\xf1\xd6\
\x5b\x6f\xb1\x7f\xff\x7e\x0c\x06\x03\x4d\x9a\x34\x79\x6e\xd7\xf6\
\x52\x28\xa8\xa8\xd6\x50\x59\xa3\xa5\xaa\x5a\x4b\x31\xb5\x48\x1f\
\x13\x08\x5e\x25\x44\x0c\x80\xe0\x95\x27\x5a\x92\x98\x63\x32\xb0\
\x34\x1e\xc1\xff\xee\xbb\xef\xd2\xa7\x4f\x1f\x5a\xb4\x68\x91\x60\
\xba\x9d\xd1\x68\xa4\x5c\xb9\x72\x09\xfa\xb0\x9f\x46\xab\xd5\xd2\
\xa2\x45\x0b\x7a\xf5\xea\x45\xed\xda\xb5\x5f\x68\xb3\x9b\x65\xcb\
\x96\xd1\xb3\x67\x4f\x8f\xb6\xbd\x4f\x5b\x3b\x4a\x97\x2e\x4d\x9e\
\x3c\x79\xc8\x9d\x3b\x37\x79\xf2\xe4\x21\x5b\xb6\x6c\x04\x05\x05\
\xa1\xd1\x68\xc8\x90\x21\x03\x6a\xb5\x1a\x8d\x46\x83\xc9\x64\xc2\
\x60\x30\xf0\xe0\xc1\x03\xee\xdd\xbb\xc7\xf5\xeb\xd7\x39\x7b\xf6\
\x2c\xa7\x4f\x9f\xe6\xcc\x99\x33\x38\xe3\x49\x75\xf3\x55\x28\x68\
\xe5\xe5\xcd\xa7\xde\xbe\xf8\x09\x9f\xb5\x40\xf0\x52\x21\x62\x00\
\x04\xaf\x2d\x76\x60\xa5\xd9\xc4\xaf\x26\x83\x1c\xe1\xfd\x84\xfa\
\xf5\xeb\x33\x72\xe4\xc8\x24\x95\x68\x0d\x0b\x0b\x4b\x56\xd5\x38\
\xab\xd5\xca\xca\x95\x2b\x59\xb9\x72\x25\x15\x2b\x56\x64\xc2\x84\
\x09\xd4\xac\x59\xf3\xf9\x5a\x3b\x1e\x3d\xe2\xd3\x4f\x3f\x65\xe5\
\xca\x95\x1e\xeb\x8b\x15\x2b\x46\xcb\x96\x2d\x79\xfb\xed\xb7\x29\
\x53\xa6\x0c\xd9\xb3\x67\x4f\x93\xeb\x85\x87\x87\xb3\x67\xcf\x1e\
\x96\x2f\x5f\xee\x91\x82\x68\x90\x24\x16\x99\x8d\xd8\x90\xf8\xc6\
\xc7\x5f\x3c\x94\x02\xc1\x2b\x84\x50\x00\x04\xaf\x24\xdb\xac\x16\
\x7e\x36\xe9\xb9\xe6\xf0\x6c\x46\x5b\xb7\x6e\x5d\x46\x8d\x1a\x45\
\xb5\x6a\xd5\x92\x74\x9e\x7b\xf7\xee\x51\xa1\x42\x05\x1e\x3c\x78\
\x90\xa2\xfb\x38\x7c\xf8\x30\xb5\x6a\xd5\xa2\x65\xcb\x96\xfc\xfa\
\xeb\xaf\x49\xee\x00\x98\x52\xf4\x7a\x3d\xd3\xa7\x4f\x67\xcc\x98\
\x31\x1e\xa5\x69\x4b\x95\x2a\xc5\xe2\xc5\x8b\xd3\x2d\x88\xf1\xfe\
\xfd\xfb\xac\x5d\xbb\x96\x75\xeb\xd6\xc5\xbb\x3d\x40\xf8\xfb\x05\
\x02\xa1\x00\x08\x04\xe9\xc9\x19\xbb\x9d\xf1\xc6\x68\x8f\x56\xb7\
\x00\xa5\x4b\x97\x66\xfc\xf8\xf1\xc9\xae\x7d\xdf\xb6\x6d\xdb\x38\
\xc2\xdf\xd7\xd7\x37\xd1\xa6\x34\x2a\x95\x0a\x87\x9b\xf2\xf1\xc7\
\x1f\x7f\xb0\x7b\xf7\x6e\xe6\xce\x9d\x4b\xb3\x66\xcd\x52\xf4\xdd\
\x2e\x5f\xbe\x8c\xd9\x6c\xa6\x64\xc9\x92\x71\xb6\x9d\x3c\x79\x92\
\x15\x2b\x56\x30\x6b\xd6\x2c\xb9\x5d\xf0\x93\xfb\x18\x3a\x74\x28\
\x23\x46\x8c\x48\x97\x1a\xf4\x67\xcf\x9e\xe5\xbb\xef\xbe\x63\xd5\
\xaa\x55\x71\x5c\x00\x3e\x0a\x05\x35\x35\x5e\xd4\xd4\x6a\x69\xac\
\xd5\x89\x87\x53\x20\x10\x0a\x80\x40\x90\xf6\x84\x3a\x9d\xcc\x30\
\x19\xf8\x9f\xc5\xe4\x51\xe1\x2d\x7b\xf6\xec\x8c\x18\x31\x82\xee\
\xdd\xbb\x27\xbb\x02\xde\xee\xdd\xbb\xd9\xbd\x7b\xb7\xc7\xba\xf6\
\xed\xdb\xd3\xb5\x6b\xd7\x44\x15\x09\x87\xc3\x41\xef\xde\xbd\x59\
\xb2\x64\x89\xac\x2c\x3c\x78\xf0\x80\xe6\xcd\x9b\xf3\xd3\x4f\x3f\
\xf1\xf9\xe7\x9f\x27\xeb\x5e\x8e\x1e\x3d\xca\x5b\x6f\xbd\x85\xcd\
\x66\xa3\x6a\xd5\xaa\x54\xa8\x50\x01\x9d\x4e\xc7\xf5\xeb\xd7\x39\
\x7e\xfc\x78\xbc\x2d\x5a\xdf\x79\xe7\x1d\xc6\x8f\x1f\x4f\x95\x2a\
\x55\x12\xbc\xc7\x3b\x77\xee\x70\xfb\xf6\x6d\x42\x43\x43\xe5\x72\
\xc4\x0a\x85\x82\x3c\x79\xf2\x50\xb8\x70\xe1\x04\xeb\x06\x18\x8d\
\x46\x7e\xfa\xe9\x27\xc6\x8c\x19\x13\xa7\x74\x6f\x09\xb5\x9a\x36\
\x5e\xde\x34\xd6\xea\x44\x65\x39\x81\xe0\x15\x46\x04\x01\x0a\x5e\
\x6a\xf4\x92\xc4\x5c\xb3\x81\xc5\x66\xcf\x00\x3f\x5f\x5f\x5f\x3e\
\xff\xfc\x73\x86\x0c\x19\x92\xe2\x88\xfc\xd2\xa5\x4b\x7b\xf4\x4e\
\x6f\xd9\xb2\x25\xab\x56\xad\xe2\xf6\xed\xdb\xe4\xcd\x9b\x37\xd1\
\x66\x30\x1b\x36\x6c\xa0\x4c\x99\x32\xf4\xe8\xd1\x83\x8d\x1b\x37\
\xca\xeb\x0b\x14\x28\x10\xaf\xc0\x7e\x16\xab\x57\xaf\xa6\x4d\x9b\
\x36\x49\xda\xb7\x42\x85\x0a\xfc\xf0\xc3\x0f\x34\x6c\xd8\xd0\x63\
\x7d\x54\x54\x14\x5b\xb7\x6e\x65\xeb\xd6\xad\x1c\x3e\x7c\x98\x53\
\xa7\x4e\x25\x18\x1c\xf8\x84\x71\xe3\xc6\xf1\xc5\x17\x5f\x78\xac\
\xdb\xb1\x63\x07\x9d\x3a\x75\xf2\x68\x55\xac\x02\x9a\x79\xe9\xe8\
\xa1\xf3\x25\x9f\x4a\x54\x8e\x17\x08\x5e\x05\x44\x10\xa0\xe0\x95\
\x44\x02\xd6\x5a\xcc\xfc\x6c\xd2\xf3\xc8\xcd\xf4\xac\x52\xa9\xf8\
\xe8\xa3\x8f\xf8\xee\xbb\xef\x52\x1d\xe0\x76\xee\xdc\x39\x79\x39\
\x63\xc6\x8c\x2c\x5b\xb6\x0c\xa5\x52\x49\xee\xdc\xb9\xa9\x55\xab\
\x16\xff\xfd\xf7\x5f\xa2\xe7\xc8\x9e\x3d\x3b\x7f\xff\xfd\x37\xbf\
\xfe\xfa\x2b\x5f\x7c\xf1\x05\x46\xa3\x31\x45\x95\x04\x5b\xb4\x68\
\xc1\xf0\xe1\xc3\x99\x3c\x79\x32\xd1\xd1\xd1\xf1\x5e\xa7\x75\xeb\
\xd6\xb4\x6d\xdb\x96\x6a\xd5\xaa\xc9\x99\x07\xb7\x6f\xdf\xe6\xf7\
\xdf\x7f\x67\xfd\xfa\xf5\xec\xdd\xbb\xd7\xa3\xe9\x50\x52\x70\xef\
\x77\x20\x49\x12\xe3\xc7\x8f\x67\xd8\xb0\x61\x1e\xe7\xa9\xa7\xf5\
\x62\x88\x8f\x1f\x39\x45\x3f\x78\x81\x40\x58\x00\x04\x82\xf4\xe4\
\x8c\xdd\xce\x68\x63\x34\xc7\x9f\xf2\xf3\xd7\xaf\x5f\x9f\xf1\xe3\
\xc7\x53\xba\x74\xe9\x34\xb9\x4e\xbe\x7c\xf9\xb8\x7e\xfd\x3a\x00\
\xb3\x67\xcf\xa6\x67\xcf\x9e\x1e\xb3\xe0\xba\x75\xeb\x26\x28\x50\
\x7d\x7d\x7d\x09\x0d\x0d\xf5\xb0\x3e\x3c\xe9\xe8\x56\xae\x5c\xb9\
\x14\xdf\x93\xc9\x64\xe2\xd0\xa1\x43\xdc\xbd\x7b\x97\xa8\xa8\x28\
\x72\xe7\xce\x4d\x91\x22\x45\xc8\x93\x27\x8f\x47\xa6\x82\xd1\x68\
\x64\xe0\xc0\x81\xcc\x9b\x37\x2f\xde\xf4\xbc\xa4\xb2\x78\xf1\x62\
\x3a\x75\xea\x84\xd3\xe9\xe4\xa3\x8f\x3e\x62\xf1\xe2\xc5\xf2\xb6\
\x9c\x4a\x15\xc3\x7d\xfd\xa9\xae\xd1\x8a\x87\x52\x20\x10\x16\x00\
\x81\x20\xfd\x08\x97\x9c\x4c\x31\xc6\xf5\xf3\x17\x2d\x5a\x94\x49\
\x93\x26\xc5\x31\x79\xa7\x96\x53\xa7\x4e\x31\x6e\xdc\x38\x2a\x54\
\xa8\x40\x8b\x16\x2d\x3c\xb6\xd5\xac\x59\x93\x9f\x7e\xfa\x89\x41\
\x83\x06\xc5\x7b\x6c\xb7\x6e\xdd\xe2\xb8\x1e\xb2\x64\xc9\x92\xea\
\x2c\x00\x6f\x6f\x6f\x6a\xd4\xa8\xf1\xcc\x7d\x42\x43\x43\x69\xd6\
\xac\x19\x87\x0e\x1d\xf2\x58\xef\xe5\xe5\xc5\x3b\xef\xbc\x83\xd5\
\x6a\x65\xf7\xee\xdd\xf1\x2a\x06\x05\x0a\x14\xa0\x4e\x9d\x3a\xd4\
\xa9\x53\x87\x2a\x55\xaa\x90\x3b\x77\x6e\x24\x49\xa2\x77\xef\xde\
\x1e\xc2\xbf\x96\xc6\x8b\x31\x7e\x01\x09\x76\xc0\x13\x08\x04\xc2\
\x02\x20\x10\xa4\x1a\x07\xae\x7c\xfe\xa9\x26\x03\x91\x6e\xf9\xfc\
\x01\x01\x01\x0c\x1f\x3e\x9c\x01\x03\x06\xa0\xd1\xbc\x98\x82\xea\
\xff\xfc\xf3\x0f\x9f\x7c\xf2\x09\xd7\xae\x5d\x03\x5c\x2e\x88\x1e\
\x3d\x7a\x30\x65\xca\x14\xbc\xbc\xbc\x9e\xfb\xfd\xd8\xed\x76\xaa\
\x57\xaf\xce\x81\x03\x07\x5c\x3f\x60\x85\x82\x56\xad\x5a\xd1\xb9\
\x73\x67\x4a\x96\x2c\xc9\xd0\xa1\x43\x59\xbd\x7a\xb5\xc7\x31\xd9\
\xb3\x67\xe7\xc3\x0f\x3f\xa4\x4b\x97\x2e\x14\x2d\x5a\x34\xce\x39\
\x07\x0f\x1e\xcc\xcf\x3f\xff\x2c\x7f\xee\xe3\xed\x4b\x5f\x6f\x5f\
\x84\xe8\x17\x24\xc6\x11\xbb\x0d\x7f\x85\x82\xc2\x2a\x31\x97\x14\
\x16\x00\x81\x20\x05\x2f\x90\x1f\x0d\xd1\x5c\x70\x6b\xd6\xa3\x50\
\x28\xe8\xd4\xa9\x13\xe3\xc6\x8d\x23\x5b\xb6\x6c\x2f\xf4\xfe\x1a\
\x36\x6c\xc8\xd5\xab\x57\xb9\x71\xe3\x06\xd7\xae\x5d\xa3\x68\xd1\
\xa2\x64\xcd\x9a\xf5\x85\xdd\xcf\xef\xbf\xff\x2e\x0b\x7f\x1f\x1f\
\x1f\x96\x2e\x5d\x4a\x8b\x16\x2d\x38\x71\xe2\x04\x35\x6b\xd6\xf4\
\x08\xdc\xcb\x93\x27\x0f\x5f\x7e\xf9\x25\x5d\xbb\x76\x4d\x50\x59\
\x99\x3f\x7f\xbe\x87\xf0\xef\xa1\xf3\xa1\x9f\xb7\xaf\x78\x30\x05\
\x89\xb2\xce\x6a\xe6\x4b\x7d\x14\x2a\x60\x79\x40\x30\xc5\xd5\x42\
\x9c\xbc\x6a\x88\xbf\x98\xe0\x85\x10\xea\x74\x32\xd1\xa8\x67\x83\
\xd5\xec\x61\x82\x2a\x5f\xbe\x3c\x53\xa7\x4e\x4d\x72\x21\x9f\xe7\
\x45\x9e\x3c\x79\x5e\x8a\x26\x41\x5b\xb7\x6e\x95\x97\x27\x4e\x9c\
\x48\x8b\x16\x2d\xf8\xfb\xef\xbf\x69\xdf\xbe\xbd\x1c\x3c\xa8\x56\
\xab\x19\x3c\x78\x30\x23\x46\x8c\xf0\x08\xf2\x7b\x9a\xfd\xfb\xf7\
\xf3\xc9\x27\x9f\xc8\x9f\xdb\x7a\x79\xf3\x99\x8f\xdf\x4b\xfd\xdc\
\x48\xb8\x4a\x3f\x03\xc2\x3d\xf1\x82\x39\x60\x73\xa5\x87\x3a\x80\
\xb3\x0e\x9b\x50\x00\x84\x02\x20\x10\x3c\x1b\x3b\xf0\xbb\xd9\xc8\
\x34\x93\x01\xbd\x5b\x9a\x5d\x86\x0c\x19\x18\x31\x62\x04\x7d\xfb\
\xf6\x4d\x76\x3e\xff\x9b\x84\xbb\x5f\xff\xdc\xb9\x73\x74\xef\xde\
\x9d\x05\x0b\x16\xc8\xeb\xb3\x67\xcf\xce\x5f\x7f\xfd\x45\xc5\x8a\
\x15\x9f\x79\x9e\xfb\xf7\xef\xd3\xba\x75\x6b\x2c\x16\x0b\x00\xe5\
\xd4\x1a\xbe\xf6\xf5\x7b\x69\x9e\x91\x0b\x76\x3b\x67\x1d\x36\xce\
\xda\xed\x5c\x73\x3a\x08\x75\x3a\xb8\xef\x70\x62\x7d\xca\x63\xa9\
\x53\x28\xc8\xa1\x54\x91\x53\xa9\xa2\xb4\x5a\x4d\x79\xb5\x86\x52\
\x6a\x0d\xde\x42\x39\x48\x77\x6e\xba\x15\xc2\xb2\x48\x69\xa7\x54\
\x0c\x37\x44\x53\x46\xad\x61\xac\x5f\x00\xe2\x4d\x20\x14\x00\xc1\
\x2b\xcc\x43\xa7\x93\x43\x76\x2b\x17\x1d\x76\x1e\x3b\x9d\x1c\xb5\
\xdb\xb8\xee\xf6\xe2\x50\xa9\x54\xf4\xea\xd5\x8b\x1f\x7e\xf8\x81\
\xe0\xe0\x60\x31\x60\x89\xd0\xa2\x45\x0b\x39\x58\xef\x97\x5f\x7e\
\xf1\xd8\x56\xa6\x4c\x19\xd6\xaf\x5f\x4f\xce\x9c\x39\x9f\x79\x0e\
\x93\xc9\xc4\xfb\xef\xbf\xcf\x9d\x3b\x77\x00\xc8\xaa\x54\xf2\x8b\
\x5f\x20\x9a\x17\xe8\xf5\x7f\xe4\x74\xf2\x9f\xcd\xc2\x6e\x9b\x95\
\xfd\x36\xab\x87\x72\xf8\x2c\xcc\x92\xc4\x15\x87\x9d\x2b\x0e\x3b\
\x3b\x6c\x2e\x65\x46\x05\x54\xd6\x68\x79\xcf\x4b\x47\x3d\x8d\x17\
\x3a\xa1\x0c\xa4\x8f\x02\xe0\x8c\xfd\x1d\x9b\x49\xbd\x06\x60\x07\
\x46\x1a\xa3\xb9\xe3\x74\x70\xc7\xea\xa0\x97\xc3\x87\x42\x22\xb6\
\x40\x28\x00\x82\x57\x07\x1b\x12\x87\x6d\x36\xf6\xd8\xac\xec\xb1\
\xb9\x04\x7f\x42\x54\xaf\x5e\x9d\xa9\x53\xa7\x52\xb6\x6c\x59\x31\
\x70\x49\xe4\xfd\xf7\xdf\xa7\x63\xc7\x8e\x1e\x0d\x79\x54\x2a\x15\
\xdd\xbb\x77\x67\xe2\xc4\x89\xf8\xf9\x3d\x7b\x16\x6f\xb7\xdb\x69\
\xd7\xae\x1d\xfb\xf7\xef\x97\x85\xe5\x4f\x7e\x81\x04\x2b\x9f\x7f\
\x2d\x7f\xb3\x24\xb1\xcd\x66\x61\x9d\xc5\xcc\x1e\x9b\x15\x47\x22\
\xfb\x7b\x79\x79\xe1\xe3\xe3\x43\x50\x50\x10\x92\x24\x11\x19\x19\
\x49\x74\x74\x74\x9c\x54\x4d\x07\xb0\xcf\x66\x65\x9f\xcd\xca\x8f\
\x0a\x05\x9d\x75\x3e\x74\xd1\xf9\xe0\x2f\x14\x81\x34\xe3\xba\xc3\
\xc1\x43\x37\x6b\x94\x4d\x4a\xbd\x02\xb0\xc6\x62\xf2\xb0\x2a\x64\
\x52\x8a\xfe\x12\x42\x01\x10\xbc\xf4\x38\x70\x99\xee\x36\x5a\xcd\
\xfc\x6b\xb5\x10\x95\xc8\xcb\x20\x7b\xf6\xec\xfc\xf4\xd3\x4f\x74\
\xe8\xd0\xe1\x85\xb6\xd2\x7d\x15\x51\x28\x14\x2c\x5a\xb4\x88\x0f\
\x3e\xf8\x80\x3d\x7b\xf6\xe0\xef\xef\x4f\x8b\x16\x2d\x28\x51\xa2\
\x44\xa2\xc7\x4a\x92\x44\xaf\x5e\xbd\x58\xbb\x76\xad\xc7\xdf\xee\
\x6b\x7d\xd4\x73\xcd\xf7\x0f\x97\x9c\xfc\x6e\x36\xb1\xcc\x6c\x8a\
\xd3\xc5\xf1\xc9\x77\x2c\x53\xa6\x0c\x6f\xbd\xf5\x16\xe5\xca\x95\
\xa3\x4c\x99\x32\xe4\xce\x9d\x3b\xde\x80\x50\xbb\xdd\xce\xdd\xbb\
\x77\x39\x7d\xfa\x34\xfb\xf6\xed\x63\xf7\xee\xdd\x1c\x38\x70\x00\
\x93\xc9\x04\xb8\xe2\x05\x7e\x35\x19\x58\x69\x31\x31\xdf\x3f\x88\
\x02\x62\x46\x99\x26\xec\x8a\xb1\xb6\xa4\x15\x56\x24\x66\x9a\x62\
\xab\x56\x66\x56\x2a\x09\x12\x0d\xa6\x84\x02\x20\x78\x79\x85\xfe\
\x11\x9b\x95\xcd\x56\x0b\x9b\x6c\x16\xc2\x12\x28\x46\x93\x21\x43\
\x06\xea\xd6\xad\x4b\xe5\xca\x95\x29\x5e\xbc\x38\x3a\x9d\x8e\x2a\
\x55\xaa\xa4\xb8\x7c\xaf\x00\x94\x4a\x25\xcd\x9a\x35\x4b\x56\xd3\
\x21\xa7\xd3\xc9\xa0\x41\x83\xf8\xed\xb7\xdf\x3c\x04\xad\x24\x49\
\xdc\x76\x3a\xe8\x1d\x1d\x41\x23\xad\x8e\x81\x3e\xbe\xe9\x56\xf1\
\xef\x86\xc3\xc1\x62\x8b\x91\x3f\x2d\x66\x8f\xb2\xce\x00\x5a\xad\
\x96\xc6\x8d\x1b\xd3\xa2\x45\x0b\x1a\x36\x6c\x98\xe4\x7a\x0a\x6a\
\xb5\x9a\xdc\xb9\x73\x93\x3b\x77\x6e\x1a\x37\x6e\x0c\x40\x64\x64\
\x24\x73\xe7\xce\xe5\xcb\x2f\xbf\x94\xad\x03\x8f\x9c\x4e\x36\x5b\
\x2d\x7c\xec\xad\x7e\x63\x7f\xaf\xc7\xed\x36\x8e\xd9\x6d\x5c\xb0\
\xdb\xb9\xec\xb0\xe3\xa7\x50\xf0\xb3\x5f\x60\x8a\x66\xda\x3b\x6d\
\xd6\x34\xbd\xbf\x5f\x4d\x06\xee\xb9\xb9\x14\x4a\xa8\x35\xe2\x87\
\x2e\x14\x00\xc1\xcb\xc6\x43\xa7\x93\xdf\xcc\x46\xfe\xb4\x98\x12\
\x9c\xe9\x97\x2b\x57\x8e\xe6\xcd\x9b\xd3\xa0\x41\x03\x2a\x57\xae\
\x2c\x82\xfa\x5e\x30\x91\x91\x91\x74\xeb\xd6\x8d\x3f\xfe\xf8\x43\
\x5e\xf7\xd5\x57\x5f\x51\xb3\x66\x4d\x7a\xf7\xee\xcd\x8d\x1b\x37\
\x00\xd8\x68\x35\xb3\xc5\x6a\xa6\x99\x97\x8e\x0e\x5e\x3e\x69\x12\
\xd5\x2d\x01\xfb\x6d\x56\x16\x9b\x4d\xec\xb2\x59\x78\x5a\x4d\x2c\
\x53\xa6\x0c\x3d\x7b\xf6\xa4\x5d\xbb\x76\x64\xcc\x98\x31\xd5\xd7\
\xbb\x7c\xf9\x32\xf3\xe6\xcd\x63\xd6\xac\x59\x1e\xae\x81\x8c\x4a\
\x25\x8d\xde\xb0\x8e\x85\x0e\x60\xb7\xcd\xc2\x3f\x56\x0b\x3b\xad\
\x56\x22\xe2\xb1\xb6\x6c\xb2\x5a\xe8\xa4\xf3\x4e\xd6\x79\xef\x3a\
\x1d\x72\x06\x40\x5a\x70\xcc\x6e\x63\xbe\xc9\xb3\x67\x45\x05\xa1\
\x00\x08\x05\x40\xf0\x72\x71\xcc\x6e\xa3\xbf\x3e\x32\xde\xd9\x7e\
\xf1\xe2\xc5\x69\xd7\xae\x1d\x1f\x7c\xf0\x01\x85\x0b\x17\x16\x83\
\xf5\x92\xb0\x76\xed\x5a\xfa\xf6\xed\xcb\xad\x5b\xb7\xe4\x75\x1f\
\x7f\xfc\x31\x3f\xfe\xf8\x23\x0a\x85\x82\x33\x67\xce\xf0\xed\xb7\
\xdf\xf2\xcb\x2f\xbf\x60\xb7\xdb\xb1\x03\x7f\x5a\xcc\xfc\x69\x31\
\x53\x5c\xad\xa6\xbe\x46\x47\x2d\xad\x96\x02\x2a\x35\x49\x9d\x27\
\x9a\x25\x89\xa3\x76\x1b\xdb\xac\x16\xb6\xd9\x2c\x84\xc6\xf3\xbc\
\xd4\xad\x5b\x97\xcf\x3f\xff\x3c\xd9\xed\x9b\x9f\xc6\x62\xb1\x70\
\xf4\xe8\x51\xfe\xfd\xf7\x5f\x36\x6c\xd8\xc0\x81\x03\x07\xe2\x34\
\x71\x6a\xa4\xd5\x31\xd4\xc7\xef\x8d\xf1\x29\x87\x3a\x9d\xac\xb4\
\x98\xf8\xd3\x62\x8a\x77\xec\x9f\xe0\xaf\x50\x50\x23\x05\x6e\x9f\
\xd5\x16\x73\x9c\x78\x8d\x94\x3a\xf2\x0c\x92\xc4\x97\xfa\xa8\x38\
\xe7\xab\x24\x14\x00\xa1\x00\x08\x5e\x1e\xa2\x25\x89\x41\x4f\x09\
\xff\xd2\xa5\x4b\xd3\xa2\x45\x0b\x5a\xb7\x6e\x4d\xa9\x52\xa5\xe2\
\x1c\xa3\xd7\xeb\x39\x7a\xf4\x28\x56\xab\x95\xfc\xf9\xf3\x93\x3f\
\x7f\x7e\x31\x90\xc9\xe0\xcc\x99\x33\xdc\xbd\x7b\x17\xb5\x5a\x4d\
\x40\x40\x00\x3e\x3e\x3e\x09\x16\xf4\x09\x0f\x0f\x77\xfd\x9d\xa2\
\xa3\xb1\x5a\xad\xec\xd9\xb3\x87\xb5\x6b\xd7\x72\xfc\xf8\x71\x79\
\x1f\xa5\x52\xc9\x0f\x3f\xfc\xc0\x57\x5f\x7d\x25\xaf\xf3\xf5\xf5\
\x65\xe2\xc4\x89\x74\xed\xda\x95\x91\x23\x47\xf2\xc7\x1f\x7f\xc8\
\x02\xf4\xac\xdd\xce\x59\xbb\x9e\xc9\x26\x97\xb0\x28\xa5\xd6\x90\
\x47\xa9\x22\xbb\x4a\x85\xbf\x42\x81\x17\x0a\xd4\x0a\x08\x73\x4a\
\x84\x4b\x4e\xee\x38\x1c\x9c\x77\xd8\xb9\xea\xb0\xc7\x1b\xd0\xe7\
\xe5\xe5\x45\xfb\xf6\xed\x19\x30\x60\x40\x8a\x02\x3f\xaf\x5e\xbd\
\xca\xc9\x93\x27\x39\x7b\xf6\x2c\xa7\x4f\x9f\xe6\xd4\xa9\x53\x9c\
\x3f\x7f\x3e\xc1\x7e\x0d\xa5\xd5\x1a\x06\x7a\xfb\x52\x25\x1d\x62\
\x1b\x1e\x3a\x9d\x9c\x71\xd8\xb8\xe1\x70\x70\xcb\xe9\xe0\xae\xc3\
\x81\x41\x92\x30\x21\xe1\x94\xc0\x5b\xa1\x20\x44\xa9\x24\xb3\x52\
\x49\x19\xb5\x86\xca\x6a\x2d\x21\xe9\xac\x80\x5c\x77\x38\x98\x67\
\x36\xb0\xce\x62\xc1\x96\x48\x54\x7e\x90\x42\xc9\x1c\xff\x20\x72\
\x27\xd3\x3a\x67\x45\xe2\x0f\x8b\x29\xcd\x2c\x14\x9f\xeb\x23\xb9\
\xed\xf4\x7c\x5a\x32\x2a\x95\x14\x17\x0a\x80\x50\x00\x04\x2f\x0f\
\xff\xb3\x98\x78\x10\x23\xfc\x0b\x15\x2a\xc4\xe2\xc5\x8b\x13\xec\
\x43\xbf\x7b\xf7\x6e\xc6\x8d\x1b\xc7\xc6\x8d\x1b\x71\xb8\x45\xf5\
\x66\xce\x9c\x99\x41\x83\x06\x31\x64\xc8\x10\xe1\x16\x48\x84\x1d\
\x3b\x76\x50\xbb\x76\xed\x54\x35\xfa\x71\x27\x5f\xbe\x7c\xfc\xf6\
\xdb\x6f\xd4\xac\x59\x33\xde\xed\x25\x4b\x96\x64\xf5\xea\xd5\x5c\
\xb8\x70\x81\x5f\x7f\xfd\x95\x45\x8b\x16\x11\x11\x11\xe1\xa1\x00\
\xee\xb5\x59\xd9\x9b\x82\x6b\x17\x2c\x58\x90\xce\x9d\x3b\xd3\xbb\
\x77\xef\x64\xf5\x4a\xb8\x7c\xf9\x32\x1b\x36\x6c\x60\xd7\xae\x5d\
\xec\xde\xbd\x9b\xfb\xf7\xef\x27\x7a\x8c\xaf\x42\x41\x3d\xad\x17\
\xad\xbc\xbc\x29\x9f\x86\x42\x24\xd4\xe9\x64\xb7\xcd\xc2\x3e\x9b\
\x8d\xe3\x76\x9b\x87\xbf\x3a\x31\x96\xe0\x12\x98\xc5\xd5\x6a\x3e\
\xd4\xf9\xd0\x48\xab\x4b\xd3\xfc\xf6\x7b\x4e\x07\x93\x8d\x06\x36\
\x58\xcd\x71\x5c\x2c\x85\x0a\x15\xa2\x52\xa5\x4a\x2c\x5f\xbe\x5c\
\x7e\x96\x32\x2a\x95\xcc\xf5\x0f\x4a\x51\xf9\xde\xff\x99\xcd\x1e\
\xd1\xff\xa9\xb1\x00\xfc\x60\x88\x66\x47\x3c\xae\x84\x9a\x1a\x2d\
\x22\xfc\x4f\x28\x00\x82\x97\x88\xed\xd6\xd8\xa8\xdf\x89\x13\x27\
\xc6\x2b\xfc\x0d\x06\x03\xfd\xfa\xf5\x63\xc1\x82\x05\x28\x95\x4a\
\x0f\xe1\x0f\xf0\xf0\xe1\x43\xbe\xfc\xf2\x4b\x8e\x1d\x3b\xc6\xf2\
\xe5\xcb\xc5\xa0\x3e\x83\x9b\x37\x6f\xa6\x89\xf0\xf7\xf6\xf6\xe6\
\xeb\xaf\xbf\xe6\xb3\xcf\x3e\x4b\x52\xe0\x65\x91\x22\x45\x98\x32\
\x65\x0a\xe3\xc7\x8f\x67\xeb\xd6\xad\xac\x59\xb3\x86\x5d\xbb\x76\
\x71\xfe\xfc\xf9\x38\xa6\xf5\x04\x85\xb0\xaf\x2f\x65\xcb\x96\xa5\
\x61\xc3\x86\xb4\x68\xd1\x82\x92\x25\x4b\x26\xf9\x7e\x4f\x9e\x3c\
\xc9\xb2\x65\xcb\x58\xbb\x76\xad\x47\xbb\xe6\x84\xd0\x29\x14\x14\
\x54\xa9\xa9\xa0\xd6\xf0\xb6\x46\x4b\x05\xb5\x26\xcd\xf2\xfe\xaf\
\x3b\x1c\xfc\x63\x35\xb3\xc9\x6a\x79\x66\x3a\x6b\x52\x39\x6b\xb7\
\x33\x54\x1f\xc5\x54\xa5\x81\x1f\xfc\x02\x52\x6d\xe6\x36\x48\x12\
\x73\xcc\x06\x16\x9b\x4d\x1e\x41\x95\x4a\xa5\x92\xe6\xcd\x9b\x33\
\x60\xc0\x00\x82\x82\x82\xa8\x57\xaf\x9e\xfc\x2c\x65\x52\x2a\xf9\
\xcd\x3f\x03\xf9\x52\xa0\x80\x5b\x62\xae\xf7\x84\x52\xa5\x4a\x71\
\xea\xd4\xa9\x18\x05\x20\x79\x63\x3e\xc7\x64\x64\x65\x02\x96\x84\
\x5a\x1a\x2f\xf1\x02\x10\x0a\x80\xe0\x65\xe2\x52\x8c\x30\x57\x28\
\x14\xd4\xae\x5d\x3b\xce\xf6\x6b\xd7\xae\xd1\xbc\x79\x73\xce\x9e\
\x3d\x8b\x24\x49\x71\x84\x3f\x20\x0b\x90\x15\x2b\x56\x30\x70\xe0\
\x40\xde\x7a\xeb\x2d\x31\xb0\x09\xd0\xae\x5d\x3b\x6e\xdd\xba\xc5\
\xe9\xd3\xa7\x31\x9b\xcd\x44\x47\x47\xa3\xd7\xeb\xb1\xd9\x6c\xf1\
\xee\xef\xef\xef\x8f\x5a\xad\xe6\xf4\xe9\xd3\xf2\x4c\x59\xa3\xd1\
\x70\xed\xda\xb5\x14\x75\x28\xd4\x6a\xb5\x34\x6a\xd4\x88\x46\x8d\
\x1a\x01\x10\x16\x16\xc6\xe9\xd3\xa7\xb9\x76\xed\x1a\xd7\xae\x5d\
\xc3\x6c\x36\x63\x30\x18\xb0\xdb\xed\x84\x84\x84\x90\x29\x53\x26\
\xb2\x66\xcd\x4a\xa9\x52\xa5\x28\x5c\xb8\x70\xb2\x2c\x3c\x26\x93\
\x89\xdf\x7f\xff\x9d\xd9\xb3\x67\xcb\x7d\x0e\xe2\x23\x9b\x52\x45\
\x29\xb5\x9a\x82\x2a\xd7\xbf\x42\x2a\x15\x79\x54\xea\x34\x9d\x4d\
\x1b\x24\x89\xbf\xad\x66\x56\x5b\x4c\x9c\xb1\x27\x2c\xf4\xb3\x66\
\xcd\x4a\x95\x2a\x55\x28\x5d\xba\x34\xf9\xf2\xe5\x23\x7f\xfe\xfc\
\x04\x05\x05\xe1\xef\xef\x2f\x2b\xc3\x77\xef\xde\x65\xf3\xe6\xcd\
\x72\x7c\xc5\x13\x6e\x3b\x1d\x4c\x33\xea\x59\x18\x90\x21\x45\xf7\
\xe8\x00\xfe\xb0\xb8\x9a\x67\x3d\x76\x53\x12\xd5\x6a\x35\xed\xdb\
\xb7\xe7\xcb\x2f\xbf\xa4\x78\xf1\xe2\x9c\x38\x71\x82\xba\x75\xeb\
\xf2\xe8\xd1\xa3\x54\x0b\x7f\x80\x55\x16\xb3\x1c\x53\x50\xb8\x70\
\x61\xde\x7b\xef\x3d\x59\x01\xf0\x4a\x86\xfc\x9f\x67\x36\x32\xd9\
\xa4\x97\x3f\xbf\xfb\xee\xbb\xfc\xf7\xdf\x7f\x80\xcb\x35\xf1\x8e\
\x56\xb4\x9f\x16\x0a\x80\xe0\xa5\x41\x2f\x49\x72\x04\x71\xb6\x6c\
\xd9\xe2\xcc\x24\x8f\x1f\x3f\x4e\xed\xda\xb5\x89\x8a\x8a\x4a\xf2\
\xac\xf5\xc4\x89\x13\x42\x01\x78\x06\x1a\x8d\x86\xaf\xbf\xfe\x3a\
\xd9\xc7\xdd\xbd\x7b\x97\xa2\x45\x8b\x12\x1d\x1d\x8d\xcd\x66\x63\
\xe8\xd0\xa1\x2c\x58\xb0\x20\xd5\xf7\x13\x1c\x1c\x4c\x8d\x1a\x35\
\x12\x6d\x55\x9c\xac\x19\xa5\xc5\xc2\xec\xd9\xb3\x19\x33\x66\x0c\
\xf7\xee\xdd\x8b\x7b\x4d\x85\x92\x9a\x5a\x2d\xd5\x34\x5a\x2a\xa8\
\xb5\x64\x49\x47\x1f\xfa\x79\x87\x9d\x15\x66\x13\x7f\x5b\xcd\x18\
\xe2\xb1\x74\x04\x07\x07\x53\xb7\x6e\x5d\x1a\x34\x68\x40\x9d\x3a\
\x75\x9e\xd9\x17\xc2\xe1\x70\xb0\x61\xc3\x06\x66\xcc\x98\xc1\xa6\
\x4d\x9b\xe2\xfd\x4d\xbc\xa3\x4d\xd9\x2c\x77\xbf\xcd\xca\x38\xa3\
\x3e\x8e\x45\xa2\x61\xc3\x86\x4c\x98\x30\x41\xae\x07\xf1\xb4\xf0\
\xcf\xac\x54\x32\x3f\x15\xc2\x3f\x52\x72\x32\xd3\x14\x3b\xfb\xff\
\xf6\xdb\x6f\x39\x7a\xf4\x68\xac\xd5\x27\x89\x56\x97\xe9\x26\x03\
\xbf\xba\x9d\xa7\x75\xeb\xd6\x64\xc9\x92\x45\x56\x00\x9a\x78\x79\
\xa1\x15\x7d\x28\x85\x02\x20\x78\x79\x70\x6f\xd1\x1b\x12\x12\xe2\
\xb1\xed\xd4\xa9\x53\xb2\xf0\x8f\x6f\xd6\x9f\x10\x29\x99\x95\x0a\
\x12\x27\x7b\xf6\xec\x7c\xf1\xc5\x17\x0c\x1f\x3e\x1c\x80\x85\x0b\
\x17\x52\xb6\x6c\x59\x06\x0e\x1c\xf8\x52\xdd\xe7\xba\x75\xeb\xe8\
\xdb\xb7\x2f\x37\x6f\xde\xf4\xb4\x64\x28\x14\x34\xf5\xd2\xd1\x44\
\xab\xa3\xb4\x5a\x93\xae\xb5\xe0\x9d\xc0\x16\xab\x85\x05\x66\x23\
\x27\xed\xb6\x78\x85\xfe\xfb\xef\xbf\xcf\x07\x1f\x7c\x40\xed\xda\
\xb5\x13\xb5\x6a\x44\x44\x44\x30\x73\xe6\x4c\x66\xcc\x98\x11\xe7\
\x7b\x81\xab\xe4\x72\x53\xad\x8e\xe6\x5e\xba\x64\x17\x24\x8a\x96\
\x24\x7e\x32\x46\xf3\xa7\xc5\xb3\xe8\x6e\x89\x12\x25\x98\x30\x61\
\x02\x0d\x1b\x36\xf4\x50\xae\xd3\x52\xf8\x03\x4c\x32\x1a\xe4\xa2\
\x4d\xe5\xca\x95\xa3\x5d\xbb\x76\xec\xdc\xb9\xd3\x4d\x01\x50\x26\
\x3a\xd6\x13\x8d\x7a\x16\x98\x63\xd3\xfd\x5a\xb5\x6a\xc5\x9c\x39\
\x73\x28\x50\xa0\x80\xbc\xae\xa5\x97\xb7\xf8\x11\x0b\x05\x40\xf0\
\x32\x11\xfd\x54\xd3\x1e\x77\x3e\xf8\xe0\x03\xc2\xc3\xc3\x3d\x2a\
\xfa\x65\xca\x94\x09\x3f\x3f\x3f\xa2\xa2\xa2\x78\xfc\xf8\x31\xe0\
\x2a\x57\xab\x50\x28\x70\x38\x1c\xe4\xcf\x9f\x3f\xd5\xe9\x5f\xaf\
\xb4\x45\x45\xaf\xa7\x5f\xbf\x7e\x98\xcd\x66\xa6\x4d\x9b\x96\x26\
\xf9\xef\xee\x0c\x1a\x34\x88\xa9\x53\xa7\xf2\xe0\xc1\x03\x00\x3e\
\xfb\xec\x33\x6e\xdf\xbe\xcd\x4f\x3f\xfd\x84\xf2\x05\xa7\xc2\x19\
\x8d\x46\x06\x0f\x1e\xcc\xcc\x99\x33\x3d\xd6\x17\x50\xa9\xe9\xa6\
\xf3\xa1\xa1\x36\xfd\x6b\xf7\xdb\x81\xbf\x2d\x66\xe6\x98\x0d\x5c\
\x8b\x47\x69\xad\x5e\xbd\x3a\xbd\x7b\xf7\xa6\x75\xeb\xd6\xe8\x74\
\x89\xd7\x0e\xb8\x75\xeb\x16\x93\x27\x4f\x66\xce\x9c\x39\x72\x47\
\xc6\x27\x68\x51\x50\x5f\xeb\x45\x4b\x2f\x1d\x95\x52\x18\xdc\xb6\
\xc3\x66\x61\x94\x21\xda\x23\xa5\x2f\x53\xa6\x4c\x7c\xf7\xdd\x77\
\xf4\xe8\xd1\x03\xb5\x5b\xbd\x86\xf4\x10\xfe\xa7\xed\x36\xfe\x17\
\xe3\xaf\x57\x28\x14\x4c\x9f\x3e\x1d\x95\x4a\x85\x5e\x1f\x6b\xc6\
\xf7\x79\xc6\xdf\xcc\x28\x49\x7c\x69\x88\x62\xab\x5b\x1c\x51\xa7\
\x4e\x9d\xf8\xed\xb7\xdf\x98\x3e\x7d\x3a\x61\x61\x61\x2e\x65\x46\
\xad\xa6\xa8\xa8\xd4\x28\x14\x00\xc1\xcb\x45\x94\xdb\x8b\x27\x28\
\x28\xc8\x63\x5b\xcd\x9a\x35\xf1\xf1\xf1\xa1\x4a\x95\x2a\xd4\xab\
\x57\x8f\x6a\xd5\xaa\x91\x39\x73\x66\x8f\x97\xe3\xbe\x7d\xfb\x38\
\x7e\xfc\x38\x61\x61\x61\x14\x2b\x56\x8c\x8f\x3e\xfa\x08\x1f\x1f\
\x9f\x37\x76\x3c\x57\xad\x5a\x25\x9b\xe5\xcb\x95\x2b\xc7\x17\x5f\
\x7c\x91\xa6\xe7\xf7\xf1\xf1\xa1\x43\x87\x0e\x4c\x9e\x3c\x59\x5e\
\x37\x71\xe2\x44\xce\x9e\x3d\xcb\x82\x05\x0b\x3c\xfe\x3e\xcf\x93\
\x7b\xf7\xee\xd1\xb0\x61\x43\x4e\x9e\x3c\x29\xaf\xcb\xa5\x54\xf1\
\xa9\x8f\x2f\x4d\xb4\xba\x74\x8f\xfc\x76\x00\x7f\x5a\x4c\xcc\x36\
\x19\xb9\xf3\x54\x14\x7f\x60\x60\x20\x9d\x3b\x77\xa6\x4f\x9f\x3e\
\x49\x2a\xab\x0c\x70\xf6\xec\x59\xc6\x8e\x1d\xcb\xf2\xe5\xcb\xe3\
\xc4\x66\xe4\x52\xaa\x68\xa3\xf3\xe6\x7d\x2f\x1d\xc1\x29\x2c\x69\
\x1b\x21\x39\x19\x6b\xd0\xb3\xce\x6a\x96\xd7\x29\x14\x0a\xfa\xf4\
\xe9\xc3\x98\x31\x63\x08\x0c\x0c\xf4\xd8\xff\xc2\x85\x0b\xd4\xaf\
\x5f\xdf\x43\xf8\xff\xe6\x9f\x81\xbc\xa9\x10\xfe\x36\x24\x86\x1b\
\xa2\xe5\xec\x82\x2e\x5d\xba\x50\xb5\x6a\x55\x00\x59\x70\x3f\xb1\
\xdc\xc4\xc7\x1d\xa7\x83\xbe\xd1\x91\x1e\x2e\x8b\x9e\x3d\x7b\x32\
\x73\xe6\x4c\xec\x76\x3b\x13\x26\x4c\x90\xd7\x77\xd3\x89\xea\xa0\
\x42\x01\x10\xbc\x7c\x0a\x80\x9b\x05\xe0\x69\x05\x60\xc6\x8c\x19\
\xcf\x3c\x36\x57\xae\x5c\xe4\xca\x95\x8b\xb6\x6d\xdb\x8a\x81\x7c\
\x62\x51\x71\x9b\x25\x1a\x0c\x86\x74\xb9\x46\x8d\x1a\x35\x3c\x14\
\x00\x80\x8d\x1b\x37\x52\xba\x74\x69\x16\x2c\x58\xe0\x61\x32\x7e\
\x1e\x84\x87\x87\x53\xbb\x76\x6d\xce\x9f\x3f\xef\x12\x64\x40\x3b\
\x9d\x37\x43\xbc\xfd\x9e\x4b\xb7\xbe\x1d\x36\x0b\x13\x8d\x06\xae\
\x3c\xe5\x3b\xcf\x9e\x3d\x3b\x83\x07\x0f\xa6\x57\xaf\x5e\x89\x36\
\x52\x7a\xc2\xf5\xeb\xd7\x19\x39\x72\x24\x4b\x96\x2c\x89\xe3\xf6\
\xaa\xa8\xd6\xd0\xcd\xdb\x87\x77\x34\x5e\xa9\x52\x68\xb6\x59\x2d\
\x8c\x34\x46\x7b\x04\xf9\x15\x28\x50\x80\xb9\x73\xe7\x52\xab\x56\
\xad\x38\xfb\xdf\xbc\x79\x93\x7a\xf5\xea\xc9\x56\x9f\xb4\x10\xfe\
\x00\x33\x4d\x46\x59\x78\x67\xcc\x98\x91\x71\xe3\xc6\xc9\xdb\xdc\
\xd3\x32\xe3\xab\x71\xb0\xc7\x66\xe5\x4b\x7d\x14\x61\x31\xae\x03\
\xa5\x52\xc9\x98\x31\x63\x64\x85\x77\xd1\xa2\x45\xdc\xbe\x7d\x1b\
\x80\xbc\x2a\x15\xf5\xb4\x22\xfa\x5f\x28\x00\x82\x97\x0e\x93\x9b\
\xd7\x31\xa9\x2f\x49\x41\xc2\xdc\xbd\x7b\x57\x5e\xce\x94\x29\x53\
\xba\x5c\xc3\xdd\x55\x53\x4c\xa5\xe6\xb2\xc3\x81\x0d\x89\xd0\xd0\
\x50\x1a\x37\x6e\xcc\xc0\x81\x03\x19\x33\x66\x4c\x82\x85\x85\xd2\
\x9a\x8f\x3e\xfa\x48\x16\xfe\xde\x0a\x05\xe3\x7d\x03\x78\x37\x9d\
\x5f\xf8\x12\xae\x26\x55\x33\xcd\x46\x0e\x3d\x95\x6f\x9e\x2f\x5f\
\x3e\xbe\xf8\xe2\x0b\xba\x76\xed\x9a\xe4\x31\x78\xf0\xe0\x01\x3f\
\xfe\xf8\x23\x33\x67\xce\xc4\x6a\x8d\x3d\x9f\x12\xa8\xad\xf5\xa2\
\x9b\xce\x87\x32\xa9\x4c\xed\xb3\x48\x12\xe3\x8d\x7a\x7e\x77\x4b\
\x91\x53\x2a\x95\xf4\xeb\xd7\x8f\xd1\xa3\x47\xc7\x6b\x39\x7b\xf0\
\xe0\x01\xf5\xea\xd5\x93\xab\x3d\x66\x50\xb8\xf2\xfc\x53\x2b\xfc\
\xcf\xd8\xed\xcc\x71\x0b\xd8\x9b\x3a\x75\xaa\x47\xec\x8e\x7b\xe0\
\x66\x26\x37\x2b\x87\x1d\x98\x62\xd4\xf3\x9b\xd9\x28\xbf\x39\xfc\
\xfd\xfd\x59\xb6\x6c\x19\x4d\x9b\x36\x05\xc0\x6a\xb5\x32\x76\xec\
\x58\xf9\x98\xee\x3a\x5f\x44\x65\x10\xa1\x00\x08\x5e\x42\xdc\xe7\
\x67\xc9\x09\xf4\x13\x24\x30\x1b\xdd\xb1\x43\x5e\x8e\xaf\x82\x62\
\x5a\xb0\x6f\xdf\x3e\x79\xb9\xbc\x46\xc3\x28\xdf\x00\x3e\x37\x44\
\x72\xc3\xe1\x40\x92\x24\x26\x4d\x9a\xc4\xd6\xad\x5b\x99\x3d\x7b\
\x76\x82\x05\x9d\xd2\x8a\xf5\xeb\xd7\xcb\x1d\x08\xd5\xc0\x34\xbf\
\x40\xde\x4a\xc7\xce\x83\x51\x92\xc4\x1a\x8b\x89\x95\x16\x53\x1c\
\x1f\x7f\x96\x2c\x59\x18\x31\x62\x04\x3d\x7a\xf4\x40\xa3\x49\x9a\
\xb0\x36\x99\x4c\x8c\x1b\x37\x8e\x89\x13\x27\x7a\xf8\xbd\x95\x40\
\x53\x2f\x1d\xbd\x75\xbe\xa9\x16\xb6\x00\x97\x1d\x76\x3e\xd7\x47\
\x79\x98\xcb\x8b\x14\x29\xc2\xfc\xf9\xf3\xa9\x56\xad\x5a\xbc\xc7\
\x44\x44\x44\xd0\xa0\x41\x03\x2e\x5e\xbc\xe8\x52\xd0\x15\x0a\x66\
\xa5\x41\xd7\xc3\x68\x49\x62\xb0\x3e\x52\xae\xe8\xd8\xbc\x79\x73\
\xda\xb7\x6f\x2f\x6f\xb7\xd9\x6c\x3c\x7c\xf8\xd0\x25\xdc\x15\x0a\
\xd9\x8a\x73\xdb\xe9\x60\x88\x3e\x8a\x53\x6e\x41\x95\x85\x0a\x15\
\xe2\xcf\x3f\xff\xf4\x70\xad\xfc\xfc\xf3\xcf\x5c\xb9\x72\x05\x70\
\xa5\x77\x36\xf3\x12\xb3\xff\x17\x81\x28\xb8\x24\x48\x14\x77\xed\
\xfe\x49\xe3\x18\x41\xca\xb8\x7f\xff\x3e\x87\x0e\x1d\x92\xad\x29\
\x4f\xfc\xa9\x69\xcd\xaf\xbf\xfe\x2a\x2f\x57\x54\x6b\x29\xa1\x56\
\xb3\x3a\x20\x98\x16\x5e\xb1\x41\x6d\x27\x4f\x9e\xa4\x5a\xb5\x6a\
\xf4\xed\xdb\x97\xa8\xa8\xa8\x74\xfb\xce\xbf\xfc\xf2\x8b\xbc\xdc\
\xd3\xdb\x37\xdd\x84\xff\x49\xbb\x8d\xe1\x86\x28\xde\x8d\x78\xc4\
\x38\xa3\xde\x43\xf8\xfb\xf9\xf9\x31\x62\xc4\x08\x2e\x5f\xbe\xcc\
\xc7\x1f\x7f\x9c\x64\xe1\xbf\x6e\xdd\x3a\x4a\x94\x28\xc1\xa8\x51\
\xa3\x3c\x84\xff\xbb\x5a\x2f\xfe\x08\x0c\x66\x8c\x6f\x40\x9a\x08\
\xff\x55\x16\x13\x1f\x44\x85\x7b\x08\xff\xde\xbd\x7b\x73\xec\xd8\
\xb1\x04\x85\xbf\xc1\x60\xa0\x49\x93\x26\x72\xb9\x67\x9d\x42\xc1\
\x34\xbf\x40\x4a\xa4\xb2\x89\x93\x04\x7c\x63\x88\xe2\x56\x4c\x9c\
\x44\xd6\xac\x59\x99\x3d\x7b\xb6\xc7\x3e\xa1\xa1\xa1\x72\x7a\x63\
\x88\x52\x89\x13\x58\x6a\x36\xf1\x7e\x64\x98\x87\xf0\xef\xd4\xa9\
\x13\x47\x8e\x1c\xf1\x10\xfe\xb7\x6e\xdd\xe2\x87\x1f\x7e\x90\x3f\
\x0f\xf2\xf1\x45\x23\x52\xff\x84\x02\x20\x78\x39\x29\xac\x8e\x6d\
\x04\xb3\x7b\xf7\x6e\x8f\x17\x61\x52\x39\x70\xe0\x00\x0d\x1b\x36\
\x24\x6b\xd6\xac\xac\x5a\xb5\xea\x8d\x1d\xcb\x29\x53\xa6\xc8\x56\
\x94\x7a\xf5\xea\xa1\x4d\xa7\xa2\x27\xc5\x8b\x17\x97\x97\xff\x8b\
\xe9\xdd\xee\xa3\x50\xf0\xa3\x6f\x00\xe3\xfd\x02\x08\x8c\x51\xea\
\x9c\x4e\x27\xd3\xa7\x4f\xa7\x58\xb1\x62\xfc\xef\x7f\xff\x4b\x97\
\x7b\x39\x73\xe6\x8c\xbc\xdc\xca\x2b\x6d\x3b\xf2\xdd\x76\x3a\x98\
\x69\x32\xd0\x34\xf2\x31\xed\xa3\xc2\xf9\xe3\xa9\x56\xc3\xd9\xb3\
\x67\xe7\xdb\x6f\xbf\xe5\xf2\xe5\xcb\x8c\x1c\x39\x32\xc9\x2e\xac\
\x87\x0f\x1f\xd2\xa6\x4d\x1b\x9a\x37\x6f\xce\xb5\x6b\xd7\xe4\xf5\
\x95\x34\x5a\x96\x06\x64\x60\x9a\x5f\x20\x85\xd2\x20\x62\xdd\x10\
\xd3\x63\x63\xa4\x21\x5a\xbe\xef\x0c\x19\x32\xb0\x7a\xf5\x6a\x66\
\xce\x9c\x89\xb7\x77\xfc\x69\x71\x56\xab\x95\x96\x2d\x5b\xb2\x77\
\xef\x5e\xd9\xb2\xf2\xb3\x5f\x00\x95\xd2\x40\xb9\x5a\x6c\x36\xf2\
\x6f\x4c\xc4\xbe\x52\xa9\x64\xd1\xa2\x45\x71\xd2\x76\xdd\xab\x34\
\x66\x54\x28\xe9\x12\x15\xce\x68\x63\x34\xc6\x98\xef\xe0\xe7\xe7\
\xc7\xc2\x85\x0b\x59\xbc\x78\xb1\x5c\x1c\xe9\x09\x43\x86\x0c\x91\
\x63\x5f\x2a\xa9\x35\x6f\x5c\x97\x46\xa1\x00\x08\x5e\x29\x32\x28\
\x94\x94\x8d\xf1\x6d\x46\x47\x47\x27\x39\x6a\xfd\xd2\xa5\x4b\x4c\
\x9a\x34\x89\xb7\xdf\x7e\x9b\xb7\xde\x7a\x8b\x4d\x9b\x36\x11\x1a\
\x1a\xca\xdc\xb9\x73\xdf\xc8\x71\xbc\x7c\xf9\xb2\x47\x60\x5e\xff\
\xfe\xfd\xd3\xed\x5a\x13\x26\x4c\x90\xf3\xd6\xff\xb6\x98\xb9\xee\
\x36\x1b\x6e\xac\xd5\xb1\x3e\x30\x98\xe6\x6e\xc2\xf8\xee\xdd\xbb\
\xb4\x6e\xdd\x9a\x26\x4d\x9a\xc8\xbe\xfa\xb4\xa2\x7c\xf9\xf2\xf2\
\xf2\xbf\x6e\xa9\x60\x29\xe5\xa6\xc3\xc1\x62\xb3\x91\x8e\x51\xe1\
\x34\x8c\x78\xcc\x54\x93\x67\x3a\x9f\x42\xa1\xa0\x4e\x9d\x3a\xac\
\x5e\xbd\x9a\xeb\xd7\xaf\x33\x6a\xd4\xa8\x64\xd5\x9d\x58\xbb\x76\
\x2d\xa5\x4a\x95\x62\xf5\xea\xd5\xb1\x8a\x84\x52\xc5\x54\xbf\x40\
\x16\xf8\x07\xc9\xbf\x85\xd4\x72\xcd\xe1\xa0\x5d\x54\x38\x9b\xdc\
\xc6\xa4\x7a\xf5\xea\x1c\x3f\x7e\x9c\x56\xad\x5a\x25\x78\x9c\xc3\
\xe1\xa0\x63\xc7\x8e\x6c\xde\xbc\x59\x7e\x89\x8f\xf1\x0b\xa0\x66\
\x1a\x94\xd0\x3d\x65\xb7\xf1\xb3\x31\xd6\xef\x3f\x72\xe4\x48\xea\
\xd5\xab\x17\x77\xbf\x98\x0a\x80\xe0\xea\x12\x7a\xcc\x6d\xd6\xff\
\xf6\xdb\x6f\x73\xf4\xe8\x51\xba\x74\xe9\x12\xe7\xb8\x7f\xff\xfd\
\x97\x95\x2b\x57\x02\xa0\x02\x86\xf9\xfa\x8b\xb9\xbf\x50\x00\x04\
\x2f\x3b\x7d\xbc\x7d\xe5\x1f\xea\x8c\x19\x33\xf8\xe0\x83\x0f\x38\
\x7a\xf4\xa8\x3c\x9b\xbd\x73\xe7\x0e\x3b\x77\xee\x64\xfa\xf4\xe9\
\x74\xef\xde\x9d\xc2\x85\x0b\x53\xb8\x70\x61\x06\x0d\x1a\x24\xcf\
\x52\xc0\x55\x27\xfe\x93\x4f\x3e\x49\xd2\x35\xed\x76\x3b\xbf\xfc\
\xf2\x0b\x5f\x7d\xf5\x15\x91\x91\x91\xaf\xf4\xf8\x99\x4c\x26\xda\
\xb5\x6b\x87\xd9\xec\x4a\xe9\xaa\x5f\xbf\x7e\xbc\xd1\xdc\x69\x45\
\xa9\x52\xa5\x68\xd7\xae\x9d\x4b\x60\x00\xb3\xcd\x9e\xd9\x06\xc1\
\x4a\x25\x63\x7c\x03\x98\xe7\x1f\x44\x1e\x37\x13\xf6\x86\x0d\x1b\
\x28\x5d\xba\x34\x03\x06\x0c\xf0\x48\xf3\x4a\x0d\xee\xbe\xe3\x9f\
\x8d\x06\xfe\x7a\xaa\x98\x4d\x62\x44\x49\x12\xbb\x62\x2a\xe0\x35\
\x89\x7c\x4c\xa3\xc8\xc7\x8c\x35\xea\x39\x6e\xf7\xec\x79\x97\x2d\
\x5b\x36\x06\x0f\x1e\xcc\xb9\x73\xe7\xf8\xf7\xdf\x7f\x69\xd5\xaa\
\x55\x92\x4d\xfd\xe0\xf2\x6b\x0f\x1e\x3c\x98\x16\x2d\x5a\x10\x1a\
\x1a\x2a\x0b\xa9\x1e\x3a\x1f\xd6\x05\x06\x53\x3b\x0d\x83\x16\xff\
\xb5\x5a\xf8\x20\x2a\x8c\xab\x31\x26\x7f\xa5\x52\xc9\xb7\xdf\x7e\
\xcb\xf6\xed\xdb\xc9\x9d\x3b\xf7\x33\x8f\x1d\x30\x60\x80\xac\x9c\
\x28\x80\x6f\x7c\xfd\x69\x9c\x06\xb3\xe8\x28\x49\x62\x88\x3e\x4a\
\xee\x24\x58\xbb\x76\xed\x04\xab\x51\x6e\xd8\xb0\x21\x56\x21\x89\
\xf9\xdf\xcf\xcf\x8f\x5f\x7e\xf9\x85\x9d\x3b\x77\x52\xa8\x50\xa1\
\x38\xc7\x84\x87\x87\xd3\xad\x5b\x37\xf9\x73\x07\x9d\x4f\x9a\x58\
\x51\x04\x29\x47\x01\x09\xff\x16\x5b\x78\xe9\xf8\xd1\x37\x40\x8c\
\x92\x20\xe6\xe5\xad\x67\x9e\x5b\x25\xaf\x27\x2f\x2e\x49\x92\x12\
\x6d\x14\x13\x10\x10\x40\xcf\x9e\x3d\x19\x38\x70\x20\x39\x73\xe6\
\x4c\xf4\x5a\x67\xcf\x9e\xa5\x6b\xd7\xae\x1c\x3c\x78\x10\x80\x61\
\xc3\x86\x79\xf8\x0d\x5f\x25\x0c\x06\x03\xcd\x9b\x37\x67\xdb\xb6\
\x6d\xf2\x58\x1c\x3d\x7a\xd4\xa3\x02\x5a\x7a\x70\xee\xdc\x39\x4a\
\x96\x2c\x89\xd3\xe9\x44\x05\xac\x0f\xcc\x18\x6f\xfb\x57\x8b\x24\
\x31\xdb\x6c\x64\xbe\xc9\x88\xd5\xed\x75\x10\x1c\x1c\xcc\x88\x11\
\x23\x92\xe5\x33\x8f\x0f\xa7\xd3\xc9\xbb\xef\xbe\xeb\x51\x39\xae\
\x90\x4a\x4d\x3d\xad\x17\x25\xd5\x1a\xb2\x2a\x95\xf8\x2a\x14\x18\
\x25\x09\xa3\x24\x71\xcf\xe9\xe0\x8e\xd3\xc9\x35\x87\x9d\x93\x76\
\x3b\xd7\x1c\xf6\x04\x5f\x52\xfe\xfe\xfe\xb4\x6c\xd9\x92\x8e\x1d\
\x3b\x26\xa9\x5a\x5f\x42\x3c\x78\xf0\x80\x56\xad\x5a\xb1\x7b\xf7\
\x6e\x79\x5d\x3e\x95\x8a\x31\xbe\x01\x94\x4a\xc3\xae\x82\x4e\x5c\
\x11\xf2\xf3\xdc\x22\xe4\x83\x83\x83\x59\xb2\x64\x89\xdc\x77\xe1\
\x59\xcc\x9a\x35\x8b\x3e\x7d\xfa\xc8\x9f\x3f\xf3\xf1\xa3\x87\x2e\
\xf5\x35\x35\x1c\xc0\x27\xd1\x11\xec\x8e\xc9\x96\xc8\x91\x23\x07\
\xc7\x8e\x1d\x8b\x93\xa5\x72\xe6\xcc\x19\x06\x0d\x1a\x24\x5b\x1f\
\x9e\x50\xbf\x7e\x7d\x66\xcd\x9a\x45\xde\xbc\x79\x13\xbc\x46\xbb\
\x76\xed\x58\xb1\x62\x85\x6c\x51\xf9\x23\x30\x38\xc1\xfa\x01\x82\
\xb4\x61\x98\x21\x8a\x35\x16\xb3\x50\x00\x04\xa4\xc9\x4b\x62\xb6\
\xc9\xc0\x0c\x93\x81\xa4\xe4\x02\x64\xcd\x9a\x95\xc6\x8d\x1b\xd3\
\xa4\x49\x13\xea\xd7\xaf\x9f\x24\xff\x6b\x64\x64\x24\xa3\x46\x8d\
\x62\xda\xb4\x69\x1e\xc5\x55\xe6\xcc\x99\x43\x8f\x1e\x3d\x5e\xb9\
\x31\xbb\x7e\xfd\x3a\x6d\xdb\xb6\x95\x03\xff\x94\x4a\x25\x6b\xd6\
\xac\xa1\x59\xb3\x66\xcf\xe5\xfa\xee\x2f\xdd\x36\x5e\xde\x8c\xf4\
\xf5\x4f\x70\xdf\xdb\x4e\x07\x13\x8c\x7a\xb6\x3c\x65\xa6\x2f\x54\
\xa8\x10\xdf\x7f\xff\x3d\x6d\xdb\xb6\xf5\xa8\xf8\x98\x1c\xc2\xc2\
\xc2\x68\xd6\xac\x99\x87\x35\x28\xa5\x64\xc9\x92\x85\xc6\x8d\x1b\
\xcb\xcf\x56\x42\x7e\xf2\xa4\x72\xed\xda\x35\x1a\x34\x68\xc0\xa5\
\x4b\x97\xe4\x75\xad\xbc\xbc\xf9\xda\x27\x6d\x6b\x14\x18\x25\x89\
\xa1\x86\x28\xb6\xb9\x8d\x6f\xd9\xb2\x65\xf9\xe3\x8f\x3f\xc8\x97\
\x2f\x5f\xa2\xc7\x6f\xdf\xbe\x9d\xfa\xf5\xeb\xcb\xbf\x8b\xf6\x3a\
\x6f\xbe\xf1\xf1\x4f\x93\x7b\xfb\xc1\x10\x2d\xa7\x1e\xaa\xd5\x6a\
\xfe\xfb\xef\x3f\xaa\x57\xaf\xee\xf1\x1c\xc7\x57\xfb\x20\x77\xee\
\xdc\x4c\x9c\x38\x91\xd6\xad\x5b\x3f\xf3\xfc\xd3\xa6\x4d\xa3\x5f\
\xbf\x7e\xb2\x55\x65\x7e\x40\x06\x2a\xa6\xa1\x62\x25\x10\x0a\x80\
\xe0\x39\x71\xc5\x61\x67\xb5\xc5\xcc\x4e\x9b\x95\xeb\x31\x26\x4c\
\x2f\x2f\x2f\x6a\xd6\xac\x49\x91\x22\x45\x28\x57\xae\x1c\x15\x2a\
\x54\xa0\x54\xa9\x52\x49\x16\x18\x76\xbb\x9d\x1f\x7f\xfc\x91\xe9\
\xd3\xa7\xcb\xe9\x45\x4f\x66\xcb\x93\x27\x4f\xa6\x6b\xd7\xae\xaf\
\xd4\x18\x39\x9d\x4e\x16\x2c\x58\xc0\xe0\xc1\x83\x89\x88\x88\x70\
\xbd\xf8\x54\x2a\xe6\xce\x9d\xcb\x47\x1f\x7d\xf4\xdc\xee\xe3\xd4\
\xa9\x53\x94\x2e\x5d\x1a\x70\x05\x01\x6e\x0b\x0a\x49\x74\xd6\x75\
\xd8\x6e\x63\x9c\x31\x9a\xb3\x4f\x75\xc3\xab\x50\xa1\x02\xa3\x47\
\x8f\x4e\x71\x19\x67\xbb\xdd\xce\xa4\x49\x93\x98\x38\x71\xa2\x6c\
\x62\x4f\x0a\x41\x41\x41\x54\xa9\x52\x85\xb7\xdf\x7e\x9b\x46\x8d\
\x1a\x51\xbe\x7c\xf9\x34\x2b\x69\x7c\xee\xdc\x39\xea\xd4\xa9\x23\
\xe7\xb4\x7b\x29\x14\x7c\xe3\xe3\x4f\xcb\x34\x0e\x56\xbc\xe7\x74\
\xf0\x69\x74\x24\x17\xdc\xa2\xfc\xbb\x74\xe9\xf2\xcc\x40\x3f\x77\
\xee\xde\xbd\x4b\x99\x32\x65\xe4\x2a\x7f\x6f\x69\xb4\xcc\xf6\x0f\
\x4a\x93\xdc\xf9\x45\x66\x23\xe3\x8c\xb1\x81\xbd\xbf\xfc\xf2\x8b\
\x2c\xac\xef\xdf\xbf\xcf\x98\x31\x63\x98\x35\x6b\x16\x16\x4b\xac\
\xe2\xe2\xed\xed\xcd\xe7\x9f\x7f\xce\xd0\xa1\x43\x13\xad\xea\xb9\
\x67\xcf\x1e\xde\x7d\xf7\x5d\x59\x71\xe9\xed\xed\x4b\x7f\x6f\x51\
\xf5\x4f\x28\x00\x82\x57\x9a\x87\x4e\x27\xb5\x22\x5c\x2f\xa4\xfc\
\xf9\xf3\xcb\x79\xbd\xc9\x65\xe3\xc6\x8d\x74\xe9\xd2\x45\x7e\xb9\
\x3d\xa1\x6e\xdd\xba\xcc\x9a\x35\x8b\xfc\xf9\xf3\xbf\x52\x82\x7f\
\xe3\xc6\x8d\x71\xba\xa5\xf9\xf9\xf9\x31\x7f\xfe\x7c\xda\xb4\x69\
\xf3\xdc\xef\xa9\x56\xad\x5a\x72\xed\x81\x61\x3e\xfe\x74\xd0\x25\
\x2e\x70\x9c\xc0\x5f\x16\x33\x53\x4d\x7a\x8f\x1a\xf4\xe0\x6a\xdf\
\xfa\xdd\x77\xdf\x79\xcc\x10\x93\x83\xc5\x62\x61\xf7\xee\xdd\xfc\
\xf7\xdf\x7f\x5c\xbd\x7a\x95\xdb\xb7\x6f\x63\x34\x1a\xf1\xf5\xf5\
\x45\xa7\xd3\x91\x23\x47\x0e\xf2\xe7\xcf\x4f\xfe\xfc\xf9\x29\x57\
\xae\x1c\x45\x8b\x16\x4d\xb1\xe5\xe1\x59\xdc\xb9\x73\x87\x6a\xd5\
\xaa\xc9\x8d\x7b\xfc\x15\x0a\xa6\xf9\x07\xa5\xf9\xcc\xf4\x90\xcd\
\xca\x10\x43\x14\x8f\x9c\xb1\x15\xf1\xc6\x8e\x1d\xcb\xe7\x9f\x7f\
\x9e\xe4\x73\x34\x69\xd2\x44\xf6\xbb\xe7\x56\xa9\x58\x1e\x90\x41\
\xce\xe4\x48\x0d\x5b\xad\x16\x06\xea\x23\xe5\x52\xbf\xfd\xfb\xf7\
\x67\xca\x94\x29\xdc\xba\x75\x8b\xf1\xe3\xc7\x33\x77\xee\x5c\x4c\
\x26\xcf\xa2\x44\x1d\x3b\x76\xe4\xbb\xef\xbe\x7b\xa6\xb9\xff\x09\
\x97\x2e\x5d\xe2\xed\xb7\xdf\x96\x95\xfa\x6a\x1a\x2d\x33\xd3\x48\
\x71\x11\x08\x05\x40\xf0\x82\xa9\x15\xf1\x88\x87\x31\x2f\xb6\x5d\
\xbb\x76\x25\x59\x28\x44\x44\x44\xb0\x6c\xd9\x32\xe6\xcd\x9b\xe7\
\x21\x28\x9f\x46\xa3\xd1\x50\xa0\x40\x01\x8a\x17\x2f\x4e\x91\x22\
\x45\x28\x5e\xbc\x38\xc5\x8a\x15\xa3\x48\x91\x22\x2f\x55\x55\xc2\
\x9b\x37\x6f\xb2\x6a\xd5\x2a\x66\xce\x9c\xc9\xe5\xcb\x97\x3d\xb6\
\x95\x2b\x57\x8e\xdf\x7f\xff\x9d\x22\x45\x8a\xa4\xd9\xf5\x6e\xdc\
\xb8\x41\xce\x9c\x39\x93\xe4\xf3\x5e\xb1\x62\x85\x1c\x10\x58\x54\
\xa5\xe6\x7f\x81\xc1\x49\xbe\x8e\x59\x92\x58\x66\x31\x31\xd7\x64\
\xf4\xe8\x0a\x09\xae\x34\xc6\x91\x23\x47\x26\x98\xa7\xfe\x32\x63\
\x34\x1a\x79\xeb\xad\xb7\xe4\x68\xf6\x60\x85\x92\x79\x01\x41\x14\
\x4e\xc3\xa0\xb4\x28\x49\x62\xa2\x51\xcf\xff\x2c\xb1\xb5\x34\xfd\
\xfc\xfc\x58\xba\x74\x29\xcd\x9b\x37\x4f\xba\x90\xde\xba\x95\xba\
\x75\xeb\x02\xae\xe6\x42\xbf\x07\x66\x48\x93\xa6\x39\x67\xec\x76\
\x3e\x8c\x0e\xc7\x14\x13\xbf\xd3\xac\x59\x33\xc6\x8d\x1b\xc7\xa4\
\x49\x93\x58\xb8\x70\xa1\x47\xb5\xc3\x27\xdb\x47\x8f\x1e\x4d\xc9\
\x92\x25\x93\x74\xfe\xd0\xd0\x50\xaa\x55\xab\xc6\xd5\xab\x57\x01\
\xc8\xa1\x54\xb1\x22\x30\x03\x19\x14\x22\xf6\x5c\x28\x00\x82\xd7\
\x82\x09\x31\x25\x3f\xc1\x55\x2b\x7c\xcc\x98\x31\xb4\x6d\xdb\x36\
\x4e\xa3\x92\x88\x88\x08\xce\x9d\x3b\xc7\xb6\x6d\xdb\xf8\xef\xbf\
\xff\xd8\xb3\x67\x8f\x1c\x11\x2f\x0b\x7b\x5c\x71\x06\xce\x24\x5e\
\x3b\x57\xae\x5c\xe4\xcb\x97\x8f\xbc\x79\xf3\xca\xff\x3f\x59\xce\
\x91\x23\x87\x47\x97\xb4\xb4\x26\x32\x32\x92\x03\x07\x0e\xb0\x6f\
\xdf\x3e\xd6\xad\x5b\xc7\x91\x23\x47\xe2\xec\x93\x31\x63\x46\x46\
\x8d\x1a\x45\xef\xde\xbd\xd3\xf4\x5e\xfa\xf7\xef\xcf\xd4\xa9\x53\
\xa9\x5a\xb5\x2a\x3b\x77\xee\x4c\xf4\xdc\x56\xab\x95\xec\xd9\xb3\
\xcb\x9d\x19\xd7\x05\x06\x93\x3f\x05\xed\x68\xe7\x99\x0d\x2c\x31\
\x9b\x64\x81\xf1\x84\x46\x8d\x1a\xf1\xf3\xcf\x3f\x53\xb4\x68\xd1\
\x57\xe6\xb9\xed\xd7\xaf\x1f\xd3\xa6\x4d\x03\x5c\xae\x91\xdf\xfc\
\x83\x28\x99\x46\x33\x7f\x27\xb0\xde\x62\x66\xa2\x49\x2f\xcf\xfa\
\x01\xf2\xe6\xcd\xcb\x9a\x35\x6b\x28\x53\xa6\x4c\xb2\xce\xf7\xf6\
\xdb\x6f\xcb\xb1\x13\x69\x65\x3e\xbf\xe5\x74\xd0\x29\x2a\x5c\xbe\
\xbf\x42\x85\x0a\x51\xa0\x40\x01\x36\x6f\xde\x2c\x17\xf8\x79\x42\
\x83\x06\x0d\xf8\xf6\xdb\x6f\x93\xa5\xe8\x3d\x78\xf0\x80\xba\x75\
\xeb\xca\x0a\x56\xa0\x42\xc9\x92\x80\xa0\x64\x3f\x77\x02\xa1\x00\
\x08\x5e\x62\x22\x25\x27\xad\x22\xc3\xb9\xe7\xd6\x5d\x4d\xad\x56\
\x93\x3b\x77\x6e\x32\x64\xc8\x80\xd5\x6a\xe5\xe6\xcd\x9b\xcf\x4c\
\xe3\x0b\x54\x28\xe9\xa8\xf3\xa6\xab\xce\x47\xae\xdf\xbe\xc7\x66\
\xe5\x84\xdd\xc6\x35\xa7\xc3\xa3\xb0\x4b\x52\x51\x2a\x95\x64\xce\
\x9c\x99\x4c\x99\x32\x91\x3d\x7b\x76\xb2\x64\xc9\x42\x96\x2c\x59\
\x08\x09\x09\x21\x28\x28\x88\xa0\xa0\x20\x02\x03\x03\x09\x0c\x0c\
\xf4\x88\x70\x0f\x0a\x0a\x92\xcd\xcd\x56\xab\x95\xfb\xf7\xef\x73\
\xef\xde\x3d\xa2\xa3\xa3\xb9\x72\xe5\x0a\x57\xaf\x5e\xe5\xcc\x99\
\x33\x9c\x3f\x7f\x3e\xc1\xcc\x87\x5c\xb9\x72\xf1\xc9\x27\x9f\xd0\
\xbb\x77\xef\x38\xed\x93\xd3\x82\xf2\xe5\xcb\x73\xec\xd8\x31\x00\
\x66\xce\x9c\x49\xef\xde\xbd\x13\x3d\xa6\x4f\x9f\x3e\xcc\x9a\x35\
\xcb\xb5\xec\xed\x4b\xbf\x14\x0a\x91\x30\xa7\x93\xb9\x66\x23\x2b\
\x2c\x26\x8f\xbf\x8b\x56\xab\x65\xe0\xc0\x81\x0c\x1f\x3e\xfc\xa5\
\xef\x17\xb1\x7d\xfb\x76\x6a\xd7\xae\x8d\x24\x49\x28\x80\x69\xfe\
\x81\xd4\xd2\xa4\x4d\x8a\xdf\x7f\x56\x0b\xbf\x98\x0c\x1e\x15\xfd\
\x14\x0a\x05\x3d\x7b\xf6\x64\xdc\xb8\x71\x71\x9a\x69\x25\xc6\xe6\
\xcd\x9b\x69\xd0\xa0\x01\xe0\x72\x51\x6c\x49\x42\x0c\x47\xa2\xc2\
\xd9\xe9\xa4\x73\x54\x38\xb7\x63\x7e\xb3\x1a\x8d\x26\x4e\x37\x43\
\x85\x42\x41\xf3\xe6\xcd\x19\x36\x6c\x18\x95\x2a\x55\x4a\xde\xf9\
\x1f\x3c\xa0\x4e\x9d\x3a\x9c\x3e\x7d\x1a\x70\x55\x28\x9c\x97\x86\
\xf5\x13\x04\x42\x01\x10\xbc\x44\xdc\x89\x09\x70\xba\xf4\x54\xa7\
\xb5\x67\xa1\x02\xaa\x68\xb4\xb4\xf4\xd2\x51\x47\xeb\x85\x36\x81\
\x72\x20\x4e\xe0\xae\xd3\xc1\x55\x87\x83\x2b\x0e\x3b\xd7\x63\xfe\
\xbf\xea\x70\xc4\x31\x49\xbf\x48\x02\x03\x03\x69\xdc\xb8\x31\x6d\
\xda\xb4\xa1\x59\xb3\x66\xe9\x6a\x7d\x98\x33\x67\x0e\xbd\x7a\xf5\
\x02\x5c\x51\xd8\x97\x2e\x5d\x4a\xb4\xa2\xe0\x8e\x1d\x3b\xe4\xba\
\x03\xb9\x55\x2a\x36\x06\x66\x4c\xd5\x3d\x3c\x72\x3a\x99\x67\x36\
\xb2\xf2\x29\x45\x20\x67\xce\x9c\x8c\x1a\x35\x8a\x2e\x5d\xba\xa4\
\xeb\x18\xa4\x86\xcf\x3f\xff\x5c\x6e\x43\xab\xc6\x95\x4a\xd7\xde\
\xcb\x1b\xaf\x14\x0a\x56\xb3\x24\xb1\xc1\x6a\xe1\x77\x8b\x31\x4e\
\xe0\x64\xd1\xa2\x45\x99\x3d\x7b\x36\xef\xbc\xf3\x4e\x8a\xce\xed\
\x3e\xfb\xff\xd8\xdb\x97\xbe\xa9\x9c\xfd\x87\x4b\x4e\x3e\x88\x0c\
\x8f\xd3\x0e\xf9\x09\x5e\x5e\x5e\xb4\x6f\xdf\x9e\x41\x83\x06\xa5\
\xa8\x4f\xc5\x95\x2b\x57\x68\xdc\xb8\xb1\xdc\x9b\x40\xa7\x50\x30\
\xd5\x2f\x90\x6a\xe9\xd8\xfb\x41\x20\x14\x00\xc1\x0b\xc6\x81\xcb\
\xec\xb9\xde\x6a\xe6\x98\xdd\xe6\x61\x26\x56\xe1\xaa\x17\x9e\x53\
\xa9\xa2\x94\x5a\x43\x15\x8d\x96\x8a\x6a\x0d\x3e\xa9\x9c\xc9\x44\
\x48\x4e\xee\x38\x9c\xdc\x71\x3a\x5c\xff\x1c\x31\xff\x3b\x9d\xdc\
\x73\x3a\xe4\xb2\xa4\xe9\x41\x40\x40\x00\x95\x2b\x57\xa6\x4a\x95\
\x2a\xd4\xa8\x51\x83\x5a\xb5\x6a\xa5\x5b\x59\xdf\xa7\xb1\xdb\xed\
\x14\x2b\x56\x4c\x8e\x35\x48\x8a\x15\xc0\xe9\x74\x92\x2b\x57\x2e\
\xb9\x13\xe1\xfa\xc0\x8c\xe4\x4b\x83\x1a\xf6\x77\x9c\x0e\xc6\x1a\
\xf5\x1e\xa9\x6d\x00\x05\x0b\x16\xe4\xdb\x6f\xbf\xa5\x43\x87\x0e\
\x29\xce\xcd\x4f\x2f\xce\x9e\x3d\x4b\xcd\x9a\x35\x3d\x82\x4e\xb3\
\x28\x95\x7c\xa4\xf3\xa1\x89\x56\x47\xc6\x24\x64\x18\x98\x25\x89\
\x03\x76\x2b\xdb\xac\x56\x36\x59\xcd\x44\x3f\xf5\xac\x65\xce\x9c\
\x99\xaf\xbe\xfa\x8a\x8f\x3f\xfe\x38\xc5\x1d\x17\x77\xed\xda\x45\
\x8d\x1a\x35\xe4\xd9\xff\xe6\xa0\x10\x02\x52\xf8\x9b\xb9\xea\xb0\
\xb3\xc6\x62\x66\xb1\xc5\x84\x35\x9e\xdf\x45\x96\x2c\x59\xe8\xd3\
\xa7\x0f\x1f\x7f\xfc\x71\xb2\xaa\x26\xba\xb3\x7f\xff\x7e\x9a\x37\
\x6f\x2e\x07\xfc\x09\xe1\x2f\x14\x00\xc1\x1b\xca\x23\xa7\x13\x33\
\x12\x2a\x20\x93\x52\xf5\x42\xda\x4e\x9a\x25\x89\x47\x92\x93\x47\
\x4e\x27\x8f\x9d\x4e\x1e\x38\x9d\x44\x49\x4e\xf4\x92\x44\xb4\x24\
\x11\x25\x39\x89\x96\x24\xf9\x07\x60\x97\x24\x8c\xb8\x2b\x2e\x0a\
\xce\x3b\xec\xf2\x0b\xf3\x87\x1f\x7e\xa0\x6c\xd9\xb2\x14\x2a\x54\
\x88\x82\x05\x0b\xa6\x59\x2a\x5a\x4a\x58\xb8\x70\xa1\x9c\x4e\x58\
\xa2\x44\x09\xd9\xdc\xfa\x2c\x7a\xf4\xe8\xc1\xbc\x79\xf3\x00\x18\
\xea\xe3\x47\x97\x34\x28\x20\x23\x0b\x2b\x9b\x95\x31\xc6\x68\x6e\
\x3c\xd5\x7d\xaf\x40\x81\x02\xf4\xed\xdb\x97\x6e\xdd\xba\x11\x10\
\xf0\xf2\xbc\x4b\x6e\xdd\xba\x45\xe7\xce\x9d\x3d\x3a\x33\x3e\x51\
\x56\x8b\xa8\xd5\x94\x56\x69\xc8\xa5\x52\x11\xa8\x50\xe2\x13\x53\
\xa4\x28\x5c\x72\x72\xd3\xe1\xe0\xbc\xc3\xce\x25\x87\x3d\x5e\xd7\
\x54\x86\x0c\x19\xf8\xec\xb3\xcf\xf8\xec\xb3\xcf\x52\xed\x0a\x69\
\xdb\xb6\xad\xdc\x37\xa3\x97\xb7\x2f\x03\x92\x31\xfb\x97\x80\xb3\
\x76\x3b\xdb\x6c\x16\xb6\x59\x2d\x1e\x2e\x09\xf9\xe5\xaf\x50\x50\
\xab\x56\x2d\x7a\xf6\xec\x49\xcb\x96\x2d\x53\xd5\x1a\x7a\xee\xdc\
\xb9\xf4\xeb\xd7\x4f\x8e\xeb\x09\x50\x28\xf8\xc5\x3f\x88\x4a\xc2\
\xec\x2f\x14\x00\x81\xe0\x55\xa5\x63\x54\x38\xc7\x63\xea\x9c\x9f\
\x39\x73\xc6\xa3\xc9\xce\x8b\xc4\x6e\xb7\x93\x27\x4f\x1e\x79\x46\
\xbf\x73\xe7\xce\x44\xcd\xcc\xff\xfb\xdf\xff\xe4\x82\x2d\xd5\x34\
\x5a\xe6\xf8\x07\xa5\xed\x3d\x01\x7f\x5a\x4c\xcc\x32\x19\x3d\x62\
\x42\xc0\x55\xb1\xaf\x73\xe7\xce\x7c\xf4\xd1\x47\xc9\xf6\x29\xa7\
\x17\x4e\xa7\x93\x95\x2b\x57\xf2\xdd\x77\xdf\x79\x34\xb7\x49\x09\
\x95\x2a\x55\xe2\xe3\x8f\x3f\xa6\x5d\xbb\x76\xa9\x2e\x4c\xf4\x84\
\x3c\x79\xf2\x70\xf3\xe6\x4d\x14\xc0\xb6\xa0\x10\x32\x3f\x43\xe1\
\x94\x80\x1b\x0e\x07\x47\xec\x56\x0e\xda\x6c\x1c\xb0\x5b\xe5\xec\
\x9c\xa7\xc9\x99\x33\x27\x1d\x3a\x74\x90\x4b\x76\xa7\x06\xa3\xd1\
\xc8\x27\x9f\x7c\xc2\xc2\x85\x0b\xe5\x75\x39\x94\x2a\x66\xfa\x07\
\x8a\x80\x3f\xa1\x00\x08\x04\xaf\x36\xb5\x23\x1e\xc9\x79\xf0\xf7\
\xef\xdf\x4f\xb1\x79\x34\x5d\x7e\xdc\xc3\x86\x31\x7a\xf4\x68\x97\
\xa2\xd2\xb1\x23\x4b\x96\x2c\x79\xe6\xfe\x91\x91\x91\x64\xca\x94\
\x09\x9b\xcd\x86\x97\x42\xc1\xde\xa0\x90\x34\xad\x74\xf7\x04\x2b\
\x12\xab\xcd\x66\x7e\x33\x1b\xb9\x1b\x8f\xaf\xb9\x58\xb1\x62\x74\
\xea\xd4\x89\x16\x2d\x5a\xbc\x14\x0a\x95\xc3\xe1\xe0\xaf\xbf\xfe\
\x62\xc9\x92\x25\x6c\xd9\xb2\x25\x49\xdd\x2e\x35\x1a\x0d\x55\xaa\
\x54\xa1\x59\xb3\x66\x34\x6b\xd6\x8c\x62\xc5\x8a\xa5\xb9\x72\xe2\
\xe5\xe5\x85\xdd\x6e\xc7\x4b\xa1\xa0\xbf\xb7\x2f\x59\x95\x2a\x7c\
\x14\x0a\xac\x92\xc4\x03\xa7\x93\xc7\x92\x93\x50\xa7\x83\x1b\x0e\
\x07\x17\x1d\x76\xf4\xcf\x70\x79\x05\x07\x07\xd3\xaa\x55\x2b\x3a\
\x74\xe8\x40\x8d\x1a\x35\xd2\xc4\x7a\xb5\x6b\xd7\x2e\xba\x77\xef\
\xee\x51\x41\xb1\xa2\x5a\xc3\x44\xbf\x40\x42\x94\x22\xd5\x4f\x28\
\x00\x02\xc1\x2b\xcc\x15\x87\x9d\xe6\x91\xae\x86\x38\x79\xf3\xe6\
\xf5\x68\x0b\xfb\x32\x70\xfd\xfa\x75\x0a\x14\x28\x20\x0b\x8b\xd0\
\xd0\xd0\x38\xe9\x97\x4f\x53\xbd\x7a\x75\xf6\xec\xd9\x03\xc0\xa2\
\x80\x0c\x54\x48\x47\x13\xad\x03\xd8\x66\xb5\xb0\xc4\x6c\xe4\xb0\
\xdd\x16\xef\x3e\x05\x0b\x16\xa4\x59\xb3\x66\xd4\xa9\x53\x87\x77\
\xde\x79\xe7\x85\xbb\x09\xec\x76\x3b\x47\x8f\x1e\xe5\xec\xd9\xb3\
\x5c\xbb\x76\x8d\xa8\xa8\x28\x8c\x46\x23\x3e\x3e\x3e\x84\x84\x84\
\x90\x23\x47\x0e\x4a\x95\x2a\x45\xc9\x92\x25\x53\x65\x32\x4f\x0a\
\x35\x6a\xd4\x60\xd7\xae\x5d\x29\x3e\xbe\x40\x81\x02\x34\x6f\xde\
\x9c\x66\xcd\x9a\xf1\xce\x3b\xef\xa4\x59\x50\x66\x54\x54\x14\xdf\
\x7c\xf3\x0d\xd3\xa7\x4f\x97\x53\x06\x15\x40\x37\x9d\x0f\x03\x7c\
\xfc\x44\x91\x9f\x57\x48\x01\x10\x36\x1a\x81\x20\x01\xfe\xb3\xc5\
\x16\x42\x69\xd8\xb0\xe1\x4b\x77\x7f\x79\xf3\xe6\xa5\x4e\x9d\x3a\
\x6c\xd9\xb2\x05\x8b\xc5\xc2\xa6\x4d\x9b\x68\xdb\xb6\xed\x33\x8f\
\xa9\x5a\xb5\xaa\xac\x00\x1c\xb7\xdb\xd2\x55\x01\x50\x01\xf5\xb4\
\x5e\xd4\xd3\x7a\x71\x31\x26\x08\xed\x6f\xab\xd9\x23\x37\xfe\xf2\
\xe5\xcb\x4c\x9a\x34\x89\x49\x93\x26\xa1\x52\xa9\x28\x57\xae\x1c\
\xe5\xca\x95\x93\x85\x6c\x99\x32\x65\x08\x0e\x0e\x7e\x6e\x63\xaa\
\x56\xab\xa9\x5c\xb9\x32\x95\x2b\x57\x7e\xe1\x7f\xdf\xb9\x73\xe7\
\xd2\xa4\x49\x93\x38\x85\xa5\xe2\x43\xa9\x54\x52\xb0\x60\x41\xaa\
\x54\xa9\x42\xad\x5a\xb5\xa8\x55\xab\x56\x9a\x57\xd0\x74\x38\x1c\
\xcc\x9f\x3f\x9f\xe1\xc3\x87\x7b\x94\x72\xce\xac\x54\x32\xd2\x37\
\x80\x9a\x22\xd8\xef\x95\x43\x28\x00\x02\x41\x02\xb3\xd7\x55\xe6\
\xd8\x12\xa8\x4d\x9b\x36\x7d\x29\xef\xb3\x79\xf3\xe6\x6c\xd9\xb2\
\x05\x80\x75\xeb\xd6\x25\x49\x01\x78\xc2\xc9\x04\x66\xe5\xe9\x41\
\x61\x95\x9a\x2f\x7c\xfc\x18\xec\xe3\xc7\x5e\x9b\x95\x7f\xad\x16\
\xb6\xdb\x2c\x1e\xca\x80\xc3\xe1\xe0\xf0\xe1\xc3\x1c\x3e\x7c\xd8\
\xe3\xd8\xec\xd9\xb3\x93\x3f\x7f\x7e\xb2\x66\xcd\x4a\xb6\x6c\xd9\
\xc8\x94\x29\x13\x99\x33\x67\xc6\xcf\xcf\x0f\xad\x56\x8b\x42\xa1\
\x40\xa9\x54\x62\x30\x18\x30\x1a\x8d\xe8\x74\x3a\xda\xb4\x69\x93\
\x68\x8d\xfa\x97\x9d\xc2\x85\x0b\x73\xea\xd4\x29\x36\x6c\xd8\xc0\
\x91\x23\x47\x88\x8c\x8c\x24\x2a\x2a\x0a\xa5\x52\x49\xf6\xec\xd9\
\xe5\xf1\xc8\x9d\x3b\x37\x25\x4b\x96\xc4\xd7\x37\x7d\xea\xeb\x3b\
\x9d\x4e\xfe\xfa\xeb\x2f\x46\x8e\x1c\xc9\xc9\x93\x27\x3d\xb6\xbd\
\xe7\xa5\xe3\x4b\x1f\xff\x14\x67\x27\x08\x5e\x2c\xc2\x05\x20\x10\
\xc4\xc3\xbf\x56\x0b\x03\xf4\xae\xe2\x45\x79\xf2\xe4\xe1\xca\x95\
\x2b\x2f\x5d\x3a\x1b\xb8\x4a\x10\xe7\xc9\x93\x07\x70\xf9\x79\x43\
\x43\x43\x9f\x69\xea\xbd\x7b\xf7\x2e\x39\x72\xe4\x00\x20\xa3\x52\
\xc9\xce\xa0\x90\x17\x76\xef\x4e\xe0\x8c\xdd\xc6\x1e\x9b\x95\x43\
\x76\x1b\xc7\xed\xb6\x14\x15\x7d\x8a\x8f\x22\x45\x8a\xb0\x6c\xd9\
\x32\xca\x97\x2f\x2f\x1e\xe6\x14\x62\xb7\xdb\x59\xbe\x7c\x39\x63\
\xc7\x8e\xe5\xcc\x99\x33\x1e\xdb\x0a\xaa\xd4\x0c\xf5\xf1\x13\x29\
\x7e\x2f\x39\x89\xb9\x00\x44\xa4\x86\x40\x10\x0f\x4f\xca\x1b\x83\
\xab\x6c\xec\xcb\x28\xfc\xc1\x55\x08\xe8\x49\xc1\x96\xb0\xb0\x30\
\xf6\xed\xdb\xf7\xcc\xfd\xb3\x67\xcf\x4e\xae\x5c\xb9\x00\xe4\xd4\
\xc8\x17\x85\x12\x28\xa5\xd6\xd0\xc7\xdb\x97\x79\xfe\x41\xec\xcf\
\x10\xc2\xaa\x80\x60\x7e\xf4\x0d\xe0\x43\x9d\x0f\xd5\x34\xda\x24\
\xe5\xe4\xc7\xc7\x85\x0b\x17\xa8\x5a\xb5\x2a\x3f\xfc\xf0\x03\x06\
\x83\x41\x3c\xd0\xc9\xe0\xc6\x8d\x1b\x0c\x1f\x3e\x9c\x3c\x79\xf2\
\xd0\xb9\x73\x67\x0f\xe1\x9f\x41\xa1\x64\xb8\xaf\x3f\x7f\x04\x06\
\x0b\xe1\xff\x1a\x20\x5c\x00\x02\xc1\x53\x6c\xb5\x5a\xe4\xd4\xbf\
\xc0\xc0\x40\xba\x77\xef\xfe\x52\xdf\x6f\xb3\x66\xcd\xe4\x9a\xeb\
\x9b\x36\x6d\x4a\x34\x1d\xb0\x78\xf1\xe2\xdc\xba\x75\xcb\xf5\xb2\
\x77\xd8\xc9\xac\x7c\x39\x5e\xe4\x1a\x14\x14\x57\xab\x29\xfe\x94\
\x05\x23\x4c\x72\xf2\x30\x46\x59\x09\x73\x3a\x79\x24\x39\x89\x74\
\xc6\xd6\x70\x70\x02\x12\x12\x3a\x85\x02\x1d\x0a\xfe\xb2\x9a\x79\
\xec\x74\x62\xb5\x5a\x19\x3e\x7c\x38\xd3\xa6\x4d\xe3\xab\xaf\xbe\
\xa2\x5b\xb7\x6e\xf8\xfb\xfb\x8b\x07\x3c\x1e\x1e\x3e\x7c\xc8\xda\
\xb5\x6b\x59\xb5\x6a\x15\x5b\xb6\x6c\x89\xd3\x0f\x20\x44\xa9\xe4\
\x43\x9d\x0f\x1f\x78\x79\xe3\x2b\xcc\xfd\x42\x01\x10\x08\x5e\x47\
\x1c\xc0\x14\x53\xec\x8c\x71\xe8\xd0\xa1\xc9\xae\xdf\xfe\xbc\x79\
\xf7\xdd\x77\xe5\x74\xc0\x03\x07\x0e\x24\xba\x7f\x91\x22\x45\xd8\
\xb4\x69\x13\x00\xd7\x9d\x0e\x2a\xbd\xe4\x7f\x93\x60\x85\x92\x60\
\x95\x92\x22\x49\x34\xc2\x7c\xa4\xf3\xe1\x6b\x43\x14\xbb\x63\x82\
\x38\x43\x43\x43\x19\x38\x70\x20\xc3\x86\x0d\xa3\x55\xab\x56\x7c\
\xf8\xe1\x87\xd4\xa8\x51\xe3\xa5\x2d\x55\xfc\x5c\x9e\x73\x87\x83\
\x13\x27\x4e\xb0\x7d\xfb\x76\xd6\xad\x5b\xc7\xae\x5d\xbb\x70\x38\
\xe2\xa6\x6c\xe6\x53\xa9\xe8\xe8\xe5\x43\x4b\x2f\x5d\x8a\x4b\x25\
\x0b\x84\x02\x20\x10\xbc\x12\xac\xb4\x98\xb8\x12\x53\x35\x2d\x5b\
\xb6\x6c\x0c\x18\x30\xe0\xa5\xbf\xe7\x4a\x95\x2a\xa1\x54\x2a\x71\
\x3a\x9d\x1c\x3c\x78\x10\xa7\xd3\xf9\xcc\x3c\x6f\xf7\xe2\x2f\xd7\
\x1c\x8e\xd7\xee\x6f\x98\x51\xa9\x64\xa6\x7f\x10\xff\x59\x2d\x4c\
\x75\x6b\xcc\x63\x30\x18\x58\xb4\x68\x11\x8b\x16\x2d\x22\x20\x20\
\x80\xda\xb5\x6b\x53\xb7\x6e\x5d\xde\x7a\xeb\xad\xe7\x92\xd6\xf7\
\x22\xb9\x7b\xf7\x2e\xa7\x4e\x9d\xe2\xf8\xf1\xe3\xec\xd9\xb3\x87\
\x5d\xbb\x76\x11\x11\x11\x11\xef\xbe\x5a\x14\xd4\xd3\x7a\xd1\x46\
\xe7\x4d\x45\xb5\x06\x21\xf6\x85\x02\x20\x10\xbc\xf6\x84\x39\x9d\
\xfc\x62\x8c\x2d\x02\x33\x72\xe4\xc8\x57\x22\x92\x3c\x30\x30\x90\
\x42\x85\x0a\x71\xe1\xc2\x05\xa2\xa2\xa2\xb8\x76\xed\x1a\x05\x0a\
\x14\x78\xa6\x05\xe0\x09\xd7\x93\xd1\xc0\xe9\x55\x42\x01\xd4\xd6\
\x7a\x51\x4b\xeb\xc5\x26\xab\x99\x15\x66\x13\x87\xed\x36\x39\xe2\
\x39\x2a\x2a\x8a\x35\x6b\xd6\xb0\x66\xcd\x1a\xc0\x55\xd8\xa7\x78\
\xf1\xe2\x14\x2d\x5a\x94\x7c\xf9\xf2\x91\x2f\x5f\x3e\x72\xe5\xca\
\x25\x77\x8c\x7c\xf2\x2f\x31\x17\x82\xd9\x6c\x26\x22\x22\xc2\xe3\
\x5f\x68\x68\x28\x37\x6f\xde\xe4\xee\xdd\xbb\xdc\xbe\x7d\x9b\xfb\
\xf7\xef\x93\x21\x43\x06\xb2\x65\xcb\x46\xce\x9c\x39\xc9\x9a\x35\
\x2b\xb9\x72\xe5\x92\xbb\x55\xfa\xfb\xfb\xe3\xef\xef\x9f\xe4\xa8\
\x7e\x83\xc1\x40\x54\x54\x14\x51\x51\x51\xdc\xb9\x73\x87\x5b\xb7\
\x6e\x71\xfd\xfa\x75\x6e\xdd\xba\xc5\xb5\x6b\xd7\x38\x79\xf2\xa4\
\x47\xdf\x83\xf8\xf0\x52\x28\xa8\xa6\xd1\x52\x4f\xe3\x45\x2d\xad\
\x96\x40\x85\x08\x0f\x13\x0a\x80\x40\xf0\x06\x31\xc1\xa4\x27\x2a\
\x26\x0a\xbd\x62\xc5\x8a\xf4\xe8\xd1\xe3\x95\xb9\xf7\xe2\xc5\x8b\
\x73\xe1\xc2\x05\xc0\x15\x00\xf7\x2c\x05\xa0\x60\xc1\x82\xf2\xf2\
\x1d\xa7\xf3\xb5\xfe\x9b\x2a\x81\x46\x5a\x1d\x8d\xb4\x3a\x6e\x3b\
\x1d\xfc\x65\x31\xf3\x9f\xd5\xc2\x79\x87\xdd\x23\xfd\xc9\x66\xb3\
\x71\xe2\xc4\x09\x4e\x9c\x38\xf1\xec\xf3\x29\x95\xf1\x16\x5b\x8a\
\x88\x88\x48\xb0\x3d\x74\x8a\xef\x3d\xe6\x5a\x81\x81\x81\x71\x2c\
\x3a\x92\x24\x11\x11\x11\x41\x64\x64\x64\x1c\x7f\x7d\x52\x15\xa4\
\x02\x2a\x35\x95\x34\x1a\xaa\xa8\xb5\xbc\xad\xd1\xa6\xba\x39\x97\
\x40\x28\x00\x02\xc1\x2b\xc9\x41\x9b\x95\xb5\x31\xe9\x32\x4a\xa5\
\x92\x5f\x7f\xfd\xf5\x85\x36\xfb\x49\x2e\xee\xb3\xfa\x8b\x17\x2f\
\xd2\xb8\x71\xe3\x04\xf7\x75\x2f\x67\x1c\x26\x39\xdf\x98\xbf\x71\
\x4e\xa5\x8a\x4f\xbd\x7d\xf9\xd4\xdb\x97\x30\xa7\x93\x7d\x76\x2b\
\x47\x6c\x36\xce\x39\xec\x5c\x4c\xa0\xb9\xcf\xd3\x38\x9d\x4e\xc2\
\xc3\xc3\x9f\xcb\xfd\x3e\xb9\x56\x5a\x5c\x2f\x9b\x52\x45\x61\x95\
\x8a\xc2\x6a\x35\x25\x54\x1a\x2a\xa8\x35\x04\x8b\x72\xbd\x42\x01\
\x10\x43\x20\x78\xd3\x31\x48\x12\xdf\x18\xa2\xe5\x19\x61\xcf\x9e\
\x3d\x5f\x9a\x86\x35\x49\xc5\xdd\xaf\x7f\xe5\xca\x95\x67\xee\xeb\
\xed\xed\x8d\x9f\x9f\x1f\x7a\xbd\x9e\x48\xa7\x13\x27\x6f\x5e\x3e\
\x70\xb0\x52\x49\x13\xad\x8e\x26\x5a\x1d\xe0\x0a\xfe\xbc\xe9\x70\
\x70\xd3\x69\xe7\x56\x4c\x8b\xe9\x47\x4e\x27\xd1\x31\x1d\x23\x5d\
\x1d\x24\x5d\x9d\x24\x0d\xf1\x28\x0a\x3a\x85\x02\x2d\xa0\x56\x28\
\x08\x50\x28\xf0\x57\x28\xf1\x8f\x59\xce\xa8\x54\x92\x59\xa9\x22\
\x8b\x52\x49\x56\xa5\x8a\x10\x85\x92\xc8\x98\x2e\x95\xf7\x9d\x4e\
\x1e\x3a\x1d\x3c\x88\xf9\x1c\x29\x39\x31\xc4\x5c\xc3\x20\x49\x89\
\xb6\xb4\xf6\x51\x28\xf0\x55\x28\xf0\x53\x28\xf0\x55\x28\x09\x51\
\x28\xc9\xae\x72\x5d\x27\x9b\x52\x49\x76\xa5\x8a\x02\x2a\x35\xfe\
\x62\x76\x2f\x10\x0a\x80\x40\x10\x97\xf1\x46\x3d\x77\x62\x9a\xd6\
\xe4\xc8\x91\x83\x31\x63\xc6\xbc\x72\xdf\x21\x5b\xb6\x6c\xf2\xf2\
\x83\x07\x0f\x12\xdd\x3f\x24\x24\x04\xbd\x5e\x8f\x03\x88\x92\x9c\
\x04\xbd\xe1\x3e\x5f\x15\xae\x88\xf7\x7c\x2a\x15\x68\x9e\xd7\x15\
\x13\x47\x02\xa2\x13\x50\x02\xfc\x14\x0a\x51\xc8\x45\x90\x2a\xc4\
\xf3\x23\x78\xae\x38\x70\xf5\x8e\x7f\x59\xa2\xcf\xf7\xdb\xac\xac\
\xb6\xb8\x4a\xfe\x2a\x14\x0a\xe6\xce\x9d\x4b\x86\x0c\x19\x5e\xb9\
\x71\xcd\x94\x29\x93\xbc\xfc\xf0\xe1\xc3\x64\xed\x1f\xee\x94\xc4\
\x83\xf9\x92\xa2\x00\x02\x62\x2c\x09\x4f\xff\x13\x2f\x6f\x81\xb0\
\x00\x08\x5e\x29\x26\x1b\xf5\xcc\x8f\xa9\xb2\x57\x54\xa5\xa6\x8b\
\xce\x87\xa6\x5e\xba\x17\xd2\x41\x2c\x3a\x1e\xd3\xff\xcb\xd8\xf4\
\x27\x29\x84\x84\x84\xa4\x5c\x01\x90\x9c\xe4\x13\x3d\xdc\x04\x02\
\x61\x01\x10\x08\xd2\x93\x0b\x6e\x69\x67\xe7\x1d\x76\xbe\x36\x44\
\xf1\x5e\xe4\x63\x4e\x3c\xc7\xc6\x34\x4f\xf8\xc9\x18\xcd\xbd\x18\
\xd3\x7f\xde\xbc\x79\x99\x30\x61\xc2\x2b\x3b\xae\xde\xde\xde\xf2\
\xb2\xd5\x6a\x4d\x74\x7f\x9d\x4e\x27\x2f\xdb\x24\x61\x01\x10\x08\
\x84\x02\x20\x10\xa4\x33\x01\xf1\xf8\x9a\xaf\x39\x1c\x74\x8e\x0a\
\x67\xba\xc9\xc0\xf3\x12\x45\x3b\x6d\x56\xfe\x88\x89\xfa\x57\x28\
\x14\xcc\x9b\x37\xef\x95\x2e\x13\xab\xd1\xc4\x3a\xae\x6d\xb6\xc4\
\x95\x29\xf7\x0c\x07\xa7\x78\x2c\x05\x02\xa1\x00\x08\x04\xe9\x8d\
\x9f\x5b\x34\x72\xab\x5a\x90\x35\xa6\xd5\xbb\x03\xf8\xd5\x64\xe0\
\x07\x37\x93\x7c\x7a\x11\xe6\x74\xf2\xad\x21\x4a\xfe\xfc\xe9\xa7\
\x9f\x52\xbb\x76\xed\x57\x7a\x5c\xdd\xcb\xda\xda\xed\x89\x17\xf7\
\x51\xb8\xfd\x1d\xc4\xfc\x5f\x20\x10\x0a\x80\x40\x90\xee\xb8\xa7\
\x23\xd5\xad\x04\x27\x16\x41\xeb\x77\x63\xb7\x2f\xb7\x98\x18\x69\
\x88\x4e\xb7\xeb\x4b\xc0\x57\x86\x28\x1e\xc6\x14\x4f\x29\x58\xb0\
\x20\x63\xc7\x8e\x7d\xe5\xc7\xd5\xbd\x8e\x7b\x52\xea\x17\xb8\xef\
\x23\x14\x00\x81\x40\x28\x00\x02\xc1\x73\xb5\x00\x44\x1a\x20\x63\
\x20\xfc\x3e\x0a\x06\xb5\x8b\xdd\x67\xb5\xc5\xc4\xef\x31\x91\xf9\
\x69\xcd\x02\xb3\x51\x6e\x12\xa3\xd1\x68\x58\xb2\x64\x49\x92\x4b\
\xae\xbe\xcc\x44\x46\x46\xca\xcb\x49\x69\x5e\x24\x14\x00\x81\x40\
\x20\x14\x00\xc1\x73\xb6\x00\xc4\x3e\x72\x51\x31\x65\xf7\x15\x0a\
\xf8\xe9\x53\xf8\xec\x83\xd8\xfd\x26\xb8\xe5\xe6\xa7\x15\xa7\xed\
\x36\xa6\x18\x63\x3b\xfd\x8d\x19\x33\x86\x2a\x55\xaa\xbc\x16\xe3\
\xea\xae\x00\xc4\x57\xaa\xf6\x59\x08\x05\x40\x20\x10\x0a\x80\x40\
\xf0\xdc\x2d\x00\xee\x8c\xfd\x04\xde\x29\xe3\x5a\x36\x4b\x12\x13\
\xdc\x1a\xf3\xa4\x16\xa3\x24\x31\xd4\x10\xc5\x93\x76\x30\x0d\x1a\
\x34\x60\xd0\xa0\x41\xaf\xcd\xb8\xba\x77\x76\x4b\x8a\x02\xe0\xbe\
\xbf\x9f\xa8\x12\x27\x10\x08\x05\x40\x20\x48\x6f\x02\x94\x6e\x0a\
\xc0\x53\xf2\x5d\xa5\x84\x99\x5f\x80\x26\x26\x9e\xed\x5f\xab\x85\
\xab\x69\xd4\xad\xee\x3b\x43\x34\xd7\x63\xfc\xe4\x99\x33\x67\x66\
\xc1\x82\x05\x1e\x81\x70\xaf\x3a\x37\x6e\xdc\x90\x97\x73\xe4\xc8\
\x91\xe8\xfe\xee\xf5\xe5\x03\x85\x02\x20\x10\x08\x05\x40\x20\x48\
\x7f\x0b\x40\xec\x23\x17\x11\xcf\x04\xbf\x48\x6e\xe8\x58\xdf\xb5\
\xec\x04\x56\xc5\xa4\xea\xa5\x86\x35\x16\x33\xeb\xac\xb1\x8d\x7e\
\x96\x2c\x59\x42\xd6\xac\x59\x9f\xeb\xf7\x3e\x71\xe2\x04\xe3\xc6\
\x8d\x63\xc6\x8c\x19\x29\xea\xde\x96\x18\xee\xf5\xff\xf3\xe7\xcf\
\x9f\xe8\xfe\x61\x61\x61\x6e\x0a\x80\x78\x0d\x08\x04\x6f\x22\xa2\
\x12\xa0\xe0\xb9\xe2\x9e\x05\x10\x99\x80\x85\xff\x93\x96\xb0\x60\
\x83\x6b\xf9\x1f\xab\x99\xcf\x7d\xfc\x52\xac\xa9\xde\x74\x38\x18\
\x6d\x8c\xcd\x2a\xf8\xfc\xf3\xcf\xa9\x57\xaf\xde\x73\xf9\xae\x92\
\x24\xb1\x7c\xf9\x72\xc6\x8f\x1f\xcf\xb1\x63\xc7\xe4\xf5\x06\x83\
\x81\x21\x43\x86\xa4\x9b\x02\xf0\xac\x56\xc0\xf1\x29\x00\xfe\x4a\
\x61\x01\x10\x08\x84\x05\x40\x20\x78\x9e\x0a\x80\x21\xfe\x7d\xca\
\x17\x81\x42\x39\x5d\xcb\x0f\x9c\x4e\x2e\xa7\xd0\x0d\x60\x45\x62\
\x90\x3e\x52\xee\xde\x56\xa9\x52\x25\xbe\xfb\xee\xbb\xe7\xf2\x3d\
\xcf\x9c\x39\xc3\xbb\xef\xbe\x4b\x87\x0e\x1d\x3c\x84\x3f\xc0\x88\
\x11\x23\xb8\x79\xf3\x66\x9a\x5e\xef\xc2\x85\x0b\x49\xb6\x00\x3c\
\xe9\x25\x0f\xe0\xad\x50\xa0\x45\x28\x00\x02\x81\x50\x00\x04\x82\
\x74\x57\x00\x94\x89\x5a\x00\x00\x6a\x96\x8b\x5d\x3e\x66\xb7\x61\
\x07\x2e\x3b\xec\x6c\xb4\x9a\x59\x65\x31\xb1\xc6\x62\x66\xaf\xcd\
\x9a\x60\xa7\x34\x80\x9f\x8d\x06\xce\xc5\x28\x0f\x81\x81\x81\x2c\
\x5f\xbe\x1c\xad\x56\x9b\xee\xdf\xf1\xd7\x5f\x7f\xa5\x5c\xb9\x72\
\xec\xd8\xb1\x43\x5e\x17\x12\x08\x85\x73\xb9\x96\x8d\x46\x23\x3f\
\xfc\xf0\x43\x9a\x5d\xcf\x6c\x36\x73\xe2\xc4\x09\x00\xbc\xbc\xbc\
\x28\x56\xac\xd8\x33\xf7\x8f\x8e\x8e\x96\x8b\x05\x05\x08\xff\xbf\
\x40\xf0\xc6\x22\x5c\x00\x82\xe7\x8a\xaf\x42\x81\x02\x57\xea\xd9\
\xb3\x14\x80\x4a\xc5\x61\xee\x3a\xd7\xf2\x74\x93\x81\xb1\x06\x3d\
\xd6\x78\x12\xd6\x54\x40\x75\x8d\x17\x1f\x7b\xfb\x50\x4a\x1d\x5b\
\x0e\x77\x87\xcd\xc2\x92\x98\xa6\x43\x00\x33\x67\xce\x4c\x92\x6f\
\x3c\x35\x38\x1c\x0e\x3e\xfb\xec\x33\xa6\x4e\x9d\x2a\xaf\xf3\xf3\
\x86\xe1\x5d\x5d\x6e\x8d\x4b\xb7\xa0\x62\x77\x70\x3a\x61\xe9\xd2\
\xa5\x4c\x9c\x38\x31\x4d\xca\x0f\x1f\x39\x72\x44\xae\xff\x5f\xa1\
\x42\x05\xbc\xbc\xbc\x9e\xb9\xff\xb5\x6b\xd7\xe4\xe5\x2c\x4a\xd1\
\x04\x48\x20\x10\x16\x00\x81\xe0\x39\x3d\x70\x4f\xd2\xce\xa2\x8c\
\x90\xd0\x04\x3e\x7f\xf6\xd8\xe5\xc7\x4e\x67\xbc\xc2\x1f\x5c\x25\
\x84\x77\xd8\x2c\x74\x8c\x0a\x67\x5e\x8c\xc0\x0f\x75\x3a\x19\xa6\
\x8f\x2d\x29\xdc\xad\x5b\x37\xda\xb5\x6b\x97\xae\xdf\x4b\x92\x24\
\x7a\xf7\xee\xed\x21\xfc\xeb\x57\x86\xd3\x4b\x61\x70\x7b\xf0\xf6\
\x82\xd2\x05\xa1\x56\xb9\x58\x2b\xc0\x9f\x7f\xfe\x99\x26\xd7\xde\
\xbf\x7f\xbf\xbc\xfc\xd6\x5b\x6f\x25\xba\xff\xc5\x8b\x17\xe5\xe5\
\xbc\x2a\xa1\x00\x08\x04\xc2\x02\x20\x10\x3c\x27\xfc\x14\x4a\xa2\
\x25\x07\x4e\x27\x44\x1b\x21\x20\x9e\x42\x7c\x85\x72\xb9\x0a\x04\
\x3d\x51\x10\x34\x6a\x28\x91\x0f\x4a\xe6\x87\xec\x21\x60\xb6\xc2\
\xf9\x1b\xb0\xf3\xb8\x6b\xd9\x01\xfc\x6c\xd4\xa3\x05\xf6\xd8\xac\
\x84\x4b\xae\x48\xfb\x42\x85\x0a\x31\x79\xf2\xe4\x74\xff\x4e\x5f\
\x7f\xfd\x35\xf3\xe6\xcd\x93\x3f\xf7\x6d\x05\x13\xfb\xbb\x52\x1b\
\xdd\xe9\x50\x1f\xb6\x1d\x71\x2d\x2f\x5f\xbe\x9c\x2e\x5d\xba\xa4\
\xfa\xda\x3b\x77\xee\x94\x97\x93\x52\xd8\xc8\x3d\x5e\x20\xaf\xb0\
\x00\x08\x04\x42\x01\x10\x08\x9e\x17\xfe\x0a\x05\xf7\x62\x96\x23\
\xf4\xf1\x2b\x00\x39\x33\xc1\xac\x2f\x60\xfb\x31\x68\xf4\x16\x34\
\xae\x06\x81\xf1\xec\x17\x1a\x06\xfd\x27\xc1\xff\xb6\xbb\x3e\xff\
\x64\xd4\xcb\xdd\xed\xbc\xbc\xbc\x58\xb9\x72\x65\xba\x77\xf9\x5b\
\xb5\x6a\x95\x47\x3f\x81\x2f\x3b\xc3\x0f\xbd\xe2\xdf\xb7\x45\x0d\
\xe8\x35\xce\xe5\x06\xd8\xb7\x6f\x1f\x92\x24\xa5\xaa\x1e\x81\xd1\
\x68\xe4\xdf\x7f\xff\x05\x40\xa5\x52\x25\xa9\xa9\xd1\xa5\x4b\x97\
\xdc\x2c\x00\xe2\x15\x20\x10\xbc\xa9\x08\x17\x80\xe0\x05\x58\x00\
\x62\x05\x5e\x94\x21\xe1\xfd\xba\x35\x85\x45\xc3\xa1\x7d\xbd\xf8\
\x85\x3f\x40\x96\x60\x58\xfe\x1d\x34\x7d\xdb\xf5\xd9\x3d\xc3\x7e\
\xd4\xa8\x51\x94\x2d\x5b\x36\x5d\xbf\xcb\xb5\x6b\xd7\xe8\xd1\xa3\
\x87\xfc\xb9\x6b\x13\xf8\xbe\x67\xc2\xfb\x07\xf9\x41\xc1\x98\x3a\
\x3d\x11\x11\x11\x5c\xbf\x7e\x3d\x55\xd7\xdf\xbc\x79\x33\x46\xa3\
\xcb\xf5\xf1\xf6\xdb\x6f\x13\x12\x12\x92\x2c\x0b\x40\x3e\xe1\x02\
\x10\x08\x84\x05\x40\x20\x78\x7e\x16\x80\xa4\x65\x02\x24\x15\x85\
\x02\xa6\x0c\x84\x4d\x07\xc0\x16\x93\x31\x58\xb9\x72\xe5\x54\xe7\
\xda\x87\x86\x86\x72\xe8\xd0\x21\x2e\x5f\xbe\x8c\xc5\x62\xc1\xcb\
\xcb\x8b\x3c\x79\xf2\x50\xb4\x68\x51\x0a\x15\x2a\x84\x5a\xad\xe6\
\xe3\x8f\x3f\x26\x2a\xca\xd5\x5a\xb8\x5c\x61\x98\x36\xd8\x75\x3f\
\xcf\xa2\x4c\x21\xb8\x78\xcb\xb5\x7c\xfa\xf4\x69\xf2\xe5\xcb\x97\
\xe2\x7b\xfc\xeb\xaf\xbf\xe4\xe5\xf7\xde\x7b\x2f\x49\xc7\x3c\x89\
\x01\x50\x00\xb9\x85\x0b\x40\x20\x10\x0a\x80\x40\xf0\xfc\x14\x80\
\x58\x09\x19\x91\x46\xe5\xfe\xf3\x64\x85\x86\x6f\xc1\xba\xdd\xae\
\xcf\x9d\x3a\x75\x42\x95\xc2\xd9\xed\xa9\x53\xa7\x18\x3a\x74\x28\
\x9b\x37\x6f\xf6\x68\xb3\xeb\x61\xc5\xf0\xf3\xa3\x5c\xb9\x72\xec\
\xda\xb5\x0b\x00\x9d\x16\x96\x8c\x00\x2f\x4d\xe2\xe7\xcf\xe1\x36\
\x49\x7f\xf4\xe8\x51\xaa\xbe\xb7\xbb\xff\xbf\x59\xb3\x66\x89\xee\
\x7f\xef\xde\x3d\xb9\x0c\x70\x56\xa5\x0a\x9d\x48\x03\x14\x08\xde\
\x58\x84\x0b\x40\xf0\x42\x15\x80\xc8\xb4\xeb\xf7\xc3\xbb\xe5\x63\
\x97\x2f\x5f\xbe\x9c\xa2\x73\xfc\xfe\xfb\xef\x54\xa8\x50\x81\x8d\
\x1b\x37\x26\x28\xfc\x01\xf4\x7a\xbd\x2c\xfc\x01\xbe\xe8\xe8\x2a\
\x63\x9c\x14\x82\xdc\x42\x12\xdc\x2b\xf2\xa5\x84\x5a\xb5\x6a\x01\
\xd0\xb8\x71\x63\x0a\x15\x2a\x94\xe8\xfe\x7b\xf7\xee\x95\x97\x4b\
\xa8\x85\xfe\x2f\x10\x08\x0b\x80\x40\xf0\x3c\x15\x00\xb7\x5e\xf4\
\x91\x86\xb4\x3b\x6f\x29\xb7\x0a\xb8\x29\xa9\xb4\xb7\x6f\xdf\x3e\
\xba\x74\xe9\x22\x17\xc9\xf1\xf6\x72\xa5\xf2\x95\xcc\x0f\xbe\xde\
\x60\x32\xbb\x4c\xf7\x67\xaf\xc3\x99\x6b\xae\x40\x3e\x70\xc5\x21\
\x0c\x6a\x9f\xf4\xeb\x68\xdd\xac\x04\x4f\xae\x95\x52\xe6\xcd\x9b\
\xc7\x88\x11\x23\xc8\x99\x33\x67\x92\xf6\xdf\xb3\x67\x8f\xbc\x5c\
\x4e\xad\x11\x0f\xa3\x40\x20\x14\x00\x81\xe0\xf9\xe1\x97\x0e\x2e\
\x00\x80\x2c\x19\x62\x97\x43\x43\x43\x93\x7d\x7c\xff\xfe\xfd\x65\
\x81\xfc\x4e\x19\x58\x36\x0a\xb2\x65\x8c\x7f\xdf\x47\x91\xb0\xed\
\x30\x9c\xbe\x0a\xad\xdf\x75\x15\xfc\x49\x2a\x66\x6b\xec\x72\x62\
\x45\x7b\x92\x42\xee\xdc\xb9\x93\xbc\xaf\x50\x00\x04\x02\x81\x50\
\x00\x04\x2f\xce\x02\xe0\xa6\x00\x44\xa7\xd0\x02\xa0\x37\xc1\xfe\
\xd3\xf0\x30\x02\xac\x76\x57\x99\xdd\x8c\x81\xb1\xdb\x9f\x04\xe6\
\x25\x95\xa3\x47\x8f\x72\xf8\xf0\x61\xc0\x75\x9e\xff\x8d\x86\xe0\
\x80\x84\xf7\x0f\x09\x84\xb6\x75\x5c\xff\x92\x4b\xb8\xdb\xad\x05\
\x06\x06\x3e\xb7\x71\x37\x1a\x8d\x72\x5f\x02\x9d\x42\x41\x71\xe1\
\x02\x10\x08\x84\x02\x20\x10\xbc\x2a\x16\x00\xb3\x15\x46\xce\x85\
\xe9\x7f\x80\xc9\xe2\xb9\x4d\xa3\x4e\xf9\xcc\x7a\xfb\xf6\xed\xf2\
\x72\x87\x7a\xcf\x16\xfe\xa9\xe5\xd6\x83\xd8\xe5\xec\xd9\xb3\x3f\
\xb7\x71\x3f\x70\xe0\x00\x36\x9b\x0d\x80\x52\x2a\x35\x1a\xd1\x04\
\x48\x20\x78\xa3\x11\x41\x80\x82\x17\x60\x01\x48\x59\x1a\x60\x94\
\x01\xde\xed\x0b\x13\x7e\x8f\x2b\xfc\x21\x36\x05\x10\x40\xa7\xd3\
\x25\x4f\x28\xdf\xba\x25\x2f\x97\x2d\x9c\xbe\xdf\xff\x6c\x6c\x29\
\x7e\xd6\xaf\x5f\x9f\x22\x77\x45\x4a\xf0\x30\xff\x6b\xb4\xe2\x41\
\x14\x08\x84\x02\x20\x10\x3c\x6f\x05\x20\xf1\x96\xc0\xf1\xd1\x6d\
\x34\x1c\x3a\x17\xfb\xf9\xdd\x77\xdf\x65\xe0\xc0\x81\xf4\xed\xdb\
\x97\xea\xd5\xab\x7b\xa4\xfd\x65\xcc\x98\x31\x59\xf7\xe4\x1e\x8d\
\x3f\x6c\x26\x14\xfe\x00\x6a\xf5\x85\x31\x8b\x5d\x6e\x86\xb4\xc4\
\x5d\x51\x99\x36\x6d\x1a\xf9\xf3\xe7\x67\xcc\x98\x31\x72\x43\x9f\
\xf4\xc2\x3d\x65\xb0\xac\xf0\xff\x0b\x04\x6f\x3c\xc2\x05\x20\x78\
\xb1\x0a\x40\x12\x2d\x00\xff\xec\x87\x35\x31\xf2\x4b\xad\x56\xb3\
\x6c\xd9\x32\xda\xb4\x69\xe3\xb1\xcf\xed\xdb\xb7\x99\x34\x69\x12\
\x17\x2e\x5c\x60\xd4\xa8\x51\xc9\xba\xa7\x80\x80\x58\x9b\xff\xfd\
\x18\x5d\xe0\xea\x5d\xd8\x7d\x02\xc6\x2f\x85\x71\x9f\x40\xcf\xe6\
\x69\xf3\xfd\x97\x8e\x84\x01\x93\x63\x95\x19\xa3\xd1\xc8\xd7\x5f\
\x7f\xcd\xe2\xc5\x8b\x59\xb5\x6a\x15\x25\x4a\x94\x48\xf3\x31\x8f\
\x8e\x8e\x96\xdb\x13\xab\x81\x0a\x42\x01\x10\x08\x84\x05\x40\x0c\
\x81\xe0\x79\xe3\x97\x02\x17\xc0\xa4\x15\xb1\xcb\x43\x87\x0e\x8d\
\x23\xfc\x01\x72\xe6\xcc\xc9\xc4\x89\x13\x59\xbf\x7e\x3d\xe5\xca\
\x95\x4b\xd6\x3d\x3d\xcb\x17\x1f\x65\x80\x8f\xc7\xc3\xa0\x5f\xd2\
\xe6\xfb\x57\x2e\x0e\xfb\x66\xc3\xbf\x53\xa0\xa6\xdb\x6d\x9e\x3b\
\x77\x8e\xaa\x55\xab\xf2\xf7\xdf\x7f\xa7\xf9\x98\x6f\xda\xb4\x49\
\xb6\x30\x54\xd2\x68\x3d\xe2\x30\x04\x02\x81\x50\x00\x04\x82\xe7\
\x6f\x01\x48\x82\x0b\xe0\x41\x38\xfc\x77\xd4\xb5\xec\xe3\xe3\xc3\
\xe7\x9f\x7f\x9e\xe6\xf7\xd4\xb1\x63\x47\xca\x94\x29\x43\xf9\xf2\
\xe5\xd9\xbb\x77\x2f\x11\x11\x11\x6c\xd8\xb0\xc1\xa3\xbd\xee\x2f\
\xab\xe0\xa7\xa5\x69\x77\xcd\x5a\xe5\x61\xeb\x2f\xae\x0a\x82\x99\
\x33\xc4\xce\xd4\x5b\xb7\x6e\xcd\xee\xdd\xbb\xd3\xf4\xfb\xad\x5f\
\xbf\x5e\x5e\xae\x21\xfc\xff\x02\x81\x40\x28\x00\x82\x17\x81\x8f\
\x42\x81\x2a\x19\x16\x80\x93\x97\x63\x8b\xee\xd4\xad\x5b\x37\x5d\
\x52\xe7\x72\xe7\xce\xcd\xf1\xe3\xc7\x39\x72\xe4\x08\x55\xab\x56\
\x25\x30\x30\x90\x46\x8d\x1a\xb1\x7b\xf7\x6e\x3e\xfd\xf4\x53\x79\
\xbf\x11\x73\x5d\x85\x80\xd2\x92\x76\x75\xe1\xc0\x5c\x28\x1b\x53\
\xc8\xcf\x6c\x36\xf3\xc1\x07\x1f\xa0\xd7\xa7\x4d\x91\x04\x9b\xcd\
\xe6\xa1\x00\xd4\xd4\x78\x89\x87\x50\x20\x10\x08\x05\x40\xf0\xa2\
\xac\x00\xae\x47\x4f\x6f\x02\xbb\x23\x11\x01\xe6\x16\x34\x97\x52\
\xe1\x6f\xb1\x58\x58\xb2\x64\x09\x47\x8e\x1c\x49\xd6\x71\x2a\x95\
\x8a\xa9\x53\xa7\xd2\xbc\x79\x73\xf9\x5e\x7e\x58\x90\xf6\xe3\x91\
\x2b\x33\xfc\x33\x09\x0a\xc6\x14\xf4\xbb\x7b\xf7\x2e\x93\x27\x4f\
\x4e\x93\x73\x6f\xd9\xb2\x85\xc7\x8f\x1f\x03\x50\x44\xa5\x26\x8f\
\xe8\x00\x28\x10\x08\x84\x02\x20\x78\x51\xf8\x25\x23\x10\x30\xab\
\x5b\x40\xff\xc9\x93\x27\x53\x74\xbd\x4e\x9d\x3a\xd1\xb9\x73\x67\
\xaa\x55\xab\xc6\xb5\x6b\xd7\x92\x75\xac\x42\xa1\xe0\x97\x5f\x7e\
\x41\x1d\x53\x38\xe7\xaf\x9d\xcf\x6e\x63\x9c\x52\x42\x02\x61\xf2\
\x80\xd8\xcf\xcb\x97\x2f\x4f\x93\xf3\xae\x58\x11\x1b\x40\xd1\x48\
\xab\x13\x0f\x9f\x40\x20\x10\x0a\x80\xe0\xc5\x11\xa0\x4c\x7a\x1c\
\x40\xe9\x82\x90\xc1\x3f\x56\x01\x48\xee\x2c\xfe\x87\x1f\x7e\x60\
\xf5\xea\xd5\x00\x58\xad\x56\x66\xcc\x98\x91\xec\xfb\xcd\x93\x27\
\x0f\x35\x6a\xd4\x70\x59\x13\x6c\x70\xea\x4a\xfa\x8c\x4b\xfd\xca\
\x10\xe8\xeb\x5a\x3e\x77\xee\xdc\x33\x1b\x12\x25\x05\xb3\xd9\xcc\
\xda\xb5\x6b\xe5\xcf\x0d\xb4\xc2\xfc\x2f\x10\x08\x84\x02\x20\x78\
\xa1\x16\x80\xa4\x67\x02\xa8\x94\xd0\xa9\x81\x6b\x59\x92\x24\x3e\
\xf9\xe4\x13\x2c\x16\x4b\x92\xae\x33\x76\xec\x58\x86\x0f\x1f\xee\
\xb1\x6e\xc6\x8c\x19\x3c\x78\xf0\x20\xd9\xf7\x5c\xa0\x40\x6c\xb7\
\xa1\xd0\xf0\x94\x7f\x77\x93\x05\xc2\xa3\xc1\x6a\x8b\xe7\x07\xa9\
\x04\x9f\x98\x49\xba\xd3\xe9\x4c\xf2\xf7\x4c\x88\x35\x6b\xd6\x10\
\x11\x11\x01\xb8\xba\xff\xe5\x16\xe6\x7f\x81\x40\x20\x14\x00\xc1\
\x8b\x24\xb9\xb5\x00\x86\x74\x00\x7f\x1f\xd7\xf2\xc1\x83\x07\x69\
\xd1\xa2\x05\x91\x91\x91\x09\xee\x1f\x1e\x1e\x4e\xfb\xf6\xed\xf9\
\xea\xab\xaf\xe4\x75\xba\x98\xe0\x77\xbd\x5e\xcf\xd8\xb1\x63\x93\
\x7d\xcf\xee\x15\xfb\x7c\x93\x69\x49\x3f\x73\x15\x06\x4e\x86\x22\
\xed\x20\xa0\x1e\x64\x6a\xec\xfa\xbf\xec\x87\xae\x98\x82\x27\x56\
\x90\x6b\xf7\x62\xeb\x10\x64\xce\x9c\x19\x1f\x1f\x9f\x54\x8d\xf3\
\xfc\xf9\xf3\xe5\xe5\xf7\xb5\xde\xe2\xc1\x13\x08\x04\x42\x01\x10\
\xbc\x68\x0b\x40\xf2\x52\x01\x73\x64\x82\xd9\x43\x63\x3f\xff\xf3\
\xcf\x3f\x14\x2a\x54\x88\xb1\x63\xc7\x72\xfa\xf4\x69\x9c\x4e\x27\
\x76\xbb\x9d\x83\x07\x0f\xf2\xcd\x37\xdf\x90\x3f\x7f\x7e\x0f\x1f\
\x7a\x9b\xda\xb0\x61\x62\xec\xf1\xbf\xfe\xfa\x2b\xa7\x4e\x9d\x4a\
\xf2\xfd\x3e\x7a\xf4\x88\x6d\xdb\xb6\xc9\xb3\xf4\x8a\x45\x93\x76\
\x9c\xd5\xe6\x2a\xfa\x53\xbe\x2b\x4c\xfb\x1f\x5c\xb9\x03\x92\xe4\
\xda\x66\x77\xb8\xba\x09\x8e\x9c\x07\xc5\xda\xc3\xc1\xb3\x30\x6e\
\x71\xec\xf6\x86\x0d\x1b\xa6\x6a\x8c\x6f\xdf\xbe\x2d\xdf\xb3\x97\
\x42\x41\x13\x2f\xe1\xff\x17\x08\x04\xb1\x88\x4a\x80\x82\x17\x42\
\x40\x0a\x8a\x01\xb5\xa9\xed\x32\x9d\xf7\x9f\xe4\x12\x9e\x0f\x1f\
\x3e\xe4\xab\xaf\xbe\xf2\x98\xe5\x3f\x8d\x4a\x09\x5f\x76\x86\x6f\
\xbb\xb9\x96\x9b\x57\x87\xb5\xbb\x5d\x59\x01\x5d\xba\x74\x61\xf7\
\xee\xdd\xf8\xfa\xfa\x26\x7a\xed\xcf\x3e\xfb\x4c\x4e\xcb\x7b\xb7\
\xbc\x67\xe7\xc1\x67\x09\xff\xc6\x43\x60\xfb\x51\xcf\xf5\x41\x41\
\x41\x04\x07\x07\xf3\xe0\xc1\x03\xf9\x9c\x0f\xc2\xa1\xde\x00\x30\
\xc6\x58\xfc\x15\x0a\x05\x7d\xfb\xf6\x4d\xd5\x18\xcf\x9d\x3b\x57\
\x8e\x21\xa8\xa3\xf1\x22\x40\x14\xff\x11\x08\x04\xc2\x02\x20\x78\
\x99\x2c\x00\xc9\xe9\x08\xd8\xeb\x3d\xd8\x32\x05\xca\x25\xa1\x61\
\x4f\xb5\x52\xf0\xdf\x34\x18\xd5\xc3\x25\xfc\x01\xa6\x0e\x8a\x0d\
\x28\x3c\x7e\xfc\x38\x1d\x3b\x76\x94\x3b\xe4\xc5\x87\xc3\xe1\x60\
\xd0\xa0\x41\x2c\x59\xb2\x24\x46\x30\xc3\x77\x3d\x92\x76\xaf\x43\
\x7f\x8d\x15\xfe\x0a\x85\x82\x8f\x3e\xfa\x88\x13\x27\x4e\x10\x1e\
\x1e\xce\x95\x2b\x57\x88\x8c\x8c\x64\xd3\xa6\x4d\x72\x6c\x81\xc1\
\x1c\x3b\xfb\xef\xd3\xa7\x0f\x95\x2a\x55\x4a\xf1\xf8\x5a\xad\x56\
\x66\xcf\x9e\x2d\x7f\xce\xa3\x52\xb1\xcd\x6a\xe1\x46\x32\x83\x0a\
\x2d\x92\xc4\x3f\x56\x0b\x23\x0c\xd1\xb4\x8c\x0c\xa3\x4a\xf8\x43\
\x4a\x84\x3d\xa0\x5c\xd8\x43\x9a\x46\x3e\xa6\x57\x74\x04\x53\x4d\
\x06\x4e\xd9\x6d\x38\xc5\x63\x2d\x10\x08\x0b\x80\x40\x90\x18\x29\
\x6d\x08\x04\xf0\x4e\x19\x38\x38\x17\x36\x1d\x80\x0d\xfb\x60\xc7\
\x71\xb8\xfb\xd0\xb5\xad\x40\x4e\xa8\x51\x06\x9a\xbe\x0d\x35\xca\
\xc6\x3d\x36\x47\x26\x98\xfb\x15\xb4\xf9\xc6\x55\x5c\xe8\xaf\xbf\
\xfe\xa2\x7e\xfd\xfa\x2c\x5b\xb6\x8c\x6c\xd9\xb2\x79\xec\x7b\xe1\
\xc2\x05\xfa\xf5\xeb\xc7\x96\x2d\x5b\xe4\x75\xc3\x3f\x82\x2a\x49\
\x28\xd5\x7f\xe9\x36\xcc\xf8\x33\xf6\xf3\x9c\x39\x73\xe8\xde\xbd\
\xbb\xa7\xf6\xad\x54\x52\xbf\x7e\x7d\x56\xad\x5a\x45\xf9\xf2\xe5\
\xe5\xf5\xa5\x4b\x97\x66\xfc\xf8\xf1\xa9\x1a\xdf\x1f\x7e\xf8\x81\
\x7b\xf7\xee\xc9\x9f\x67\x98\x62\x07\x39\x9f\x4a\x45\x7b\x2f\x1f\
\x3e\xd0\x79\x27\xf8\x02\x30\x48\x12\x0b\xcc\x46\x96\x9a\x4d\x44\
\x4a\x71\x45\xbb\x15\x89\x6b\x0e\x07\xd7\x1c\x0e\xf6\xd8\xac\xcc\
\x34\x19\xc8\xab\x52\xd1\x53\xe7\x4b\x0b\xe1\x6a\x10\x08\x84\x02\
\x20\x10\x24\xc5\x02\x10\x95\x82\x82\x77\x0a\x05\x34\x7c\xcb\xf5\
\x2f\xb9\xbc\xf7\x0e\xfc\xf4\x29\x0c\x99\xea\xfa\xbc\x7d\xfb\x76\
\x0a\x14\x28\x40\xe7\xce\x9d\x29\x5f\xbe\x3c\x56\xab\x95\xed\xdb\
\xb7\xb3\x6e\xdd\x3a\x0f\xeb\x40\x9f\x16\x30\xbc\x6b\xd2\xae\xf1\
\xdb\xfa\xd8\x02\x47\x1d\x3b\x76\x8c\x23\xfc\xdd\x29\x57\xae\x1c\
\x45\x8a\x14\xe1\xc2\x85\x0b\x94\x2c\x59\x92\x7f\xff\xfd\x37\x49\
\x6e\x89\xf8\x88\x8a\x8a\xa2\x57\xaf\x5e\x1e\xb9\xff\x4f\x73\xcd\
\xe1\x60\xb4\x31\x9a\x15\x16\x13\x13\xfc\x02\x28\xac\xf2\x7c\x0d\
\xec\xb1\x59\xf9\xda\x10\xc5\x23\x67\x5c\xc1\xaf\x52\x42\x80\x2f\
\x18\xcd\xae\x74\x48\x77\xae\x3b\x1c\x0c\x33\x44\x71\xce\x61\xe3\
\x2b\x1f\x7f\xf1\x90\x0b\x04\x42\x01\x10\x08\xe2\xb3\x00\x28\x53\
\x6c\x01\x48\x0b\x06\xb6\x85\x60\x7f\x57\x93\x1f\x8b\x0d\x4c\x26\
\x93\x87\xc9\xdc\x1d\xad\x06\x26\xf4\x85\x4f\x5a\x26\xfd\xfc\xff\
\xb9\xf9\xfd\x3f\xfe\xf8\xe3\x44\xf7\xdf\xb9\x73\x27\xbb\x77\xef\
\xa6\x4e\x9d\x3a\x29\xae\x76\x78\xfe\xfc\x79\x9a\x37\x6f\xce\xa5\
\x4b\x97\xe4\x75\xde\x5e\x2e\x8b\x49\x9e\xac\x10\x6d\x84\x5d\x27\
\xe0\x4e\x8c\xb5\xe4\x8a\xc3\x4e\xc7\xa8\x70\x66\xfa\x07\xc9\xdd\
\x01\x7f\x35\x19\xf8\xd5\x64\x40\x72\x3b\x6f\xf9\x22\xd0\xb9\x21\
\xd4\xa9\x00\x85\x72\x81\x46\xed\x72\x55\xdc\x7b\x0c\xe7\x6f\xc0\
\xc6\x7d\x30\x65\x55\x6c\xb9\xe6\x8d\x56\x8b\x50\x00\x04\x02\xa1\
\x00\x08\x04\x09\x29\x00\xc9\x6f\x09\x9c\xd6\x74\x69\xe4\xaa\xbf\
\xff\xed\x5c\xf8\x7b\x6f\xac\xff\xdd\x7d\xb6\xdb\xa6\x36\x7c\xdf\
\x0b\xf2\x65\x4b\xde\xb9\xaf\xc7\x5a\xdf\x93\xe4\xcb\xcf\x9c\x39\
\x33\x2d\x5b\xb6\x4c\xf1\x77\xb9\x78\xf1\x22\xb5\x6b\xd7\x96\xcd\
\xfe\x2a\x25\x0c\x68\x0b\x9f\x77\x84\x4c\x41\xb1\xfb\x39\x9c\xf0\
\xfb\x16\xf8\x7c\x1a\x3c\x8c\x00\xa3\x24\xd1\x27\x3a\x82\xd9\xfe\
\x41\x6c\xb2\x5a\x58\x6c\x36\xca\xfb\x16\xce\x05\x13\xfb\x41\xa3\
\xaa\xf1\x5b\x60\xb2\x87\x40\xb6\x8c\xb0\x72\x6b\xac\xf0\x07\xf8\
\x58\xe7\x2b\x1e\x70\x81\x40\x28\x00\x02\x41\xe2\x0a\x40\x84\xfe\
\xc5\xdd\x47\xe9\x82\xb0\x66\x2c\x9c\xbd\xe6\x8a\x25\xb8\x15\xea\
\x4a\xf3\x2b\x96\x17\x1a\x54\x71\x95\xe7\x4d\x09\x4f\x4a\x05\x7b\
\x7b\x7b\xa3\xd5\xa6\x6f\xf7\xbd\x9b\x37\x6f\x7a\x08\xff\xcc\x19\
\x60\xe9\x48\x57\xb6\xc2\xd3\x3c\x29\xaa\x54\xab\x3c\x34\x18\x08\
\x17\x6e\xba\x94\x80\x6e\x51\x11\x58\xdd\xe6\xfd\x1f\xd4\x81\x59\
\x43\xc1\x2f\x91\xd2\x01\x43\x7f\x85\xb9\xeb\x62\x3f\xf7\xf5\xf6\
\xa5\xbd\x4e\xd4\x1b\x10\x08\x84\x02\x20\x10\x24\x80\xdf\x0b\x76\
\x01\x3c\x4d\xf1\x7c\xae\x7f\x69\x45\x06\x7f\x57\x41\x1f\x93\xc9\
\x84\x5e\xaf\xc7\xcf\xcf\x2f\x5d\xee\xdb\x6a\xb5\xd2\xb6\x6d\x5b\
\xee\xdc\xb9\x03\xb8\x66\xfb\x5b\x26\x43\x89\xfc\xcf\x3e\x2e\x67\
\x26\x57\x36\x45\xad\x4f\xe1\xea\x5d\x3c\x84\xff\xa7\xad\x5c\x3d\
\x09\x12\xcb\x1a\xfc\x7e\x01\xfc\xec\xd6\xae\xe0\x23\x9d\x0f\x1f\
\x7b\x8b\xd9\xbf\x40\xf0\xaa\x20\xd2\x00\x05\x2f\x84\x80\x54\x06\
\x01\xbe\xec\xe4\xce\x1a\xbb\x7c\xe1\xc2\x85\x74\xbb\xce\xe0\xc1\
\x83\x39\x70\xe0\x00\xe0\xf2\xcd\x6f\x98\x98\xb8\xf0\x7f\x42\xf6\
\x10\x58\xf5\x43\x6c\x85\x44\x80\xd6\xef\x26\x4d\xf8\xff\xb2\x0a\
\x46\xcd\x73\x3b\xce\xcb\x9b\x21\x3e\x7e\xe2\xc1\x16\x08\x5e\x21\
\x54\xc0\xc8\x84\x36\x16\x55\xab\xa9\x23\x9a\x87\x08\xd2\xe3\xc1\
\x53\xc0\x2c\x93\xcb\xdf\x6c\xb5\xbb\x7c\xd3\xd7\xee\xc1\xfd\xc7\
\xae\xe8\x79\x7f\x5f\x50\xbf\xc2\x65\xeb\xcf\x5c\x83\x03\x67\x63\
\x94\x81\xdc\xb9\xe5\x46\x42\x69\xc9\x85\x0b\x17\xf8\xf0\xc3\x0f\
\xe5\xcf\x4e\x27\x6c\x3e\x08\x12\x50\x32\xbf\x2b\x78\x31\x31\xb2\
\x66\x84\x0c\x01\xb0\xe5\x20\xbc\x5d\x1a\x56\x7c\x9f\xf8\x71\xbf\
\xfd\x0d\xfd\x7e\x8e\xfd\xdc\x58\xab\xe3\x07\xbf\x00\x31\x9b\x10\
\x08\x5e\x32\xb6\xd9\x2c\x9c\x77\xd8\x13\xdc\xae\x00\xa4\x84\x36\
\xb6\xf0\xd2\xf1\xa3\x6f\x80\x18\x45\x41\xba\x50\x21\xfc\x21\x66\
\x29\xfe\xc7\x4f\xa9\x74\x99\xa9\xf3\xe7\x80\x02\xd9\x63\xfe\x8f\
\xf9\x97\x3f\x47\x6c\xc7\xbc\x97\x95\x7f\x0f\x41\xc3\x41\xae\xe5\
\x1c\x39\x72\x70\xf1\xe2\xc5\x64\xd5\xf5\xdf\xbf\x7f\x3f\x87\x0e\
\x1d\xa2\x43\x87\x0e\x64\xcc\x98\x31\xde\x7d\x42\x43\x43\x29\x58\
\xb0\xa0\x5c\x4d\xd0\x9d\xe2\x79\xe1\xef\x89\x90\x2b\x73\xd2\xae\
\x67\x34\xc7\x36\x21\x7a\x16\xab\xff\x83\x8e\x23\x5d\x0a\x1b\x40\
\x2d\x8d\x17\x53\xfc\x03\x85\x2f\x51\x20\x78\x09\x19\x66\x88\x62\
\x8d\xc5\x2c\x14\x00\xc1\xcb\xc7\x27\xd1\x11\xec\xb0\x59\x53\x74\
\x6c\x48\x20\x14\xcc\x05\xa5\xf2\xbb\x66\xbb\x25\xf3\x43\xa9\x02\
\x10\xfc\x92\x3c\xae\x0e\x27\x94\xfb\xc8\x15\x5c\x08\xd0\xba\x75\
\x6b\x16\x2f\x5e\x8c\x4e\x97\xb0\x94\x0d\x0f\x0f\x67\xcd\x9a\x35\
\xcc\x98\x31\x83\x43\x87\x0e\x01\xf0\xde\x7b\xef\xb1\x66\xcd\x9a\
\x04\x8f\xb9\x76\xed\x1a\x9b\x36\x6d\xe2\xd8\xb1\x63\x6c\xdb\xb6\
\x8d\xcb\x97\x2f\xcb\xdb\x72\x66\x82\x93\x8b\x5d\x79\xfb\x69\xc1\
\xc6\x7d\xd0\x6a\x58\x6c\x17\xc3\xca\x1a\x2d\x33\xfd\x02\xf1\x12\
\x25\x86\x05\x02\xa1\x00\x08\x04\xc9\xc1\x8a\xc4\x51\x9b\x8d\x43\
\x76\x1b\x73\x4c\x46\x1c\x31\x8f\x62\xf6\xec\xd9\xd1\xeb\xf5\x44\
\x45\x45\x25\xfb\x9c\x39\x32\x41\x89\x7c\xae\xdc\xf5\x4a\xc5\x5c\
\xff\xb2\x87\xbc\x98\xef\xb7\xe9\x00\x34\xfd\x3c\x36\xbd\xb0\x70\
\xe1\xc2\x7c\xfc\xf1\xc7\x54\xad\x5a\x95\x4c\x99\x32\x61\x34\x1a\
\xb9\x76\xed\x1a\x87\x0e\x1d\x62\xdf\xbe\x7d\xec\xd8\xb1\x23\x4e\
\x59\xe2\x42\x85\x0a\x71\xf1\xe2\xc5\x24\x5d\xcf\xe9\x74\xb2\x76\
\xed\x5a\xba\x77\xef\x4e\x58\x98\xab\xa5\xe0\xb7\x5d\x5d\x7d\x10\
\x52\xcb\xce\xe3\xd0\x64\x88\xab\x95\x31\x40\x69\xb5\x86\x79\xfe\
\x41\xf8\x08\xe1\x2f\x10\x08\x05\x40\x20\x48\x09\x8f\x9d\x4e\xda\
\x44\x85\x11\x1a\x93\x48\x5e\xa7\x4e\x1d\x36\x6d\xda\x84\x4a\xa5\
\xe2\xe1\xc3\x87\x5c\xb9\x72\x25\xde\x7f\xf7\xef\xdf\x4f\xf2\x35\
\x72\x65\x76\x29\x02\x95\x4b\x40\x95\xe2\x2e\xe5\xc0\xf7\x39\x55\
\xab\x9d\xb2\x12\x06\x4f\x4d\xf9\xf1\xc1\xc1\xc1\x3c\x7e\xfc\x38\
\x59\xc7\xec\xda\xb5\x4b\x8e\x39\xc8\x91\x09\x6e\xfc\x91\xba\xef\
\x70\xf8\x1c\xd4\xff\x2c\x36\xb5\xb1\xb0\x4a\xcd\x82\x80\x20\x02\
\x15\xc2\xeb\x2f\x10\x08\x05\x40\x20\x48\x01\x0e\xa0\x7b\x54\x38\
\x87\xec\xae\x59\x6f\xee\xdc\xb9\x39\x72\xe4\x08\x21\x21\x89\x4f\
\xd9\x0d\x06\x03\xe7\xce\x9d\xe3\xe4\xc9\x93\x9c\x3e\x7d\x9a\x53\
\xa7\x4e\x71\xea\xd4\x29\x42\x43\x43\x13\x3d\x56\xa3\x86\xca\xc5\
\xa1\x76\x79\xa8\x5d\xd1\xa5\x14\x24\x25\x60\x2e\xa5\xac\xdd\x0d\
\x7d\x27\xc2\xdd\x47\x89\xdf\x57\x9d\x8a\xae\x48\xfc\x61\xb3\x20\
\xd4\x35\x89\x27\x2c\x2c\x8c\x0c\x19\x32\x24\xeb\x9a\x39\x73\xe6\
\xe4\xce\x9d\x3b\x28\x14\xa0\xdf\x0a\x5e\x29\xfc\x7e\x67\xae\x42\
\xed\xfe\xf0\x38\xd2\xf5\x39\x8f\x4a\xc5\x62\xff\x0c\x64\x54\x0a\
\xe1\x2f\x10\x08\x05\x40\x20\x48\x21\x3f\x1b\xf5\xcc\x8b\xa9\x3c\
\xa7\xd3\xe9\xd8\xb5\x6b\x17\x15\x2b\x56\x4c\xd5\x39\x1f\x3e\x7c\
\xc8\x89\x13\x27\x38\x74\xe8\x10\x07\x0e\x1c\xe0\xe0\xc1\x83\x1e\
\x4d\x71\xe2\xc3\x57\xe7\x8a\x80\xaf\x5d\xd1\xa5\x14\x94\x2b\x9c\
\x78\x1a\x5c\x72\xb1\xda\x5c\x8d\x8b\xb6\x1d\x71\x15\xdf\x09\x8f\
\x76\xa5\xdf\x65\x09\x76\x5d\xaf\x52\x51\x97\x85\xe2\x49\x70\x63\
\xfd\x81\xae\x7d\x01\xb6\x6c\xd9\x42\xdd\xba\x75\x93\x75\xbd\xec\
\xd9\xb3\x73\xef\xde\x3d\x14\x0a\x78\xbc\x31\x65\x71\x00\x97\x6f\
\xc3\xbb\x7d\x5d\x25\x7f\x01\xb2\x29\x55\x2c\x0e\x08\x22\x9b\x52\
\x25\x1e\x5e\x81\xe0\x35\x50\x00\x44\xf0\xae\xe0\x85\x70\xd4\x6e\
\x63\x81\x5b\xd9\xd9\xa9\x53\xa7\xa6\x5a\xf8\x03\x64\xca\x94\x89\
\xba\x75\xeb\x7a\x08\xcc\x5b\xb7\x6e\x71\xe0\xc0\x01\xf9\xdf\xc1\
\x83\x07\xb1\x58\x2c\xb1\xd6\x04\xb3\x2b\x7d\x6e\xf3\x41\xd7\xe7\
\x1c\x99\xa0\x65\x4d\x68\x59\x0b\xde\x2e\xe5\xca\x48\x48\x2d\x5a\
\x0d\xb4\xa8\xe1\xfa\x97\x14\xaa\x14\x8f\x55\x00\xb6\x6f\xdf\x9e\
\x2c\x05\xe0\xea\xd5\xab\xb2\xd2\x93\x3b\x4b\xca\x84\xff\xed\x87\
\xd0\xf0\xb3\x58\xe1\x9f\x51\xa9\x64\xae\xbf\x10\xfe\x02\xc1\xeb\
\x84\xb0\x00\x08\x9e\x3b\x7a\x49\xa2\x65\x64\x18\x77\x9c\xae\x76\
\x79\xed\xdb\xb7\x67\xd9\xb2\x65\xcf\xed\xfa\x26\x93\x89\xdd\xbb\
\x77\xb3\x6d\xdb\x36\xb6\x6e\xdd\xca\xd1\xa3\x47\x71\x38\x1c\xf1\
\xee\x9b\x35\xd8\x25\xb4\x5b\xbd\xeb\x6a\x2f\xac\x7a\x4e\x96\xef\
\x5d\x27\x5c\xb3\x6f\x80\x22\x45\x8a\x70\xfe\xfc\xf9\x24\x1f\x3b\
\x68\xd0\x20\x26\x4d\x9a\x04\xb8\xfa\x1d\xcc\xff\x3a\x79\xd7\x7e\
\x10\x0e\xb5\xfb\xb9\x1a\xfd\x80\xab\x68\xd3\xc2\x80\x0c\x71\xba\
\x06\x0a\x04\x82\x57\xdb\x02\x20\x14\x00\xc1\x0b\x7d\x28\x73\xe4\
\xc8\xc1\xc9\x93\x27\x09\x0e\x0e\x7e\x61\xf7\x13\x11\x11\xc1\xf6\
\xed\xdb\xd9\xb6\x6d\x1b\x1b\x36\x6c\xe0\xca\x95\x2b\xf1\xee\x17\
\x12\xe8\x52\x04\x7a\x34\x73\x99\xed\xd3\x13\xa7\x13\xf2\xb4\x8c\
\x9d\x81\xaf\x5d\xbb\x96\x66\xcd\x9a\x25\x7a\xdc\xe9\xd3\xa7\xa9\
\x58\xb1\xa2\x6c\xe1\x38\x38\xd7\x15\xf4\x98\xe4\xb1\xd0\x43\x9d\
\xfe\x70\x22\xa6\xa1\xa0\x8f\x42\xc1\x5c\xff\x20\xca\xa8\x35\xe2\
\xc1\x15\x08\x5e\x33\x05\x40\x44\xf2\x08\x9e\x2b\xdb\xac\x16\xf9\
\x81\x54\x28\x14\x2c\x58\xb0\xe0\x85\x0a\x7f\x80\xa0\xa0\x20\x5a\
\xb4\x68\xc1\x2f\xbf\xfc\xc2\xe5\xcb\x97\x39\x7a\xf4\x28\xc3\x86\
\x0d\xa3\x48\x11\x4f\xc9\xf9\x28\x12\x66\xad\x81\x4a\xdd\xa1\x4a\
\x4f\x57\x13\x1c\xbd\x29\x7d\xee\x49\xa9\x84\x8f\xdd\x9a\x03\x7e\
\xf9\xe5\x97\xf1\x16\xfc\x71\x27\x32\x32\x92\x4e\x9d\x3a\xc9\xc2\
\xbf\x49\xb5\xe4\x09\x7f\x83\x19\x9a\x7d\x1e\x2b\xfc\xbd\x14\x0a\
\xa6\xf9\x05\x0a\xe1\x2f\x10\xbc\xa6\x08\x0b\x80\xe0\xb9\x61\x96\
\x24\x9a\x45\x86\x71\x37\xc6\xf4\x3f\x70\xe0\x40\xd9\x54\xfd\xb2\
\x72\xfa\xf4\x69\x56\xaf\x5e\xcd\xea\xd5\xab\x39\x73\xe6\x4c\x9c\
\xed\x01\xbe\xd0\xbe\x1e\xf4\x6c\xee\x6a\x2d\x9c\x96\xe8\x4d\x50\
\xf8\x03\x97\x49\x1e\xa0\x69\xd3\xa6\xac\x58\xb1\x22\xde\x8a\x82\
\x3b\x76\xec\xa0\x4f\x9f\x3e\xb2\xab\x20\xc8\x0f\x4e\x2c\x72\xc5\
\x33\x24\x05\x8b\x0d\x9a\x7f\x01\x5b\x0f\xbb\x3e\xab\x81\x29\xfe\
\x81\xd4\xd2\x88\x52\xe0\x02\xc1\xeb\x6a\x01\x10\x0a\x80\xe0\xb9\
\x31\xc1\xa8\xe7\xb7\x98\xc0\xbf\x02\x05\x0a\x70\xea\xd4\x29\xbc\
\xbd\x5f\x9d\xd6\xb1\x67\xce\x9c\x61\xce\x9c\x39\x2c\x5a\xb4\x88\
\xf0\xf0\xf0\x38\xdb\xab\x94\x80\x2f\x3a\x42\xb3\xb7\xd3\x26\x70\
\x10\x5c\xc5\x84\xde\x1b\xea\xea\x8f\x00\x90\x37\x6f\x5e\xba\x77\
\xef\x4e\xc9\x92\x25\x31\x9b\xcd\x9c\x3f\x7f\x9e\xf5\xeb\xd7\x73\
\xe4\xc8\x11\xf9\x18\x8d\x1a\x56\xff\xe8\xb2\x00\x24\x05\xbb\x03\
\x3e\x18\x0e\x7f\xed\x8a\xb1\x3e\x00\xe3\xfc\x02\x68\xac\xd5\x89\
\x87\x56\x20\x10\x0a\x80\x40\x90\x3a\x2e\x3a\xec\xb4\x8e\x0c\xe3\
\x49\xa8\xdd\x86\x0d\x1b\x68\xd4\xa8\xd1\x2b\xf9\x5d\x4c\x26\x13\
\xab\x56\xad\x62\xf6\xec\xd9\xec\xd9\xb3\x27\xce\xf6\xe2\x79\xe1\
\xf3\x8e\xd0\xae\xae\x4b\x18\xa7\x96\x99\x6b\x5c\xcd\x77\x24\x29\
\xf1\x7d\x33\x67\x80\x85\xdf\x40\xbd\xca\x49\x3b\xb7\xd3\x09\x5d\
\x7f\x84\xa5\x9b\x63\x5f\x08\x23\x7c\xfd\x69\xe3\xe5\x2d\x1e\x5a\
\x81\xe0\x35\x57\x00\x44\x0c\x80\xe0\xb9\xf0\x83\x21\x5a\x16\xfe\
\xad\x5a\xb5\x7a\x65\x85\x3f\x80\xb7\xb7\x37\x5d\xba\x74\x61\xf7\
\xee\xdd\x9c\x3e\x7d\x9a\xfe\xfd\xfb\x13\x14\x14\x24\x6f\x3f\x7b\
\xdd\x25\x54\x8b\xb5\x87\x5f\xff\x88\x2d\x9f\x9b\x52\xfa\xb4\x80\
\xbf\xc6\xb9\x1a\x21\x25\x44\x06\x7f\xf8\xbc\x03\x9c\x5a\x9c\x74\
\xe1\x2f\x49\xd0\x7f\x52\xac\xf0\x07\x18\xe2\xe3\x27\x84\xbf\x40\
\xf0\x86\x20\x2c\x00\x82\x74\x67\x9b\xd5\x42\x3f\xbd\xab\x94\x9c\
\x9f\x9f\x1f\xe7\xce\x9d\x23\x67\xce\x9c\xaf\xd5\x77\x8c\x8e\x8e\
\x66\xe6\xcc\x99\x4c\x9a\x34\x29\x4e\xe1\xa1\xcc\x19\xe0\xb3\x76\
\xf0\x69\xcb\xa4\x75\xdc\x4b\x08\x9b\x1d\x76\x1c\x73\xa5\x08\xde\
\x7e\x00\x5e\x5a\x97\x8f\xbf\x52\x31\xa8\x59\x2e\xf9\xd5\xfe\xbe\
\x9e\x09\x3f\x2d\x75\x53\x34\xbc\x7d\xe9\xe7\xed\x2b\x1e\x58\x81\
\xe0\x0d\xb1\x00\x08\x05\x40\x90\xae\x38\x81\x96\x91\x61\x5c\x8a\
\xe9\x49\xfd\xdd\x77\xdf\x31\x7c\xf8\xf0\xd7\xf6\xfb\x5a\xad\x56\
\x96\x2f\x5f\xce\x8f\x3f\xfe\x18\xa7\x89\x4f\xa6\x20\x97\x22\x30\
\xa0\x6d\xca\x4b\xf3\xa6\x15\xa3\x17\xc1\xb7\x73\x62\x3f\x77\xd0\
\x79\x33\xcc\xc7\x5f\x3c\xb0\x02\xc1\x1b\xa4\x00\x08\x17\x80\x20\
\x5d\x59\x67\x31\xcb\xc2\x3f\x53\xa6\x4c\x0c\x1c\x38\xf0\xb5\xfe\
\xbe\x5a\xad\x96\x2e\x5d\xba\x70\xee\xdc\x39\xd6\xae\x5d\x4b\x85\
\x0a\x15\xe4\x6d\x0f\x23\x5c\xb3\xee\xe2\x1d\x60\xce\x5a\x57\xcb\
\xe0\x17\xc1\x8c\x3f\x3d\x85\xff\x7b\x5e\x3a\xbe\x12\xc2\x5f\x20\
\x78\xe3\x10\x0a\x80\x20\xdd\x70\x00\x33\x4c\x06\xf9\xf3\x37\xdf\
\x7c\x83\xbf\xff\x9b\x21\x68\x94\x4a\x25\xcd\x9a\x35\xe3\xd0\xa1\
\x43\xac\x5e\xbd\x9a\xa2\x45\x8b\xca\xdb\x6e\xdc\x87\x8f\xc7\x43\
\xe5\x1e\xb0\x71\xdf\xf3\xbd\xaf\x45\x1b\x5d\x7e\xff\x27\x34\xd0\
\x7a\xf1\xbd\x6f\x80\x78\x11\x08\x04\x42\x01\x10\x08\xd2\x8e\x7f\
\xad\x16\x6e\xc5\xe4\xfc\xe7\xc9\x93\x87\xde\xbd\x7b\xbf\x71\x63\
\xa0\x50\x28\x68\xd5\xaa\x15\x67\xce\x9c\x61\xe5\xca\x95\xe4\xcb\
\x97\x4f\xde\x76\xe2\x12\x34\xfb\x02\xea\x0e\x80\x53\x57\xd2\xff\
\x5e\xfe\xda\x05\xbd\xc6\xc5\x66\x13\x54\xd3\x68\x19\xeb\x17\x80\
\xa8\xee\x2f\x10\x08\x05\x40\x20\x48\x53\x16\xba\x35\xfb\xf9\xec\
\xb3\xcf\xf0\xf2\x7a\x73\x8b\xca\x28\x95\x4a\xda\xb4\x69\xc3\xf9\
\xf3\xe7\x99\x35\x6b\x16\x59\xb2\x64\x91\xb7\x6d\x3f\x0a\x15\xba\
\xc1\x47\x3f\xb8\xdc\x04\xe9\xc1\xd6\xc3\xd0\x61\x44\x6c\x3d\x81\
\xb2\x6a\x0d\xbf\xf8\x05\xa2\x45\x21\x1e\x54\x81\x40\x28\x00\x02\
\x41\xda\x71\xd4\x6e\xe3\x84\xdd\x06\xb8\x4a\xed\x76\xeb\xd6\x4d\
\x0c\x0a\xae\x18\x81\x5e\xbd\x7a\x71\xf1\xe2\x45\xbe\xf9\xe6\x1b\
\xb9\x10\x92\xd3\x09\x4b\x36\x41\xc9\x4e\xae\xd4\x41\xbb\x23\xed\
\xae\xb9\xe7\x24\xbc\xff\x95\xab\xda\x1f\x40\x49\xb5\x86\x59\xfe\
\x41\x78\x2b\x84\xf0\x17\x08\x84\x02\x20\x10\xa4\x31\x2b\xcd\xb1\
\x45\xf2\x7b\xf7\xee\xfd\xc6\xf8\xfe\x93\x4a\x40\x40\x00\xdf\x7f\
\xff\x3d\xe7\xce\x9d\xa3\x6d\xdb\xb6\xf2\xfa\xc7\x91\x2e\x1f\x7d\
\x85\x6e\x2e\xc1\x9d\x6a\x45\xec\x82\xab\xc4\xaf\x31\x26\x10\xb8\
\x90\x4a\xcd\x2c\xff\x40\xfc\x84\xf0\x17\x08\x84\x02\x20\x86\x40\
\x90\xd6\x18\x24\x89\x2d\x36\x57\xf5\x1b\x85\x42\x41\x9f\x3e\x7d\
\xc4\xa0\x24\x40\x9e\x3c\x79\x58\xb1\x62\x05\xfb\xf7\xef\xa7\x4a\
\x95\x2a\xf2\xfa\x33\x57\xa1\x56\x5f\x97\x5b\xe0\x71\x64\xca\xce\
\x7d\xf1\x96\x2b\xc6\x20\x32\x26\x0e\x33\x97\x52\xc5\x6c\xff\x20\
\x82\x14\xe2\x67\x2f\x10\x08\x84\x02\x20\x48\x07\x36\x59\x2d\x98\
\x63\x22\xcd\x6a\xd6\xac\x49\xde\xbc\x79\xc5\xa0\x24\x42\x95\x2a\
\x55\xd8\xbb\x77\x2f\xb3\x67\xcf\x26\x53\x26\x57\x07\x1f\x49\x72\
\xb9\x05\xca\x74\x81\x55\xdb\x92\x77\xbe\xab\x77\xa1\xde\x00\x08\
\x0d\x73\x7d\xce\xa2\x54\x32\x2f\x20\x88\xcc\x4a\xf1\x93\x17\x08\
\x04\x42\x01\x10\xa4\x13\x1b\xad\xb1\x85\x27\x3e\xfc\xf0\x43\x31\
\x20\x49\xfd\x31\x2a\x95\xf4\xec\xd9\x93\x8b\x17\x2f\xd2\xbf\x7f\
\x7f\x94\x31\xc2\xfa\x7e\x18\xb4\x1f\xe1\x9a\xcd\xdf\xb8\x9f\xf8\
\x79\xee\x3e\x82\x86\x9f\xc1\x9d\x87\xae\xcf\xc1\x0a\x25\x73\xfc\
\x83\xc8\xa1\x14\xf1\xfe\x02\x81\x40\x28\x00\x82\x74\xc2\x20\x49\
\x1c\xb6\xb9\xa2\xcd\x34\x1a\x0d\xef\xbf\xff\xbe\x18\x94\x64\x12\
\x14\x14\xc4\x94\x29\x53\xd8\xb1\x63\x07\xc5\x8b\x17\x8f\x55\xac\
\xf6\x41\xa9\xce\xae\xf2\xbd\x09\x15\x11\x7a\x14\xe9\x12\xfe\x57\
\xef\xba\x3e\xfb\x2b\x14\xcc\xf4\x0f\xa2\x80\x4a\x2d\x06\x56\x20\
\x10\x08\x05\x40\x90\x7e\xec\xb1\x59\xb1\x12\x6b\xfe\x0f\x0c\x0c\
\x14\x83\x92\x42\xaa\x57\xaf\xce\xf1\xe3\xc7\x19\x3b\x76\xac\x9c\
\x42\x69\x34\xbb\xaa\x09\x56\xee\x01\x87\xcf\x79\xee\x1f\x65\x80\
\x26\x43\x5c\xcd\x88\x00\x74\x0a\x05\xd3\xfd\x83\x28\xa1\x16\xc2\
\x5f\x20\x10\x08\x05\x40\x90\xce\xec\xb7\x59\xe5\xe5\xc6\x8d\x1b\
\x8b\x01\x49\x25\x1a\x8d\x86\xa1\x43\x87\x72\xea\xd4\x29\x6a\xd7\
\xae\x2d\xaf\x3f\x71\x09\xaa\x7f\xec\x52\x06\xac\x36\x57\xc7\xc1\
\xf7\x86\xc2\x91\xf3\x31\xc7\xa1\x60\xb2\x5f\x20\x15\xd4\x1a\x31\
\x88\x02\x81\x40\x28\x00\x82\xf4\xe7\x78\x4c\xee\x3f\xc0\xbb\xef\
\xbe\x2b\x06\x24\x8d\x28\x54\xa8\x10\xff\xfe\xfb\x2f\xb3\x66\xcd\
\x92\x5b\x0f\xdb\x1d\x2e\x77\x40\xb5\xde\xae\x54\xbf\x5d\x27\x5c\
\xfb\x2a\x80\x89\x7e\x01\xbc\xa3\xd1\x8a\x81\x13\x08\x04\x42\x01\
\x10\xa4\x3f\x46\x49\xe2\x72\x4c\xe3\x1f\x5f\x5f\x5f\x4a\x96\x2c\
\x29\x06\x25\x0d\x51\x28\x14\xf4\xea\xd5\x8b\x73\xe7\xce\xd1\xb2\
\x65\xcb\x58\xa5\xeb\x12\xfc\x77\x34\x76\xbf\x2a\x6a\x2d\x75\xb4\
\x5e\x62\xc0\x04\x02\xc1\x33\x11\xce\x41\x41\x9a\x71\xc5\x61\xe7\
\x49\x01\xbb\x72\xe5\xca\xa1\x16\xbe\xe7\x24\xe3\x74\x3a\xb9\x70\
\xe1\x02\x97\x2f\x5f\xe6\xe6\xcd\x9b\xdc\xbb\x77\x0f\x9b\xcd\x46\
\x44\x44\x04\x3e\x3e\x3e\xe8\x74\x3a\xb2\x65\xcb\x46\x81\x02\x05\
\xc8\x9f\x3f\x3f\xcb\x96\x2d\x63\xe5\xca\x95\xf4\xef\xdf\x9f\x88\
\x88\x08\x8f\x73\xbd\xa3\x15\x33\x7f\x81\x40\x20\x14\x00\xc1\x73\
\xe4\x9a\x23\xb6\x7e\x6d\xb1\x62\xc5\xe2\xdd\x47\x92\x24\x96\x2d\
\x5b\x06\x40\x87\x0e\x1d\x50\xbc\xc1\x15\xe9\x4e\x9e\x3c\xc9\xfa\
\xf5\xeb\xd9\xbc\x79\x33\x47\x8f\x1e\x25\x3a\x3a\x3a\x59\xd6\x80\
\xe2\xc5\x8b\xd3\xa2\x45\x0b\x4e\x9d\x3a\xc5\xf1\xe3\xc7\x71\xc4\
\x8c\x7f\x2e\x91\xee\x27\x10\x08\x84\x02\x20\x78\x9e\xdc\x76\xc6\
\x2a\x00\x85\x0a\x15\x8a\xb3\x3d\x3a\x3a\x9a\x2e\x5d\xba\xb0\x66\
\xcd\x1a\x00\x54\x2a\x15\xed\xda\xb5\x7b\xa3\xc6\x28\x2c\x2c\x8c\
\xdf\x7e\xfb\x8d\x99\x33\x67\x72\xf9\xf2\xe5\x14\x9f\x47\x92\x24\
\xce\x9c\x39\xc3\x99\x33\x67\x00\xe4\x9a\x01\x00\xb9\x54\x42\x01\
\x10\x08\x04\x42\x01\x10\x3c\x4f\xe1\x26\xc5\x26\xa7\x67\xcd\x9a\
\xd5\x63\xdb\x95\x2b\x57\x78\xef\xbd\xf7\x64\x81\x05\xae\x08\xf7\
\x37\x85\x47\x8f\x1e\xf1\xc3\x0f\x3f\x30\x7b\xf6\x6c\x4c\x26\x53\
\x9c\xed\x2a\x95\x8a\xa2\x45\x8b\x52\xba\x74\x69\x72\xe7\xce\x4d\
\x8e\x1c\x39\xf0\xf2\xf2\x22\x28\x28\x08\x83\xc1\x80\xd9\x6c\xe6\
\xe6\xcd\x9b\x5c\xb9\x72\x85\xab\x57\xaf\x72\xe9\xd2\x25\xa2\xa2\
\xa2\x3c\xc6\xd2\x62\x71\x95\x5f\x1e\xac\x8f\x64\xb2\x5f\xa0\xc8\
\xfd\x17\x08\x04\x42\x01\x10\x3c\x1f\xa2\x9c\x92\xbc\x1c\x1c\x1c\
\x2c\x2f\x6f\xd9\xb2\x85\x76\xed\xda\x11\x16\x16\x26\xcf\x56\x47\
\x8f\x1e\x4d\xab\x56\xad\x5e\xfb\x31\xb1\xd9\x6c\x4c\x9c\x38\x91\
\xb1\x63\xc7\x12\x19\xe9\x59\xd4\x3f\x47\x8e\x1c\x34\x6f\xde\x9c\
\xe6\xcd\x9b\x53\xbd\x7a\x75\xfc\xfc\xfc\x92\x7c\x5e\xa7\xd3\xc9\
\xf1\xe3\xc7\xd9\xbe\x7d\x3b\x1b\x37\x6e\xe4\xc1\x83\x07\x9c\x3c\
\xe9\xea\x1e\x74\xd5\xe1\xe0\xfd\xc8\x30\xde\xf7\xf2\xe6\x53\x6f\
\x5f\x51\xfe\x57\x20\x10\x08\x05\x40\x90\xbe\xc4\x27\x66\xa6\x4c\
\x99\xc2\x90\x21\x43\xb0\xdb\x5d\xd9\x01\x81\x81\x81\x2c\x5b\xb6\
\xec\x8d\xa8\x11\x70\xfe\xfc\x79\x3a\x75\xea\xc4\x91\x23\x47\x3c\
\xd6\xd7\xab\x57\x8f\x4f\x3e\xf9\x84\x66\xcd\x9a\xa1\x4a\xa1\xb9\
\x5e\xa9\x54\x52\xbe\x7c\x79\xca\x97\x2f\xcf\xa0\x41\x83\xb8\x78\
\xf1\x22\xdd\xba\x75\x63\xdf\xbe\x7d\x38\x9d\x4e\x1c\xc0\x6a\x8b\
\x89\xf5\x56\x33\x1f\xea\x7c\xe8\xa6\xf3\x11\x1d\x00\x05\x02\x41\
\xa2\xef\x6c\x81\x20\x45\x68\xdc\xe4\x8b\xd5\x6a\x65\xe4\xc8\x91\
\x0c\x1c\x38\x50\x16\xfe\x85\x0a\x15\x62\xef\xde\xbd\x6f\x84\xf0\
\x5f\xb4\x68\x11\x15\x2a\x54\xf0\x10\xfe\x55\xab\x56\x65\xf7\xee\
\xdd\x6c\xde\xbc\x99\x16\x2d\x5a\xa4\x58\xf8\xc7\x47\xe1\xc2\x85\
\xd9\xbd\x7b\x37\xd7\xaf\x5f\xa7\x57\xaf\x5e\xf2\xb9\xcd\x92\xc4\
\x2c\x93\x81\x06\x11\x8f\x99\x67\x36\xca\x55\x1a\x05\x02\x81\x40\
\x05\x8c\x4c\x68\x63\x51\xb5\x5a\xe4\x13\x0b\x92\xcc\x6e\x9b\x95\
\x33\x31\x75\x00\x42\x43\x43\x59\xb8\x70\xa1\xbc\xad\x71\xe3\xc6\
\x6c\xda\xb4\x89\x5c\xb9\x72\xbd\xf6\xe3\xe0\x70\x38\xa8\x5a\xb5\
\x2a\x66\xb3\x59\xb6\x7a\xcc\x99\x33\x87\x29\x53\xa6\x90\x3b\x77\
\xee\x74\xbd\x76\x60\x60\x20\xcd\x9a\x35\xa3\x69\xd3\xa6\x5c\xb9\
\x72\x85\x6b\xd7\xae\xb9\x14\x01\x24\xf6\xd9\xac\x6c\xb4\x5a\x08\
\x51\xaa\x28\xa0\x52\x23\xec\x01\x02\xc1\xeb\xcd\x36\x9b\x85\xf3\
\x31\xef\x64\x61\x01\x10\xa4\x2b\x21\x6e\xbe\xe6\xed\xdb\xb7\xcb\
\xcb\x1f\x7e\xf8\x21\x7f\xfd\xf5\xd7\x1b\xd3\x17\x40\xa5\x52\x51\
\xa5\x4a\x15\xc0\xd5\x0f\xe1\xc4\x89\x13\x74\xee\xdc\xf9\xb9\xa6\
\x3c\x96\x2f\x5f\x9e\x7f\xff\xfd\x97\x2d\x5b\xb6\x50\xae\x5c\x39\
\x79\xfd\x4d\x87\x83\xc1\xfa\x48\xda\x45\x85\x73\xd0\xad\x6c\xb3\
\x40\x20\x78\xf3\x10\x0a\x80\x20\xcd\xc8\x19\x8f\x49\xfb\xab\xaf\
\xbe\xe2\xb7\xdf\x7e\x7b\xe3\x8a\x02\x6d\xdd\xba\x95\xb3\x67\xcf\
\xf2\xdf\x7f\xff\x91\x27\x4f\x9e\x17\x76\x1f\x75\xeb\xd6\xe5\xf0\
\xe1\xc3\x2c\x58\xb0\xc0\xc3\xfa\x72\xda\x6e\xa3\x6b\x74\x04\x9f\
\x44\x47\xca\xd5\x1b\x05\x02\x81\x50\x00\x04\x82\x64\xf3\xd0\xe9\
\x64\xba\xd1\xe0\xb1\xee\xe7\x9f\x7f\x66\xf4\xe8\xd1\x6f\x64\xb1\
\x1f\xb5\x5a\x4d\xb1\x62\xc5\x5e\x8a\xef\xae\x54\x2a\xf9\xf0\xc3\
\x0f\xb9\x78\xf1\x22\xe3\xc6\x8d\x93\x7b\x09\x00\xec\xb0\x59\x68\
\x19\x19\xc6\xb7\x86\x68\x42\x9d\x4e\xf1\x20\x0b\x04\x42\x01\x10\
\x08\x92\xce\x3d\xa7\x83\x4e\x51\xe1\x1e\x85\x80\xfa\xf7\xef\xcf\
\x67\x9f\x7d\x26\x06\xe7\x25\x42\xa7\xd3\xf1\xc5\x17\x5f\x70\xe5\
\xca\x15\x06\x0d\x1a\x24\xb7\x18\x76\x00\xff\xb3\x98\x68\x1c\xf9\
\x98\x29\x26\x03\x7a\x49\x04\x0a\x0a\x04\x42\x01\x10\x08\x12\x21\
\xd4\xe9\xa4\x6b\x54\x84\x2c\xfc\x7d\x7c\x7c\xf8\xe3\x8f\x3f\x98\
\x32\x65\x8a\x18\x9c\x97\x94\xe0\xe0\x60\x26\x4e\x9c\xc8\xa5\x4b\
\x97\xe2\x64\x0c\xcc\x16\x19\x03\x02\x81\x50\x00\x04\x82\xc4\x88\
\x90\x9c\x74\x8d\x0e\xe7\x56\x8c\xf0\x0f\x08\x08\x60\xcb\x96\x2d\
\xbc\xff\xfe\xfb\x62\x70\x5e\x01\x72\xe5\xca\xc5\xac\x59\xb3\x38\
\x78\xf0\x20\x75\xeb\xd6\xf5\xf8\xbb\xfe\x6c\xd4\xd3\x3c\x22\x8c\
\x7f\xac\x16\xa1\x06\x08\x04\x42\x01\x10\x08\x62\xb1\x03\x83\xf4\
\x51\xdc\x88\x69\x40\xe3\xeb\xeb\xcb\xba\x75\xeb\xa8\x56\xad\x9a\
\x18\x9c\x57\x8c\xf2\xe5\xcb\xb3\x65\xcb\x96\x38\x19\x03\xb7\x9c\
\xae\x8c\x81\x0f\xa2\xc2\x44\xc6\x80\x40\x20\x14\x00\x81\xc0\xc5\
\xf7\x86\x68\x0e\xc4\x08\x05\xad\x56\xcb\xfa\xf5\xeb\xa9\x51\xa3\
\x86\x18\x98\x57\x18\xf7\x8c\x01\xf7\x7a\x05\x67\xec\x76\x91\x31\
\x20\x10\x08\x05\x40\x20\x80\x85\x66\x23\xab\x2d\xb1\x0d\x6d\xa6\
\x4e\x9d\x4a\xad\x5a\xb5\xc4\xc0\xbc\x0e\x2f\x84\x98\x8c\x81\x4b\
\x97\x2e\x31\x6b\xd6\x2c\x32\x65\xca\x24\x6f\xdb\x61\xb3\xf0\x7e\
\x64\x18\x83\xf4\x91\xdc\x71\x0b\xf8\x14\x08\x04\x42\x01\x10\xbc\
\x01\x1c\xb0\x59\x99\x68\xd4\xcb\x9f\x87\x0c\x19\x42\xaf\x5e\xbd\
\xc4\xc0\xbc\x66\x68\xb5\x5a\x7a\xf5\xea\xc5\xf9\xf3\xe7\x3d\x32\
\x06\x9c\xc0\x26\xab\x85\xe6\x91\x61\x22\x63\x40\x20\x10\x0a\x80\
\xe0\x4d\xc1\x24\x49\x7c\x6b\x88\xe6\xc9\xdc\xaf\x51\xa3\x46\x8c\
\x1d\x3b\x56\x0c\xcc\x6b\x4c\x62\x19\x03\xf5\x45\xc6\x80\x40\x20\
\x14\x00\xc1\xeb\xcf\x4f\x46\xbd\x9c\xee\x97\x27\x4f\x1e\x96\x2f\
\x5f\x9e\xa6\x0d\x6d\x04\x2f\x2f\x09\x65\x0c\x44\xba\x65\x0c\x6c\
\xb4\x9a\x85\x1a\x20\x10\x08\x05\x40\xf0\xba\xb1\xcf\x66\x65\x55\
\x8c\xdf\x5f\xa1\x50\x30\x77\xee\x5c\x02\x02\x02\xc4\xc0\xbc\x61\
\x3c\xc9\x18\xf8\xe7\x9f\x7f\x28\x53\xa6\x8c\xbc\xfe\x96\xd3\xc1\
\x10\x7d\x14\xed\xa2\xc2\xd9\x61\xb3\x20\x6a\x0a\x0a\x04\x42\x01\
\x10\xbc\x06\x98\x63\x4c\xff\x4f\x66\x77\xbd\x7b\xf7\xf6\x98\x05\
\x0a\xde\x3c\x1a\x34\x68\xc0\xd1\xa3\x47\x59\xb8\x70\xa1\x47\xc6\
\xc0\x69\xbb\x8d\x4f\xa2\x23\x69\x12\xf9\x98\x45\x66\x23\xd1\x22\
\x46\x40\x20\x10\x0a\x80\xe0\xd5\x65\xa9\xc5\xc4\xdd\x18\xd3\x7f\
\xde\xbc\x79\xf9\xe9\xa7\x9f\xc4\xa0\x08\x50\x2a\x95\x74\xe9\xd2\
\x85\x0b\x17\x2e\xf0\xd3\x4f\x3f\x91\x21\x43\x06\x79\xdb\x4d\x87\
\x83\x71\x46\x3d\xb5\x23\x1e\xf1\xb5\x21\x8a\x7d\x36\x2b\x22\x6f\
\x40\x20\x10\x0a\x80\xe0\x15\x22\x5a\x92\x98\x67\x32\xca\x9f\x27\
\x4e\x9c\x88\xbf\xbf\xbf\x18\x18\x81\x8c\x4e\xa7\xe3\xf3\xcf\x3f\
\xe7\xca\x95\x2b\x8c\x1b\x37\xce\xa3\xfb\xa1\x51\x92\xf8\xcb\x62\
\xa6\x47\x74\x04\x75\x23\x1e\x31\xde\xa8\xe7\x8c\xdd\x2e\x62\x05\
\x04\x82\x97\x00\x05\x24\xfc\x5b\x6c\xe1\xa5\xe3\x47\x5f\xe1\xe7\
\x7d\x93\x99\x6a\x32\x30\xd3\xe4\xea\xf2\x57\xb1\x62\x45\x0e\x1e\
\x3c\xf8\x46\x76\xf7\x13\x24\x1d\x87\xc3\xc1\x5f\x7f\xfd\xc5\xd4\
\xa9\x53\xd9\xb1\x63\x07\x52\x3c\x6e\x80\x4c\x4a\x25\x35\x35\x5e\
\xd4\xd4\x68\xa9\xaa\xd1\xe2\x2d\x9e\x29\x81\x20\xcd\x19\x66\x88\
\x62\x8d\xc5\x2c\x14\x00\x41\xf2\x09\x97\x9c\x34\x88\x78\x8c\x21\
\xe6\x05\xbe\x69\xd3\x26\xea\xd7\xaf\x2f\x06\x46\x90\x64\xae\x5e\
\xbd\xca\x92\x25\x4b\x58\xba\x74\x29\x17\x2f\x5e\x8c\x77\x1f\x2f\
\x85\x82\xca\x6a\x0d\x55\x35\x5a\xca\xa8\x35\x14\x57\xab\xd1\x22\
\x14\x02\x81\x40\x28\x00\x82\x17\xc6\x5c\xb3\x91\x49\x31\x45\x7f\
\x6a\xd6\xac\xc9\xf6\xed\xdb\xc5\xa0\x08\x52\xcc\x81\x03\x07\x58\
\xbe\x7c\x39\xeb\xd6\xad\xe3\xca\x95\x2b\x09\xee\xa7\x45\x41\x71\
\xb5\x9a\xd2\x6a\x0d\x65\x63\xfe\x65\x51\xbe\x18\x6f\xa5\x45\x92\
\x88\x90\x24\xc2\x25\x27\x61\x4e\x27\xe1\x92\x93\x70\xa7\x84\x05\
\x09\xbd\x24\xe1\x90\x24\x0c\x92\x84\x03\x30\x48\x12\x0a\xc0\xc7\
\xcd\x9a\xe1\xaf\x50\xa0\x00\x74\x0a\x05\x41\x0a\x25\x41\x4a\xd7\
\xff\x19\x94\x4a\x82\x62\xd6\x09\xeb\x87\x40\x28\x00\x82\x97\x0a\
\x27\xd0\x28\xe2\xb1\x9c\xf7\xff\xf7\xdf\x7f\xd3\xb8\x71\x63\x31\
\x30\x82\x34\xe1\xdc\xb9\x73\xac\x5f\xbf\x9e\xf5\xeb\xd7\xb3\x67\
\xcf\x1e\x1c\x8e\x67\x87\x08\x66\x50\x28\x29\xa8\x52\x91\x4f\xa5\
\x26\x9f\x4a\x45\x6e\x95\x8a\xac\x4a\x15\x59\x94\x4a\x32\x28\x52\
\xae\x1c\x98\x25\x89\x3b\x4e\x07\xf7\x9d\x4e\xee\x39\x1d\xdc\x76\
\x3a\xb8\xe3\x70\x72\x3b\x66\x39\xcc\x99\xfe\x09\x8d\x19\x14\x4a\
\x72\xa9\x54\xe4\x56\xaa\xc8\xa5\x52\x91\x4b\xa9\x22\x4f\xcc\x77\
\x0c\x56\x88\x30\x2d\x81\x50\x00\x04\xcf\x99\xbd\x36\x2b\x3d\xa3\
\x23\x00\x57\xd1\x9f\x2b\x57\xae\xa4\xa8\xe8\x8f\xc9\x64\xc2\xdb\
\xdb\x5b\x0c\xa8\x20\x41\xc2\xc2\xc2\xf8\xf7\xdf\x7f\xd9\xbb\x77\
\x2f\xfb\xf7\xef\xe7\xd8\xb1\x63\x58\xad\x49\xef\x3e\xa8\x53\x28\
\x08\x56\x28\xf1\x57\x28\x08\x50\x28\xf0\x57\x2a\xd1\xc4\x6c\xf3\
\x51\x28\x50\xa3\xc0\x8e\x84\x51\x92\x88\x92\x24\x4c\x92\x6b\xf9\
\x81\xd3\x49\x84\xf4\x72\x57\x2c\xc8\xa6\x54\x51\x52\xad\xa6\x94\
\x5a\x43\x29\x95\x9a\xe2\x6a\x0d\x7e\xc2\x62\x20\x48\x23\x05\x40\
\x2d\x86\x48\x10\x1f\x2b\xdd\x9a\xfd\xf4\xe8\xd1\x23\xd9\xc2\xff\
\xde\xbd\x7b\xf4\xe8\xd1\x83\x7f\xfe\xf9\x87\xe1\xc3\x87\x33\x72\
\xe4\x48\x31\xa8\x82\x78\x09\x0e\x0e\xa6\x6d\xdb\xb6\xb4\x6d\xdb\
\xd6\x35\x2b\x37\x9b\x39\x72\xe4\x08\xfb\xf7\xef\x67\xef\xde\xbd\
\x1c\x3c\x78\x90\xdb\xb7\x6f\x3f\x73\x16\x7f\x57\x4a\x9f\x24\xc3\
\x90\x90\x10\x32\x67\xce\x4c\x48\x48\x08\x21\x21\x21\x64\xc9\x92\
\x85\x90\x90\x10\x7c\x7d\x7d\xf1\xf7\xf7\x47\xad\x56\xe3\xe7\xe7\
\x87\x46\xa3\xc1\xcf\xcf\x0f\xbb\xdd\x8e\xd9\xec\x7a\xe1\x3a\x1c\
\x0e\xa2\xa2\xa2\x00\xd0\xeb\xf5\x3c\x7e\xfc\x98\x47\x8f\x1e\xf1\
\xe8\xd1\x23\x1e\x3f\x7e\x2c\x7f\xbe\x7f\xff\x7e\xc2\xbf\x23\xa7\
\x83\x7b\x56\x07\x5b\xac\x16\xc0\x95\xb6\x95\x4f\xa5\xa6\x8c\x5a\
\xcd\x3b\x1a\x2f\xaa\x69\xb4\x42\x21\x10\xa4\x18\x61\x01\x10\xc4\
\xc1\x28\x49\xbc\x1d\xfe\x08\x2b\x12\x6a\xb5\x9a\x1b\x37\x6e\x90\
\x3d\x7b\xf6\x24\x1f\x7f\xee\xdc\x39\xea\xd5\xab\xc7\x9d\x3b\x77\
\x00\x28\x54\xa8\x50\x82\x01\x60\x02\x41\x52\x88\x88\x88\xe0\xfc\
\xf9\xf3\x9c\x3d\x7b\x96\x0b\x17\x2e\x70\xeb\xd6\x2d\x6e\xde\xbc\
\xc9\xcd\x9b\x37\xb9\x77\xef\x1e\x76\x7b\xca\xda\x14\x67\xc9\x92\
\x85\x5c\xb9\x72\x91\x2b\x57\x2e\x72\xe7\xce\x4d\xbe\x7c\xf9\x3c\
\xfe\xf9\xf9\xf9\xa5\xfb\x77\xd3\xeb\xf5\x5c\xb9\x72\x85\x2b\x57\
\xae\x70\xf9\xf2\x65\x79\xf9\xf4\xe9\xd3\x84\x86\x86\x3e\xf3\x58\
\x35\x50\x5e\xa3\xa5\xa6\x46\x4b\x4d\x8d\x17\xf9\x44\x69\x6e\x41\
\x32\x2c\x00\x42\x01\x10\xc4\x61\xab\xd5\x42\x7f\x7d\x24\x00\xef\
\xbe\xfb\x2e\xdb\xb6\x6d\x4b\xf2\xb1\xa1\xa1\xa1\x54\xaa\x54\x89\
\x5b\xb7\x6e\x01\xe0\xe5\xe5\xc5\x9c\x39\x73\xe8\xdc\xb9\xb3\x18\
\x58\x41\xba\x11\x1e\x1e\x4e\x44\x44\x84\xfc\xcf\xe1\x70\xe0\x74\
\x3a\x89\x8c\x74\x3d\xc7\x4a\xa5\x92\xc0\xc0\x40\x02\x02\x02\xf0\
\xf3\xf3\xc3\xcf\xcf\x8f\xcc\x99\x33\xa3\xd3\xe9\x5e\xea\xef\x75\
\xf3\xe6\x4d\x0e\x1d\x3a\xc4\xc1\x83\x07\x39\x74\xe8\x10\x47\x8e\
\x1c\x91\xad\x0a\xf1\x91\x53\xa9\xa2\xb6\xd6\x8b\xa6\x5a\x1d\x25\
\xd4\xc2\xc0\x2b\x14\x00\xe1\x02\x10\x24\x93\x9d\xb6\x58\xff\x6b\
\x72\x03\xff\x7a\xf6\xec\x29\x0b\xff\xcc\x99\x33\xb3\x61\xc3\x06\
\x2a\x54\xa8\x20\x06\x55\x90\xae\x64\xc8\x90\xc1\xa3\x12\xe1\xeb\
\x42\xee\xdc\xb9\xc9\x9d\x3b\x37\xad\x5a\xb5\x02\xc0\xe9\x74\x72\
\xfe\xfc\x79\x36\x6f\xde\xcc\x86\x0d\x1b\xd8\xb9\x73\x27\x16\x8b\
\x45\xde\xff\xb6\xd3\xc1\x22\xb3\x91\x45\x66\x23\xf9\x55\x6a\x9a\
\x6b\x75\xb4\xf0\xd2\x91\x49\x29\x82\x09\x05\xc2\x02\x20\x48\x04\
\x09\xa8\x13\xf1\x88\xd0\x98\xe8\xe7\xf3\xe7\xcf\x53\xa4\x48\x91\
\xa4\x59\x0e\xb6\x6e\x95\x7b\x04\x68\xb5\x5a\x76\xed\xda\x45\xe5\
\xca\x95\xc5\xa0\x0a\x04\xe9\x84\xd1\x68\x64\xef\xde\xbd\xac\x5b\
\xb7\x8e\x3f\xff\xfc\x53\x56\xbe\xdd\x51\x01\xd5\x35\x5e\x74\xd6\
\x79\xf3\x96\x46\x54\x58\x10\x16\x80\x58\x84\x5a\x28\xf0\xe0\xba\
\xc3\x21\x0b\xff\x7c\xf9\xf2\x25\x59\xf8\x03\x4c\x99\x32\x45\x5e\
\x1e\x3c\x78\xb0\x10\xfe\x02\x41\x3a\xe3\xe3\xe3\x43\xdd\xba\x75\
\x99\x32\x65\x0a\x37\x6e\xdc\xe0\xd0\xa1\x43\x7c\xf6\xd9\x67\x64\
\xcd\x9a\x55\xde\xc7\x01\xec\xb0\x59\xe8\x11\x1d\x41\xdb\xa8\x30\
\x36\x5b\x45\xb7\x46\x81\x50\x00\x04\xf1\x70\xc6\x61\x93\x97\xdf\
\x7e\xfb\xed\x24\x1f\x77\xf5\xea\x55\xfe\xfe\xfb\x6f\xc0\xe5\xf7\
\x1f\x38\x70\xa0\x18\x4c\x81\xe0\x39\xa2\x50\x28\xa8\x58\xb1\x22\
\x3f\xff\xfc\x33\xb7\x6f\xdf\x66\xe3\xc6\x8d\xb4\x68\xd1\xc2\x23\
\x83\xe7\xac\xdd\xce\x67\xfa\x48\x9a\x47\x3e\xe6\x2f\x8b\x59\x34\
\x68\x12\x0a\x80\x40\xe0\xa6\x00\xb8\x45\x53\x57\xac\x58\x31\xc9\
\xc7\xad\x5f\xbf\x1e\x67\x8c\xe5\xa0\x6d\xdb\xb6\x64\xce\x9c\x59\
\x0c\xa6\x40\xf0\x82\x50\xa9\x54\x34\x6c\xd8\x90\x3f\xff\xfc\x93\
\xab\x57\xaf\xf2\xd5\x57\x5f\x91\x31\x63\x46\x79\xfb\x35\x87\x83\
\xaf\x0d\x51\xb4\x8a\x0c\x63\x87\xcd\x22\x06\x4c\x28\x00\x02\x01\
\x9c\xb1\xdb\x52\xa4\x00\xec\xdc\xb9\x53\x5e\x6e\xd2\xa4\x89\x18\
\x48\x81\xe0\x25\x21\x77\xee\xdc\x8c\x1e\x3d\x9a\xeb\xd7\xaf\x33\
\x71\xe2\x44\x72\xe4\xc8\x21\x6f\xbb\xe4\xb0\xf3\x49\x74\x24\x1f\
\x45\x85\x73\xd1\x61\x17\x83\xf5\x86\x21\x82\x00\xd3\x08\x07\xb0\
\xc7\x66\xe5\xb0\xcd\xca\x31\xbb\x8d\xbb\x4e\x07\x51\x92\x84\x1a\
\x08\x50\x28\xc9\xad\x52\x51\x5e\xad\xe1\x7d\x2f\x1d\x59\x95\x2f\
\x6f\xae\x6e\xf5\xf0\x47\x84\x4b\x4e\x14\x0a\x05\xd1\xd1\xd1\xf8\
\xfa\xfa\x26\xe9\xb8\x2c\x59\xb2\xf0\xe0\xc1\x03\x00\xee\xdc\xb9\
\x93\xac\xba\x01\x02\x81\xe0\xf9\x61\xb5\x5a\x99\x3b\x77\x2e\xdf\
\x7d\xf7\x9d\x47\x9d\x01\x15\xd0\x51\xe7\x43\x5f\x6f\x5f\x7c\x45\
\x71\xa1\xd7\x02\x51\x07\x20\x9d\x89\x92\x24\x96\x9b\x8d\xac\xb4\
\x98\xb9\xe7\x4c\xdc\xa3\xa6\x02\xda\xea\xbc\xe9\xeb\xed\x4b\xd0\
\x4b\x56\xe7\xdb\x24\x49\x54\x0c\x7f\x28\x0b\xf4\x67\x55\x28\x73\
\x27\x32\x32\x92\xa0\xa0\x20\x00\xb2\x65\xcb\xc6\xdd\xbb\x77\xc5\
\x83\x21\x10\xbc\xe4\xe8\xf5\x7a\x26\x4e\x9c\xc8\x84\x09\x13\xd0\
\xeb\xf5\xb1\xca\xbc\x52\xc9\x48\xdf\x00\x6a\x68\xb4\x62\x90\x5e\
\x73\x05\x40\xb8\x00\x52\xc1\xdf\x56\x33\x4d\x22\x1e\x33\xc5\x64\
\x88\x57\xf8\xc7\x57\x3e\xd7\x01\xfc\x6e\x36\xd1\x28\xe2\x31\x8b\
\xcc\x46\x6c\x09\xeb\x5f\xcf\x9d\xbb\x6e\xdf\x21\x77\xee\xdc\x49\
\x3e\xee\xe6\xcd\x9b\xf2\x72\xde\xbc\x79\xc5\x83\x21\x10\xbc\x02\
\xf8\xf9\xf9\x31\x62\xc4\x08\xce\x9f\x3f\x2f\x97\x61\x06\x08\x75\
\x3a\xf9\x24\x3a\x82\x91\x86\x68\x8c\x92\x24\x06\xea\x35\x46\x28\
\x00\x29\xc0\x0e\x8c\x30\x44\xf3\x85\x3e\x8a\x30\xb7\x66\x22\x85\
\x0b\x17\x66\xf4\xe8\xd1\xec\xda\xb5\x8b\xc8\xc8\x48\xec\x76\x3b\
\x0e\x87\x83\x07\x0f\x1e\xb0\x69\xd3\x26\x5a\xb6\x6c\x89\x22\xc6\
\xb4\x16\x25\x49\x8c\x33\xea\x69\x11\x19\xc6\x36\xab\xe5\xa5\x50\
\x03\xee\xb9\x75\x3e\x4b\x8e\x02\xe0\x5e\xa7\x3d\x57\xae\x5c\xe2\
\x01\x11\x08\x5e\x21\x72\xe4\xc8\xc1\x8a\x15\x2b\xf8\xe7\x9f\x7f\
\x28\x50\xa0\x00\xe0\x32\x0b\xaf\xb2\x98\x68\x19\x19\xc6\x69\xb7\
\xb8\x20\x81\x50\x00\xde\x68\xcc\x92\xc4\xa7\xd1\x11\xac\x76\x6b\
\x96\x53\xaa\x54\x29\x36\x6e\xdc\xc8\xf9\xf3\xe7\xf9\xea\xab\xaf\
\xa8\x5e\xbd\x3a\x01\x01\x2e\xd7\x89\x52\xa9\x24\x53\xa6\x4c\xd4\
\xaf\x5f\x9f\xff\xfd\xef\x7f\xec\xda\xb5\x8b\x4a\x95\x2a\xc9\xc7\
\x5e\x77\x38\xe8\xa7\x8f\xa4\x51\xc4\x63\x86\xea\xa3\xf8\xdd\x6c\
\xe2\xca\x0b\x0a\xc6\x71\xef\x8c\x96\x25\x4b\x96\x24\x1f\x67\x30\
\x18\xe4\xe5\xc0\xc0\x40\xf1\x90\x08\x04\xaf\x20\x0d\x1a\x34\xe0\
\xc4\x89\x13\xf4\xe9\xd3\x47\x9e\xa8\xdc\x72\x3a\xe8\x1c\xe5\xf9\
\xbe\x13\x08\x05\xe0\x8d\xc4\x01\x0c\x31\x44\xb1\xdb\xad\x54\xee\
\xa0\x41\x83\x38\x72\xe4\x08\x0d\x1b\x36\x94\x7f\x34\xcf\xe2\xed\
\xb7\xdf\xe6\xc0\x81\x03\x2c\x5a\xb4\x88\x9c\x39\x73\xca\xeb\x6f\
\x39\x1d\xac\xb7\x9a\xf9\xc1\x18\x4d\xf3\xc8\x30\x6a\x44\x3c\x62\
\x98\x21\x8a\x2d\x56\x0b\x86\xe7\x64\x86\x73\x37\xf7\x25\xa7\x09\
\x8a\xcd\x16\x3b\x43\x50\x8b\xfa\xe3\x02\xc1\x2b\x8b\xaf\xaf\x2f\
\x33\x66\xcc\x60\xc3\x86\x0d\x64\xcb\x96\x0d\x00\x2b\x12\x23\x0c\
\xd1\x7c\x6b\x88\xc6\x8a\x70\x09\x08\x05\xe0\x0d\xe5\x67\xa3\x9e\
\xff\x9e\xb4\xe5\x54\x2a\x99\x31\x63\x06\x13\x27\x4e\x44\xa3\xd1\
\x24\xeb\x3c\x0a\x85\x82\xce\x9d\x3b\x73\xe1\xc2\x05\x7e\xfc\xf1\
\xc7\x78\xcd\xe6\x8f\x9d\x4e\xd6\x58\xcc\x0c\xd4\x47\x52\x3d\xfc\
\x11\x3d\xa3\x23\x58\x6a\x36\x71\xdb\x99\x7e\xa5\x3b\xdc\x15\x0d\
\x7f\x7f\xff\x24\x1f\xe7\xde\x89\x4d\x28\x00\x02\xc1\xab\x4f\xc3\
\x86\x0d\x39\x76\xec\x18\x35\x6b\xd6\x94\xd7\xfd\xcf\x62\xa2\x67\
\x54\x04\x51\x22\x2e\x40\x28\x00\x6f\x1a\x3b\x6d\x56\x16\x9a\x8d\
\xf2\xe7\x89\x13\x27\xd2\xa7\x4f\x9f\x54\x9d\xd3\xc7\xc7\x87\xaf\
\xbf\xfe\x9a\x6b\xd7\xae\x71\xe9\xd2\x25\x96\x2c\x59\x42\xf7\xee\
\xdd\x65\x3f\xdc\x13\xac\x48\xec\xb5\x59\x19\x6d\x8c\xa6\x41\xc4\
\x63\x5a\x44\x86\x31\xc5\x64\x48\xf3\xbc\x5d\x8b\xdb\x0f\xdb\xc7\
\xc7\x27\xc9\xc7\x79\x79\x79\xc9\xcb\x4f\x7a\xa1\x0b\x04\x82\x57\
\x9b\x2c\x59\xb2\xf0\xef\xbf\xff\x32\x68\xd0\x20\x79\xdd\x61\xbb\
\x8d\x4e\x51\xe1\x49\xca\x78\x12\xbc\xfc\x88\xe9\x5a\x12\x67\xc6\
\x23\x0c\x51\xb2\xf1\xab\x6b\xd7\xae\x69\x5a\xea\x56\xa5\x52\x51\
\xb0\x60\x41\x0a\x16\x2c\x48\xc7\x8e\x1d\x01\xb8\x7c\xf9\x32\xeb\
\xd7\xaf\x67\xfd\xfa\xf5\xec\xdc\xb9\xd3\xc3\xcc\x7e\xc9\x61\xe7\
\x92\xc9\xce\x6c\x93\x81\x02\x2a\x35\x8d\xb5\x5e\x34\xd6\xea\xc8\
\x9d\xca\x5e\xe0\xee\xda\xa0\xc3\x91\xf4\x1f\xb8\xbb\xb5\xe0\x59\
\xad\x4a\x05\x02\xc1\x2b\x26\x20\xd4\x6a\x26\x4e\x9c\x48\xe9\xd2\
\xa5\xe9\xd9\xb3\x27\x36\x9b\x8d\x2b\x0e\x3b\x1d\xa2\xc2\x99\xe7\
\x1f\x44\x7e\x95\x10\x21\xc2\x02\xf0\x9a\x33\xc3\x64\xe0\x41\x4c\
\x84\x7c\xc1\x82\x05\x99\x3a\x75\x6a\xba\x5f\xb3\x60\xc1\x82\x0c\
\x1c\x38\x90\x7f\xff\xfd\x97\x87\x0f\x1f\xb2\x62\xc5\x0a\x3a\x77\
\xee\xec\x51\xce\x13\xe0\x8a\xc3\xce\x54\x93\x81\x46\x91\x8f\x69\
\x17\x15\xce\x4a\x8b\x09\x7d\x0a\x4d\x74\x2a\xb7\x18\x06\x77\x85\
\x23\x31\xdc\x03\xff\x9e\xf4\x5f\x17\x08\x04\xaf\x0f\x1f\x7e\xf8\
\x21\xeb\xd7\xaf\x97\x95\xfd\x07\x4e\x27\x5d\xa3\x23\xb8\x2a\xaa\
\x07\x0a\x05\xe0\x75\xe6\x82\xc3\xce\x62\x37\xd3\xff\xb4\x69\xd3\
\x92\x5c\x1d\x2f\xad\x08\x0c\x0c\xa4\x6d\xdb\xb6\x2c\x5a\xb4\x88\
\xd0\xd0\x50\x76\xee\xdc\xc9\xa7\x9f\x43\xc2\x27\x4d\x00\x00\x7d\
\xf9\x49\x44\x41\x54\x7e\x1a\xa7\xde\xfe\x29\xbb\x8d\x51\x86\x68\
\x6a\xc5\x04\x10\x1e\x4b\x66\xfa\x8e\x7b\xd9\x8f\xe4\x98\xf2\x33\
\x65\xca\x24\x2f\xdf\xbb\x77\x4f\x3c\x34\x02\xc1\x6b\x48\xfd\xfa\
\xf5\xd9\xb1\x63\x87\xfc\xde\x79\x14\xa3\x04\x5c\x73\x08\x77\x80\
\x50\x00\x5e\x43\x1c\xc0\x70\x43\x14\x4f\x74\xdc\xd6\xad\x5b\xd3\
\xa0\x41\x83\x17\x7a\x4f\x2a\x95\x8a\x77\xde\x79\x87\x69\xd3\xa6\
\x71\xf7\xee\x5d\x36\x6d\xda\x44\xd7\xae\x5d\xe5\x4a\x7c\xe0\xaa\
\xe8\xb7\xc6\x62\xa6\x53\x54\x38\xcd\x22\xc3\x58\x66\x36\x61\x4a\
\x82\x55\x20\xa3\x32\xf6\x71\x70\x2f\x11\x9a\x18\xb9\x72\xe5\x8a\
\x4d\x1b\x8a\xa7\x1f\xb9\x40\x20\x78\x3d\x28\x57\xae\x1c\x5b\xb7\
\x6e\x95\x95\xfe\x47\x4e\x27\xdd\xa2\xc3\x3d\x8a\x88\x09\x84\x02\
\xf0\x5a\xf0\x8b\x51\x2f\x77\xc7\x0b\x0c\x0c\x64\xf2\xe4\xc9\x2f\
\xd5\xfd\xa9\x54\x2a\xea\xd7\xaf\xcf\xfc\xf9\xf3\xb9\x7f\xff\x3e\
\x2b\x57\xae\xa4\x6e\xdd\xba\x1e\xe9\x88\x57\x1d\x76\x7e\x34\xba\
\xac\x02\x63\x8c\xd1\xdc\x7f\xc6\x0f\x35\x93\x5b\x69\xe2\xe4\xcc\
\xe4\x75\x3a\x1d\x21\x21\x21\x00\x84\x85\x85\x79\x94\x15\x15\x08\
\x04\xaf\x17\x25\x4b\x96\x64\xe7\xce\x9d\x64\xcd\x9a\x15\x70\xb9\
\x03\xfa\x44\x47\x8a\xec\x00\xa1\x00\xbc\x3e\xfc\x67\xb5\x30\xcf\
\xcd\xf4\x3f\x69\xd2\x24\x8f\x2e\x5a\x2f\x1b\x5e\x5e\x5e\xb4\x69\
\xd3\x86\x2d\x5b\xb6\x70\xe1\xc2\x05\x86\x0e\x1d\x2a\xff\x40\x01\
\xf4\x92\xc4\x12\xb3\x89\x86\x11\x61\x7c\x65\x88\xe2\x7c\x3c\xbe\
\xbb\x10\xb7\x26\x45\xc9\x35\xe5\xbb\x67\x2e\x9c\x3f\x7f\x5e\x3c\
\x40\x02\xc1\x6b\x4c\xd1\xa2\x45\xd9\xb8\x71\xa3\x5c\xf0\xec\x8a\
\xc3\x4e\x7f\x7d\xa4\xa8\x13\x20\x14\x80\x57\x9f\x6b\x0e\x07\x5f\
\xb9\x45\xfd\x77\xea\xd4\x89\xae\x5d\xbb\xbe\x32\xf7\x5f\xa8\x50\
\x21\xc6\x8e\x1d\xcb\xcd\x9b\x37\x59\xb6\x6c\x99\x47\x5b\x5f\x1b\
\x12\x6b\x2d\x66\x5a\x47\x86\xd1\x5f\x1f\xc9\x25\x37\x45\x20\x93\
\x32\x65\x16\x00\x80\xd2\xa5\x4b\xcb\xcb\x27\x4f\x9e\x14\x0f\x91\
\x40\xf0\x9a\x53\xb6\x6c\x59\x56\xad\x5a\x25\xd7\x41\x39\x64\xb3\
\xf2\x9d\x21\x5a\x0c\x8c\x50\x00\x5e\x5d\xc2\x24\x27\x1f\x47\x47\
\x10\x1d\x63\xce\x2a\x55\xaa\x14\x33\x67\xce\x7c\x25\xbf\x8b\x46\
\xa3\xa1\x7d\xfb\xf6\x1c\x3a\x74\x88\x1d\x3b\x76\xd0\xa2\x45\x0b\
\x94\x31\x42\x5e\x02\xb6\x5a\x2d\xb4\x8c\x0c\x63\xa8\x3e\x8a\x9b\
\x0e\x07\x7e\x0a\x05\xde\x31\xee\x83\xd0\xd0\x50\xac\x56\x6b\x92\
\xaf\x55\xaa\x54\x29\x79\xf9\xd4\xa9\x53\xe2\x41\x12\x08\xde\x00\
\xea\xd7\xaf\xef\xf1\x7e\xfc\xd3\x62\x16\x65\x83\x85\x02\xf0\x6a\
\x62\x96\x24\xfa\x46\x47\x72\x2b\xc6\x4f\x9e\x31\x63\x46\xfe\xf7\
\xbf\xff\x3d\xf7\xa8\xff\xf4\xa0\x46\x8d\x1a\xfc\xf9\xe7\x9f\x5c\
\xb8\x70\x81\x3e\x7d\xfa\xa0\xd5\xba\x62\xfe\x9d\xc0\x7a\xab\x99\
\x66\x91\x8f\x19\x69\x88\x26\x38\x26\x0e\xc0\x6e\xb7\x73\xf6\xec\
\xd9\x14\x29\x00\xc2\x02\x20\x10\xbc\x39\x74\xeb\xd6\x8d\xc1\x83\
\x07\xcb\x9f\x47\x1b\xf5\x9c\x13\xe9\x81\x42\x01\x78\x95\x70\x00\
\x5f\x18\xa2\x38\x11\x93\x3a\xa7\xd3\xe9\xf8\xf3\xcf\x3f\x29\x54\
\xa8\xd0\x6b\xf5\x3d\x0b\x16\x2c\xc8\x8c\x19\x33\xb8\x70\xe1\x02\
\x1f\x7d\xf4\x91\xdc\xb2\xd8\x8e\xab\xfb\xd7\x1d\xb7\x20\xc1\xe3\
\xc7\x8f\x27\xf9\xbc\x65\xca\x94\x91\x83\x0f\x4f\x9c\x38\x21\x1e\
\x28\x81\xe0\x0d\x62\xec\xd8\xb1\xbc\xf3\xce\x3b\x80\xab\xa2\xe8\
\x67\xd1\x91\xcf\xad\x87\x89\x40\x28\x00\xa9\x42\xc2\x95\xee\xb7\
\x35\xa6\xce\xbf\x42\xa1\xe0\xb7\xdf\x7e\x93\x1f\xe8\xa4\x60\x34\
\x1a\x39\x7c\xf8\x30\xcb\x97\x2f\x67\xd5\xaa\x55\xfc\xf3\xcf\x3f\
\x98\x4c\x2f\xaf\x29\x2c\x6f\xde\xbc\xfc\xf6\xdb\x6f\x9c\x3e\x7d\
\x9a\x36\x6d\xda\xc4\xdb\xc8\xe8\xd8\xb1\x63\x49\x3e\x5f\x50\x50\
\x90\xdc\xdc\xe8\xf1\xe3\xc7\x1e\x2d\x82\x05\x02\xc1\xeb\x8d\x5a\
\xad\x66\xf9\xf2\xe5\x72\x17\xd1\x5b\x4e\x07\x13\x8d\x22\x1b\x48\
\x28\x00\xaf\x00\x3f\x19\xf5\xfc\x65\x89\x2d\x7c\x33\x7e\xfc\x78\
\xda\xb5\x6b\x97\x24\xa1\xff\xdb\x6f\xbf\xd1\xa8\x51\x23\x82\x82\
\x82\xa8\x54\xa9\x12\xed\xdb\xb7\xa7\x6d\xdb\xb6\x34\x6a\xd4\x88\
\x4c\x99\x32\xd1\xa1\x43\x07\x0e\x1e\x3c\xe8\x71\x9c\xc1\x60\xe0\
\xda\xb5\x6b\x5c\xbd\x7a\x95\xab\x57\xaf\x72\xed\xda\xb5\x17\x96\
\x3a\x57\xb4\x68\x51\x56\xae\x5c\xc9\x91\x23\x47\x28\x5f\xbe\xbc\
\xc7\xb6\x8d\x1b\x37\x26\xeb\x5c\xee\xc1\x86\xbb\x76\xed\x12\x0f\
\x96\x40\xf0\x06\x91\x3d\x7b\x76\x16\x2d\x5a\x24\x4f\x26\x56\x5a\
\x4c\xec\xb3\x59\xc5\xc0\xbc\xc4\x28\x62\x26\xc0\xf1\xd2\xc2\x4b\
\xc7\x8f\xbe\x01\xaf\xf5\x00\x4c\x35\x19\x98\x69\x8a\xed\x67\xff\
\xf5\xd7\x5f\xf3\xe3\x8f\x3f\x3e\xf3\x98\x88\x88\x08\x26\x4e\x9c\
\xc8\x8c\x19\x33\x78\xfc\xf8\x71\x92\xae\x93\x3f\x7f\x7e\xf2\xe5\
\xcb\xc7\xe5\xcb\x97\xb9\x71\xe3\x46\xbc\xfb\xe8\x74\x3a\x32\x65\
\xca\x44\x96\x2c\x59\xc8\x95\x2b\x17\xc5\x8b\x17\xa7\x54\xa9\x52\
\x94\x28\x51\x82\x22\x45\x8a\x24\xbb\xeb\x60\x72\x31\x9b\xcd\xf4\
\xeb\xd7\x8f\xb9\x73\xe7\xca\xeb\x2e\x5f\xbe\x1c\xa7\x39\x51\x42\
\x4c\x99\x32\x45\xee\x91\xd0\xa7\x4f\x1f\x66\xcc\x98\x21\x7e\x61\
\x02\xc1\x1b\x46\xaf\x5e\xbd\x98\x33\x67\x8e\x4b\x29\x50\xaa\x58\
\x13\x18\x8c\x6f\x12\x5a\xa5\x0b\xd2\x9e\x61\x86\x28\xd6\x58\xcc\
\x42\x01\x48\x8a\xf0\x4f\x4c\x68\xd9\xed\x76\xa6\x4d\x9b\xc6\xf7\
\xdf\x7f\x4f\x58\x58\x98\xc7\x36\xad\x56\x4b\xe5\xca\x95\x29\x59\
\xb2\x24\x92\x24\x71\xf9\xf2\x65\x76\xec\xd8\xe1\xd1\x2a\x37\x35\
\x68\xb5\x5a\x8a\x14\x29\x42\xc5\x8a\x15\xa9\x51\xa3\x06\x35\x6a\
\xd4\x20\x7f\xfe\xfc\xe9\x32\x2e\x35\x6a\xd4\x90\x67\xf0\xdf\x7d\
\xf7\x1d\xc3\x87\x0f\x4f\xd2\x71\xc7\x8f\x1f\xa7\x5c\xb9\x72\x00\
\x14\x2b\x56\x2c\x59\x41\x84\x02\x81\xe0\xf5\x20\x2a\x2a\x8a\xd2\
\xa5\x4b\xcb\x13\x9d\x0f\x75\x3e\x7c\xe1\xe3\x27\x06\x46\x28\x00\
\x2f\xaf\xf0\xef\xdc\xb9\x33\x0b\x16\x2c\x90\xd3\xe4\x9e\xe6\xd0\
\xa1\x43\xf4\xee\xdd\x3b\x8e\x5f\xbc\x7c\xf9\xf2\xf4\xed\xdb\x97\
\xf7\xdf\x7f\xdf\xa3\x1c\x2f\xc0\x8d\x1b\x37\xf8\xe5\x97\x5f\xf8\
\xfd\xf7\xdf\x3d\xf2\xea\xb3\x66\xcd\x4a\xd6\xac\x59\x63\x03\xf0\
\xec\x76\x1e\x3e\x7c\xc8\xa3\x47\x8f\x92\x95\x7a\x97\x3b\x77\x6e\
\x1a\x35\x6a\x44\x93\x26\x4d\xa8\x53\xa7\x4e\xb2\x5a\xf8\x3e\x8b\
\x2d\x5b\xb6\x50\xbf\x7e\x7d\xc0\xe5\x22\x38\x77\xee\x5c\x92\x8e\
\x73\x3a\x9d\x84\x84\x84\x10\x1e\x1e\x8e\x42\xa1\xe0\xfe\xfd\xfb\
\x71\xfa\x15\x08\x04\x82\xd7\x9f\xcd\x9b\x37\xcb\x65\xd3\xd5\xc0\
\x9a\xc0\x8c\xe4\x4b\x65\xb7\x52\x81\x50\x00\xd2\x84\x69\x26\x03\
\x33\xdc\x84\x7f\xbb\x76\xed\x58\xbc\x78\x31\x6a\x75\xdc\xd6\x96\
\x92\x24\x31\x6a\xd4\x28\xbe\xff\xfe\x7b\x9c\x31\x1d\x01\xc1\xe5\
\xef\xfe\xf1\xc7\x1f\x65\x41\xf9\x2c\x24\x49\x22\x34\x34\x94\xd0\
\xd0\x50\x32\x67\xce\x4c\xb6\x6c\xd9\x12\xdc\x37\x22\x22\x82\x07\
\x0f\x1e\x70\xe5\xca\x15\x4e\x9d\x3a\xc5\xe9\xd3\xa7\x39\x73\xe6\
\x0c\x67\xcf\x9e\x7d\x66\x83\x1e\x9d\x4e\x47\x83\x06\x0d\x68\xd7\
\xae\x1d\xcd\x9b\x37\x4f\x95\x32\xe0\x74\x3a\xc9\x95\x2b\x17\x77\
\xef\xde\x05\x88\x37\x3e\x20\x21\x9a\x37\x6f\xce\xba\x75\xeb\x00\
\xf8\xfd\xf7\xdf\x93\x14\x4b\x21\x10\x08\x5e\x3f\x5a\xb6\x6c\xc9\
\x9f\x7f\xfe\x09\x40\x35\x8d\x96\x39\xfe\x41\x62\x50\x5e\x32\x05\
\xe0\x8d\x0b\x02\x9c\xfa\x94\xf0\xef\xdc\xb9\x33\x4b\x96\x2c\x89\
\x57\xf8\x03\x7c\xfa\xe9\xa7\x8c\x1a\x35\x4a\x16\xfe\xc1\xc1\xc1\
\xcc\x99\x33\x87\x83\x07\x0f\x26\x49\xf8\x83\x2b\xab\x20\x6b\xd6\
\xac\x94\x29\x53\xe6\x99\xc2\x1f\x5c\xd1\xf4\x85\x0b\x17\xa6\x51\
\xa3\x46\x7c\xf1\xc5\x17\x2c\x5a\xb4\x88\x23\x47\x8e\xa0\xd7\xeb\
\x39\x7b\xf6\x2c\xb3\x66\xcd\xa2\x53\xa7\x4e\x72\xc4\xfd\x13\xcc\
\x66\x33\x7f\xfd\xf5\x17\xed\xdb\xb7\x27\x4b\x96\x2c\x74\xec\xd8\
\x91\xcd\x9b\x37\x7b\x28\x2d\x49\x45\xa9\x54\xd2\xa6\x4d\x1b\xf9\
\xf3\xb2\x65\xcb\x92\x7c\x6c\xbd\x7a\xf5\xe4\xe5\xf5\xeb\xd7\x8b\
\x5f\xa0\x40\xf0\x86\x32\x61\xc2\x04\x74\x3a\x1d\x00\x7b\x6d\x56\
\x76\x8a\x80\xc0\x97\x8e\x37\xca\x02\xf0\xb4\xd9\xff\x59\x33\xff\
\x27\x82\xaf\x63\xc7\x8e\xf2\xe7\xb6\x6d\xdb\x32\x75\xea\xd4\x97\
\xc6\xac\x7d\xfa\xf4\x69\xfe\xfe\xfb\x6f\xfe\xfe\xfb\x6f\xf6\xee\
\xdd\x8b\x23\x9e\xb6\x9c\x05\x0a\x14\xa0\x67\xcf\x9e\x74\xed\xda\
\x35\x59\xf7\x7d\xf0\xe0\x41\xaa\x54\xa9\x02\xb8\xa2\x7b\x6f\xde\
\xbc\x29\xbb\x2c\x9e\xc5\x8d\x1b\x37\xc8\x9b\x37\x2f\x00\x19\x32\
\x64\xe0\xc1\x83\x07\x09\x8e\xaf\x40\x20\x78\xbd\xf9\xfa\xeb\xaf\
\x19\x33\x66\x0c\x00\xc5\x54\x6a\x56\x05\x06\x23\xc2\x01\x5f\x1e\
\x0b\xc0\x1b\xa3\x00\x4c\x31\x19\x98\xed\x26\xfc\xbb\x74\xe9\xc2\
\xfc\xf9\xf3\x13\x14\x6a\x76\xbb\x9d\xfc\xf9\xf3\xcb\xed\x6d\x07\
\x0e\x1c\xc8\xa4\x49\x93\x5e\xda\xef\xf7\xe0\xc1\x03\x56\xad\x5a\
\xc5\xef\xbf\xff\xce\xde\xbd\x7b\x91\x9e\x2a\xc2\xa1\xd5\x6a\x69\
\xd3\xa6\x0d\x43\x86\x0c\xa1\x6c\xd9\xb2\x49\x3a\x67\x91\x22\x45\
\xb8\x78\xf1\x22\x00\x5b\xb7\x6e\xa5\x76\xed\xda\x49\x3a\xae\x6c\
\xd9\xb2\x72\x31\xa0\xff\xfe\xfb\x8f\x5a\xb5\x6a\x89\x5f\xa2\x40\
\xf0\x06\x12\x1d\x1d\x4d\xbe\x7c\xf9\xe4\x6c\xa9\xe9\xfe\x81\xd4\
\xd2\x78\x89\x81\x79\x49\x14\x80\xd7\xde\x05\x20\xe1\xca\xf3\x9f\
\xfd\xd4\xcc\xff\x59\xc2\x1f\x60\xd3\xa6\x4d\xb2\xf0\x2f\x58\xb0\
\x20\x3f\xfd\xf4\xd3\x4b\xfd\x3d\x33\x67\xce\xcc\xa7\x9f\x7e\xca\
\xee\xdd\xbb\xb9\x7e\xfd\x3a\xdf\x7d\xf7\x1d\xb9\x73\xe7\x96\xb7\
\x5b\xad\x56\x96\x2e\x5d\x4a\xb9\x72\xe5\x68\xd0\xa0\x01\x5b\xb7\
\x6e\x4d\xf4\x9c\xed\xdb\xb7\x97\x97\x17\x2d\x5a\x94\xb4\xf1\x96\
\x24\x4a\x94\x28\x21\x7f\x7e\x12\x0f\x20\x10\x08\xde\x3c\xfc\xfd\
\xfd\xf9\xec\xb3\xcf\xe4\xcf\xd3\x4d\x06\xd1\x2f\xf0\x25\xe2\xb5\
\x56\x00\x1c\xc0\x37\x86\x28\x16\xba\xb5\xf5\xfd\xf0\xc3\x0f\x59\
\xba\x74\x69\xa2\xe6\xec\xed\xdb\xb7\xcb\xcb\xdd\xbb\x77\x4f\xf7\
\x1c\xfc\xb4\x24\x77\xee\xdc\x0c\x1f\x3e\x9c\xab\x57\xaf\xb2\x7e\
\xfd\x7a\x9a\x35\x6b\xe6\xf1\x7d\x37\x6f\xde\x4c\xdd\xba\x75\xa9\
\x58\xb1\x22\x7f\xff\xfd\x77\x82\xe7\xe9\xd4\xa9\x53\x6c\x51\x8f\
\x95\x2b\xe3\xa4\x3e\x3e\xcd\x9e\x3d\x7b\xa8\x5c\xb9\xb2\x47\xcc\
\xc0\xa5\x4b\x97\xc4\xaf\x4c\x20\x78\x83\xe9\xd7\xaf\x1f\xc1\xc1\
\xc1\x00\x9c\xb5\xdb\xd9\x25\x62\x01\x84\x02\x90\xde\xd8\x90\x18\
\xa2\x8f\xf4\x30\x7f\xf4\xe9\xd3\x87\xf9\xf3\xe7\x27\x98\xea\xe7\
\x8e\x7b\x1d\xfc\xea\xd5\xab\xbf\x92\x63\xa0\x52\xa9\x68\xd2\xa4\
\x09\x6b\xd7\xae\xe5\xc2\x85\x0b\x7c\xf2\xc9\x27\x78\x7b\x7b\xcb\
\xdb\x8f\x1c\x39\x42\xd3\xa6\x4d\xa9\x5e\xbd\x3a\x3b\x76\xec\x88\
\x73\x7c\xc1\x82\x05\xa9\x53\xa7\x0e\x00\x26\x93\x29\x41\x2b\x80\
\xc3\xe1\xe0\xbb\xef\xbe\xa3\x66\xcd\x9a\x1c\x3e\x7c\x58\x5e\x9f\
\x27\x4f\x1e\x86\x0d\x1b\x26\x7e\x65\x02\xc1\x1b\x4c\x40\x40\x00\
\x03\x06\x0c\x90\x3f\x2f\x76\x9b\x90\x09\x84\x02\x90\xe6\x3c\xe9\
\xea\xb7\x39\xa6\xb6\x3f\xc0\xd0\xa1\x43\x99\x31\x63\x46\x92\x84\
\x3f\xb8\x2a\xe0\x3d\x21\xbd\x0a\xee\x3c\x4f\x0a\x14\x28\xc0\xf4\
\xe9\xd3\xb9\x71\xe3\x06\xdf\x7e\xfb\x2d\x19\x33\x66\xf4\x98\xb9\
\xd7\xaa\x55\x8b\x06\x0d\x1a\x70\xe4\xc8\x11\x8f\xe3\x7a\xf7\xee\
\x2d\x2f\xcf\x9a\x35\x2b\x4e\x6c\x41\x64\x64\x24\xf5\xeb\xd7\x67\
\xc4\x88\x11\x72\x10\x62\x70\x70\x30\x13\x26\x4c\xe0\xc2\x85\x0b\
\x72\x20\xa1\x40\x20\x78\x73\xe9\xdf\xbf\xbf\x9c\x9a\xbc\xcf\x66\
\xe5\x5a\x3c\x01\xcb\x02\xa1\x00\xa4\x9a\x68\x49\xa2\x67\x74\x04\
\xbb\xdd\xcc\x4c\x23\x47\x8e\x64\xec\xd8\xb1\x49\x3f\x47\x74\xb4\
\x5c\xc5\x2a\x28\x28\x88\xec\xd9\xb3\xbf\x36\xe3\x93\x29\x53\x26\
\x46\x8d\x1a\xc5\xb5\x6b\xd7\x18\x39\x72\x24\x01\x01\xb1\x41\x9e\
\x9b\x37\x6f\xa6\x72\xe5\xca\xf4\xe8\xd1\x83\x07\x0f\x1e\x00\xd0\
\xa2\x45\x0b\x72\xe4\xc8\x01\xc0\xf9\xf3\xe7\x3d\x5c\x23\xe1\xe1\
\xe1\xd4\xad\x5b\x97\x6d\xdb\xb6\xc9\xeb\x5a\xb7\x6e\xcd\xe5\xcb\
\x97\x19\x3c\x78\x30\x5e\x5e\x22\xd8\x47\x20\x10\xb8\xde\xa3\x4f\
\x6a\x82\x48\xc0\x72\x8b\xb0\x02\x08\x05\x20\x8d\x89\x94\x9c\xf4\
\x8c\x8e\xe0\x68\x4c\x4b\x5f\x85\x42\xc1\xe4\xc9\x93\x19\x31\x62\
\x44\xb2\xce\x73\xf6\xec\x59\x79\xa6\xeb\x1e\xd0\xf6\x3a\xe1\xef\
\xef\xcf\x88\x11\x23\xb8\x7a\xf5\x2a\x43\x86\x0c\x91\x5d\x03\x4e\
\xa7\x93\x79\xf3\xe6\x51\xa4\x48\x11\x26\x4f\x9e\x0c\xb8\xfa\x7d\
\xbb\x5b\x01\xc0\x55\x77\xa0\x61\xc3\x86\xb2\xc9\x5f\xa3\xd1\x30\
\x7d\xfa\x74\x56\xad\x5a\x45\x86\x0c\x19\xc4\x2f\x4b\x20\x10\x78\
\xd0\xaf\x5f\x3f\x79\xf9\x4f\x8b\x59\xb4\x0b\x16\x0a\x40\xda\x71\
\xdb\xe9\xa0\x63\x54\x38\xa7\x62\x84\xbf\x5a\xad\x66\xf1\xe2\xc5\
\x1e\xbe\xa7\xa4\x72\xe6\xcc\x19\x79\xf9\x75\x55\x00\x9e\x90\x31\
\x63\x46\xc6\x8f\x1f\xcf\xa5\x4b\x97\xf8\xe8\xa3\x8f\xe4\xa0\xbf\
\x88\x88\x08\x3e\xfb\xec\x33\xca\x94\x29\x43\x89\x12\x25\xe4\x20\
\xc2\x3f\xfe\xf8\x83\x9b\x37\x6f\x32\x60\xc0\x00\xb9\xcb\xa1\x56\
\xab\x65\xe5\xca\x95\x7c\xf2\xc9\x27\xe2\x17\x25\x10\xbc\xa6\x18\
\x0c\x06\xa2\xa3\xa3\x53\x7c\x7c\xd9\xb2\x65\xa9\x5a\xb5\xaa\xeb\
\x5c\x92\xc4\xbf\x6e\x2e\x5a\x81\x50\x00\x52\xcc\x59\xbb\x9d\x8e\
\x51\xe1\xb2\x5f\x49\xa7\xd3\xf1\xbf\xff\xfd\xcf\xa3\x88\x4f\x4a\
\x15\x80\x92\x25\x4b\xbe\x11\x0f\x42\x8e\x1c\x39\xf8\xed\xb7\xdf\
\xd8\xb7\x6f\x1f\x95\x2a\x55\xf2\xb0\x86\xb4\x6f\xdf\x9e\x5c\xb9\
\x72\x01\x60\xb3\xd9\xf8\xf4\xd3\x4f\x99\x3d\x7b\xb6\xbc\xcf\xa2\
\x45\x8b\x68\xd1\xa2\x85\xf8\x35\x09\x04\xaf\x29\xe7\xce\x9d\x23\
\x67\xce\x9c\x64\xcf\x9e\x9d\xcd\x9b\x37\xa7\xf8\x3c\xdd\xbb\x77\
\x97\x97\xff\xb6\x9a\xc5\xc0\x0a\x05\x20\x75\xec\xb5\x59\xf9\x28\
\x3a\x9c\x47\x31\x25\x6f\x03\x03\x03\xd9\xb0\x61\x03\xcd\x9b\x37\
\x4f\xf1\x39\x4f\x9f\x3e\xfd\xc6\x58\x00\x9e\xa6\x4a\x95\xff\xb7\
\x77\xde\xe1\x51\x54\x6d\x1f\xbe\x77\xb6\xa5\x6d\x1a\x45\x10\x10\
\x10\x6c\x80\xf4\x62\x41\x10\x50\x51\x3e\x78\x45\xb1\xa2\x20\x2a\
\xd8\x15\xbb\xd8\x5e\xb1\xcb\x0b\x36\x2c\x28\x88\xa2\x88\x28\x0a\
\x0a\x82\x8a\x02\x82\x54\xa5\x08\x88\x34\x41\x7a\x2f\xe9\xd9\xbe\
\xf3\xfd\xb1\x9b\xc9\x04\xc8\xb6\x6c\x42\x36\x79\xee\xeb\xe2\x62\
\x66\x77\xe6\x64\xf7\xec\xcc\x9c\xdf\x79\xce\x53\x3a\xb1\x6c\xd9\
\x32\xc6\x8f\x1f\xcf\x29\xa7\x9c\x02\xf8\x63\xfb\xb7\x6f\xdf\x5e\
\x7c\xe3\xea\x42\x07\xef\xbb\xef\x3e\xae\xbf\xfe\xfa\x4a\xff\xbd\
\xf2\xf2\xf2\x78\xf0\xc1\x07\xb9\xfe\xfa\xeb\xd9\xb3\x67\x8f\xdc\
\xf9\x82\x10\x01\x4b\x97\x2e\x25\x3b\x3b\x9b\xfc\xfc\x7c\xae\xba\
\xea\x2a\x16\x2d\x5a\x14\x55\x3b\x57\x5f\x7d\xb5\xe6\x1b\xb4\xcc\
\xed\xe2\x68\x14\xa9\xca\x05\x11\x00\x00\xcc\x70\x3a\xb8\x3b\x2f\
\x5b\x5b\x4b\xaa\x57\xaf\x1e\xbf\xfd\xf6\x1b\xdd\xba\x75\x8b\xba\
\xcd\xfc\xfc\x7c\x16\x2f\x5e\x5c\x6d\x05\x00\xf8\x6b\x01\xdc\x76\
\xdb\x6d\x6c\xda\xb4\x89\x21\x43\x86\x68\xcb\x02\x45\x14\xf9\x47\
\x9c\x7a\xea\xa9\xbc\xf2\xca\x2b\x95\xfe\xfb\xac\x5a\xb5\x8a\x76\
\xed\xda\xf1\xf6\xdb\x6f\x33\x65\xca\x14\xcd\xb7\x41\x10\x84\xf0\
\xb8\xe6\x9a\x6b\x38\xf7\xdc\x73\x01\x28\x2c\x2c\xa4\x77\xef\xde\
\xac\x5a\xb5\x2a\xe2\x76\x32\x32\x32\xb8\xfc\xf2\xcb\x01\x7f\x9e\
\x96\xd9\xb2\x0c\x20\x02\x20\x1a\x3e\x72\x14\xf2\x54\x41\x2e\x9e\
\xc0\x7e\xb3\x66\xcd\x58\xb2\x64\x09\x2d\x5b\xb6\x8c\xde\x9a\x10\
\x38\xbf\xa0\xc0\x9f\x35\xd0\x64\x32\x69\xb3\xe0\xea\x48\x5a\x5a\
\x1a\x63\xc7\x8e\xe5\x97\x5f\x7e\xa1\x71\xe3\xc6\xc7\xbd\x3f\x74\
\xe8\x50\x6c\x36\x5b\xa5\xfe\x0e\xdf\x7d\xf7\x1d\x17\x5c\x70\x81\
\x96\x90\x48\x51\x14\x2e\xbc\xf0\x42\xb9\xf3\x05\x21\x02\x52\x53\
\x53\xf9\xf9\xe7\x9f\x69\xda\xb4\x29\xe0\x0f\xff\xed\xd5\xab\x97\
\x96\x2d\x35\x12\xf4\x15\x42\x65\x19\x40\x04\x40\x44\x78\x81\x97\
\x0a\xf3\x78\xb3\x30\x5f\x4b\x29\x79\xd1\x45\x17\xb1\x68\xd1\xa2\
\x12\xa9\x6f\x23\xc1\xe3\xf1\xf0\xec\xb3\xcf\xd2\xa5\x4b\x17\xb6\
\x6d\xdb\xa6\xbd\x5e\x96\x92\xba\x55\x89\x1e\x3d\x7a\xf0\xd7\x5f\
\x7f\xf1\xc0\x03\x0f\x68\xd6\x00\x45\x51\x4a\xa4\x0a\xae\x8c\xfc\
\xf8\xe3\x8f\xdc\x70\xc3\x0d\x38\x9d\xfe\x59\x46\xed\xda\xb5\x99\
\x35\x6b\x96\xf8\x2b\x08\x42\x14\xd4\xa9\x53\x87\x79\xf3\xe6\xd1\
\xb0\x61\x43\x00\x0e\x1c\x38\xc0\x95\x57\x5e\x49\x61\x61\x64\x21\
\x7d\x7d\xfa\xf4\x21\x25\x25\x05\x80\xd5\x1e\x37\xbb\x7d\x92\x13\
\x40\x04\x40\x18\x38\x55\x95\x87\xf3\x73\x98\xec\xb0\x6b\xaf\xf5\
\xeb\xd7\x8f\x9f\x7f\xfe\x39\xea\xd0\xb3\xbd\x7b\xf7\xd2\xa3\x47\
\x0f\x5e\x7a\xe9\xa5\xe3\xaa\xe9\x85\x2a\xdd\x5b\x9d\x48\x4e\x4e\
\xe6\xed\xb7\xdf\x66\xe1\xc2\x85\xdc\x74\xd3\x4d\x8c\x1b\x37\x4e\
\x73\x0c\xac\x8c\x2c\x5b\xb6\x8c\xbe\x7d\xfb\x6a\x83\x7f\x87\x0e\
\x1d\x58\xbb\x76\xad\x66\x7e\x14\x04\x21\x72\x1a\x34\x68\xc0\xf7\
\xdf\x7f\x4f\x72\x72\x32\x00\x7f\xfe\xf9\x27\x77\xdd\x75\x57\xc4\
\xcf\x92\xab\xae\xba\x0a\xf0\xe7\x04\x98\xe9\x14\x2b\x80\x08\x80\
\x10\xe4\xa8\x3e\x06\xe7\x65\x97\x08\x1d\xb9\xff\xfe\xfb\x99\x32\
\x65\x8a\x56\x73\x3a\x52\x66\xcf\x9e\x4d\xeb\xd6\xad\xf9\xed\xb7\
\xdf\x8a\x55\xae\x2e\x53\x60\x97\x2e\x5d\xca\xf4\x99\x73\x73\x73\
\xc9\xcd\xcd\xad\x52\x17\xcc\x85\x17\x5e\xc8\xe7\x9f\x7f\x5e\x22\
\x37\x40\x65\x23\x2b\x2b\x8b\x1b\x6f\xbc\x11\x97\xcb\x9f\x0c\xaa\
\x4d\x9b\x36\xfc\xf4\xd3\x4f\xd5\x7a\x39\x47\x10\x62\xc5\xb9\xe7\
\x9e\xcb\x27\x9f\x7c\xa2\x59\x03\x27\x4e\x9c\xc8\x47\x1f\x7d\x14\
\x51\x1b\x03\x06\x0c\xd0\xb6\xbf\x97\x65\x00\x11\x00\x41\x67\xe9\
\x3e\x2f\x37\xe7\x96\x4c\xf0\x33\x62\xc4\x08\x46\x8f\x1e\x1d\x76\
\x6a\x5f\x3d\x1e\x8f\x87\x67\x9e\x79\x86\x5e\xbd\x7a\x71\xe8\xd0\
\x21\x00\xac\x06\x03\xcf\x25\xdb\xe8\x67\x2d\xce\x95\xdf\xa4\x49\
\x93\x88\xdb\x3e\x70\xe0\x00\x0f\x3f\xfc\x30\x35\x6b\xd6\x24\x2d\
\x2d\x8d\xb4\xb4\x34\x6a\xd4\xa8\x41\xbf\x7e\xfd\x4a\x64\xd1\x13\
\xca\x8f\x3b\xee\xb8\x43\x8b\x5a\xa8\x5f\xbf\x3e\x3f\xff\xfc\xb3\
\x56\x8c\x44\x10\x84\xb2\x73\xed\xb5\xd7\xf2\xf8\xe3\x8f\x6b\xfb\
\x0f\x3d\xf4\x50\x89\xf4\xe9\xa1\xe8\xde\xbd\xbb\x96\x61\x75\xbb\
\xd7\xab\xe5\x6f\x11\x44\x00\x94\x60\xb3\xd7\x1f\xe3\xff\xaf\xd7\
\xef\xee\x67\xb1\x58\x98\x38\x71\x62\x89\x8b\x2f\x12\xf6\xec\xd9\
\x43\x8f\x1e\x3d\x78\xf9\xe5\x97\xf1\x05\x42\x50\x1a\x19\x8d\x7c\
\x91\x9a\xc1\x75\xd6\x44\xb6\xeb\x96\x01\x8a\x1c\x5e\x22\x69\xbb\
\x4b\x97\x2e\xbc\xf9\xe6\x9b\x5a\xfd\x6b\x80\xa3\x47\x8f\x32\x6d\
\xda\x34\x7a\xf4\xe8\xc1\xe3\x8f\x3f\xae\xcd\x4c\x85\xd8\x33\x6f\
\xde\x3c\xbe\xf9\xe6\x1b\xc0\xef\xc4\x39\x79\xf2\x64\x6a\xd6\xac\
\x29\x1d\x23\x08\x31\xe6\xa5\x97\x5e\xe2\xbc\xf3\xce\x03\xfc\xd1\
\x53\x03\x07\x0e\xc4\xe3\xf1\x84\x75\xae\xd1\x68\x2c\xe1\x43\x34\
\x4d\x96\x01\x44\x00\x1c\xcb\xef\x6e\x17\x03\x73\xb3\x38\x18\x18\
\xa8\x53\x53\x53\x99\x35\x6b\x56\xd4\x09\x7e\xe6\xce\x9d\x4b\x9b\
\x36\x6d\x4a\x98\xfc\x7b\x59\x12\x98\x92\x9a\xc9\xd9\x46\x13\x00\
\x1b\xbc\xc5\x17\x70\x51\xd8\x4b\x24\x33\xcf\xcd\x9b\x37\xfb\xad\
\x14\xf8\x97\x13\xf4\x4b\x0a\x3e\x9f\x8f\x91\x23\x47\x72\xe1\x85\
\x17\x4a\x99\xdc\x72\xc0\xe7\xf3\xf1\xe0\x83\x0f\x6a\xfb\x43\x87\
\x0e\x8d\xdb\x4a\x8e\x82\x50\xd9\x31\x99\x4c\x4c\x9a\x34\x49\x8b\
\x04\x5a\xba\x74\x29\x6f\xbf\xfd\x76\xd8\xe7\xdf\x72\xcb\x2d\xda\
\x32\xc2\x74\x97\x83\x23\x92\x13\x40\x04\x40\x11\xd3\x9d\x0e\xee\
\xcc\xcb\x21\x2f\x10\x73\x5e\xb7\x6e\x5d\x16\x2c\x58\xc0\x25\x97\
\x5c\x12\x55\x7b\xa3\x47\x8f\xe6\xf2\xcb\x2f\x3f\xce\xe4\x3f\x32\
\x25\x95\xe4\xc0\x45\x68\x57\x55\x76\x04\x04\x80\xcd\x66\x8b\xc8\
\x02\xb0\x69\xd3\x26\x7e\xfc\xf1\x47\x00\x92\x0c\x06\x26\xa5\x66\
\x30\x37\xbd\x26\x73\xd3\x6b\xf2\x5b\x7a\x4d\xfa\x58\x8a\xfd\x14\
\x56\xac\x58\x41\xbb\x76\xed\xf8\xf4\xd3\x4f\xe5\x0a\x8c\x21\xdf\
\x7e\xfb\x2d\x7f\xfd\xf5\x17\xe0\xf7\xf8\x7f\xf6\xd9\x67\xa5\x53\
\x04\xa1\x1c\x39\xfd\xf4\xd3\x19\x35\x6a\x94\xb6\xff\xdc\x73\xcf\
\x69\x85\xd4\x42\x71\xee\xb9\xe7\xd2\xb3\x67\x4f\xc0\xef\xe0\xfd\
\xa9\x94\x09\x16\x01\xa0\x02\xef\xd8\x0b\x78\xba\x20\x17\x77\x20\
\xd0\xef\xec\xb3\xcf\x66\xc9\x92\x25\xb4\x6e\xdd\x3a\xe2\xf6\x5c\
\x2e\x17\x43\x86\x0c\x61\xe8\xd0\xa1\x9a\x79\xaa\x91\xd1\xc8\xe4\
\x80\xc9\xbf\xc4\x20\xee\xf5\x50\xb4\x00\xd0\xaa\x55\xab\x88\xfc\
\x0b\xa6\x4d\x9b\xa6\x25\xc8\xe9\x63\x49\xa0\x95\xc9\xac\xbd\x57\
\x43\x51\x78\x2d\x25\x95\xd7\x74\x62\x23\x2f\x2f\x8f\x41\x83\x06\
\x71\xd3\x4d\x37\x55\x39\x47\xc1\x93\xc5\x9b\x6f\xbe\xa9\x6d\x3f\
\xf1\xc4\x13\xa4\xa5\xa5\x49\xa7\x08\x42\x39\x33\x64\xc8\x10\x2e\
\xba\xe8\x22\xc0\x5f\x2f\xe0\x81\x07\x1e\x08\xfb\xdc\x61\xc3\x86\
\x69\xdb\x93\x9c\x76\xf6\x4b\x48\x60\xf5\x15\x00\x4e\x55\xe5\xf1\
\xfc\x5c\x3e\xb0\x17\x68\x31\xfe\x5d\xba\x74\x61\xf1\xe2\xc5\x34\
\x6a\xd4\x28\xe2\xf6\x0e\x1d\x3a\x44\x8f\x1e\x3d\x4a\x78\xa8\x76\
\x36\x5b\xf8\x32\x35\x93\xb3\x02\x26\x7f\x3d\x7a\xf3\x7f\x9b\x36\
\x6d\x22\xfa\x5b\xfa\x65\x85\x8b\xcc\x96\x13\x1e\xd3\xc7\x92\xc0\
\xd4\xb4\x4c\xce\xd5\x89\x83\x2f\xbe\xf8\x82\xd6\xad\x5b\xb3\x74\
\xe9\x52\xb9\x1a\xcb\xc0\xea\xd5\xab\xb5\x0c\x8e\x69\x69\x69\x0c\
\x1e\x3c\x58\x3a\x45\x10\x2a\x00\x83\xc1\xc0\xb8\x71\xe3\xb4\x14\
\xbf\x33\x66\xcc\x60\xee\xdc\xb9\x61\x9d\xdb\xb5\x6b\x57\x2e\xbb\
\xec\x32\x00\x1c\xaa\xca\xdb\xf6\x02\xe9\xd0\xea\x28\x00\xb2\x55\
\x1f\x77\xe4\x65\xf3\x83\x2e\x24\xe4\xfa\xeb\xaf\x67\xf6\xec\xd9\
\x51\x79\x70\xef\xd8\xb1\x43\x4b\x10\x54\xc4\xb5\xd6\x44\xde\xb7\
\xa5\x63\x3b\x26\xb5\xad\x26\x00\x74\x0e\x2c\x6d\xdb\xb6\x0d\xfb\
\x6f\x79\xbd\x5e\x6d\x00\x37\x00\x6d\xcc\xe6\x52\x8f\x6d\xa0\x18\
\x99\x94\x9a\xc1\x3d\x89\xc9\x18\x03\xaf\x6d\xdb\xb6\x8d\xce\x9d\
\x3b\x73\xe7\x9d\x77\x92\x9f\x9f\x2f\x57\x65\x14\x4c\x9e\x3c\x59\
\xdb\x1e\x38\x70\x20\xa9\xa9\xa9\xd2\x29\x82\x50\x41\x9c\x75\xd6\
\x59\xdc\x77\xdf\x7d\xda\xfe\x93\x4f\x3e\xa9\x59\x44\x43\x31\x72\
\xe4\x48\xad\xda\xe8\xf7\x4e\x07\x4b\xdd\xe2\x24\x5d\xad\x04\xc0\
\x0e\xaf\x97\x1b\x72\xb2\x58\xa1\x0b\xf3\x1b\x3e\x7c\x38\x93\x27\
\x4f\x8e\x2a\xc6\xff\xef\xbf\xff\xe6\xc2\x0b\x2f\x64\xd3\xa6\x4d\
\x00\x58\x30\xf0\x4a\x72\x2a\xc3\x93\x6d\xda\xa0\x7b\x42\x01\xe0\
\x2d\x0e\x45\x89\x64\xb9\x61\xf5\xea\xd5\xe4\xe4\xe4\x00\x70\x86\
\xd1\x44\xba\x21\x78\xb7\x1a\x81\x7b\x13\x93\x19\x6b\x4b\xa7\x76\
\x60\x99\xc1\xe7\xf3\x31\x76\xec\x58\xda\xb4\x69\xc3\x82\x05\x0b\
\xe4\xca\x8c\x00\x55\x55\xf9\xf2\xcb\x2f\xb5\xfd\xfe\xfd\xfb\x4b\
\xa7\x08\x42\x05\xf3\xf4\xd3\x4f\x6b\x93\xb5\xe5\xcb\x97\xf3\xf5\
\xd7\x5f\x87\x75\x5e\xcb\x96\x2d\x19\x32\x64\x88\xff\x5e\x06\x5e\
\x28\xcc\xc3\x11\xa6\x78\x10\xe2\x5c\x00\xfc\xe3\xf5\x30\x30\x2f\
\x8b\x5d\x81\xb5\x1f\xab\xd5\xca\xc4\x89\x13\x79\xee\xb9\xe7\x8e\
\x2b\x42\x13\x0e\x4b\x96\x2c\xa1\x4b\x97\x2e\x5a\xc5\xb7\x14\x83\
\x81\xb1\xb6\x34\xae\xb4\x06\x17\x12\x05\xaa\xca\xa6\x80\x05\x20\
\x29\x29\x29\xa2\x22\x40\x7a\xf3\x7f\xbb\x20\xb3\xff\x63\x39\xcf\
\x6c\x61\x5a\x5a\x26\xbd\x74\x0e\x82\x5b\xb6\x6c\xa1\x5b\xb7\x6e\
\xdc\x7d\xf7\xdd\xe2\x1b\x10\x26\xeb\xd7\xaf\x67\xe7\xce\x9d\x00\
\x34\x6c\xd8\x90\x4e\x9d\x3a\x49\xa7\x08\x42\x05\x93\x91\x91\xc1\
\x13\x4f\x3c\xa1\xed\x0f\x19\x32\x24\xec\x34\xc1\xaf\xbd\xf6\x1a\
\xf5\xea\xd5\x03\x60\xa7\xd7\xcb\xeb\x76\xb1\x84\x56\x79\x01\xb0\
\xc5\xeb\x61\x50\x6e\xb6\x56\xca\xb7\x46\x8d\x1a\xfc\xf2\xcb\x2f\
\x51\x87\xf9\x2d\x5f\xbe\x9c\xcb\x2f\xbf\x9c\xa3\x47\x8f\xfa\xdb\
\x53\x14\x26\xa4\x66\xd0\xa1\x94\x35\x79\x3d\x6b\x3c\x6e\xcd\x01\
\xb0\x53\xa7\x4e\x98\x23\x18\xc8\x4b\x08\x00\x93\x39\xb2\x9b\xc6\
\xa0\x30\x32\x25\x95\x77\x53\xd2\x34\x6b\x80\xaa\xaa\x7c\xf0\xc1\
\x07\xb4\x68\xd1\x42\x8b\x2c\x10\x4a\xe7\x97\x5f\x7e\xd1\xb6\x7b\
\xf6\xec\x19\x95\x70\x14\x04\xa1\xec\x3c\xf0\xc0\x03\x5a\x9e\xff\
\xdc\xdc\x5c\xee\xbc\xf3\xce\xb0\xce\x4b\x4b\x4b\x63\xcc\x98\x31\
\xda\xfe\x64\x87\x9d\x5f\xa5\x52\x60\xd5\x15\x00\xf9\xaa\xca\xd0\
\xfc\x1c\xb2\x55\xff\xe0\x5f\xa7\x4e\x1d\xe6\xcf\x9f\xaf\x79\x93\
\x46\xca\xc6\x8d\x1b\xe9\xd5\xab\x17\x79\x79\x79\x00\xd4\x57\x8c\
\x7c\x6e\xcb\xe0\x9c\x13\x38\xfb\x9d\x88\x55\xba\x4c\x54\x91\xc4\
\x8e\xab\xaa\x5a\xc2\xcf\xa0\xbd\xc9\x12\xd5\xe7\xef\x66\xb1\x32\
\x23\xad\x06\xfd\xac\x89\x14\x0d\x5f\xbb\x76\xed\xa2\x57\xaf\x5e\
\xf4\xef\xdf\x5f\x6a\xd8\x07\x61\xe1\xc2\x85\xda\x76\xb4\x61\xa2\
\x82\x20\x94\x9d\x84\x84\x84\x12\x29\xb7\xbf\xfc\xf2\xcb\xb0\x2d\
\x99\x7d\xfa\xf4\x29\xb1\x14\xf0\x6c\x41\x1e\x07\x24\x37\x40\xd5\
\x14\x00\x2f\x15\xe4\x69\x59\xf7\x6a\xd5\xaa\xc5\x6f\xbf\xfd\x46\
\x8b\x16\x2d\xa2\x6a\x6b\xd7\xae\x5d\xf4\xec\xd9\x93\xc3\x87\x0f\
\x03\x50\x57\x31\xf2\x59\x6a\x06\xa7\x19\x8d\x61\xb7\xb1\x32\x4a\
\x01\xb0\x7e\xfd\x7a\xed\xef\x36\x34\x1a\xa9\xa5\x44\xdf\xa5\x36\
\x83\x81\x17\x92\x6d\x8c\xb5\xa5\x53\x4f\x29\xfe\xec\x93\x27\x4f\
\xe6\xec\xb3\xcf\xe6\xd5\x57\x5f\xd5\x8a\xdb\x08\xc5\x2c\x5f\xbe\
\x5c\xdb\xbe\xe0\x82\x0b\xa4\x43\x04\xe1\x24\x52\x64\x81\x05\x7f\
\xda\x75\x7d\xa8\x5f\x28\xde\x7a\xeb\x2d\x9a\x35\x6b\x06\x40\x96\
\xea\xe3\x81\xfc\x1c\xf1\x07\xa8\x6a\x02\xe0\x2f\x8f\x9b\x99\x01\
\x6f\x7f\xa3\xd1\xc8\x17\x5f\x7c\xc1\x19\x67\x9c\x11\x55\x5b\x0e\
\x87\x83\xde\xbd\x7b\x6b\x6b\xc0\x99\x06\x85\x71\xb6\x74\x4e\x89\
\x60\x20\x76\xa3\xb2\x36\x20\x00\x4c\x26\x13\xe7\x9f\x7f\x7e\xd8\
\xe7\x96\xc5\xfc\x5f\x1a\x17\x98\x2d\x7c\x97\x96\xc9\xcd\x09\x89\
\x9a\xd3\x62\x7e\x7e\x3e\x4f\x3d\xf5\x14\x2d\x5a\xb4\x60\xe6\xcc\
\x99\x72\xe5\x06\x38\x7c\xf8\xb0\x56\x93\xbc\x76\xed\xda\xda\x3a\
\xa2\x20\x08\x15\x4f\x76\x76\x36\x59\x59\x59\x25\x5e\x1b\x33\x66\
\x0c\x53\xa6\x4c\x09\xeb\xfc\xa4\xa4\x24\xbe\xfc\xf2\x4b\xad\xda\
\xe0\x3a\x8f\x9b\xff\x16\xe4\x21\x12\xa0\x0a\x09\x80\xb1\x8e\x42\
\xed\x07\xbd\xe3\x8e\x3b\xca\x64\xb6\x7d\xec\xb1\xc7\x58\xbb\x76\
\x2d\x00\xc9\x06\x03\x1f\xd8\xd2\x69\x1c\xc1\xcc\x1f\x60\xbd\xc7\
\xa3\xa9\xcc\x56\xad\x5a\x69\xa9\x2d\xc3\x41\x1f\xbf\xdf\x2e\x4a\
\xf3\xff\x09\x6f\x04\x83\x81\x27\x93\x6c\x7c\x9d\x96\x49\x7b\x9d\
\xb0\xd8\xb2\x65\x0b\x7d\xfa\xf4\xe1\xff\xfe\xef\xff\xb4\xb4\xc3\
\xd5\x99\xad\x5b\xb7\x6a\xdb\x91\x38\x6e\x0a\x55\x9f\xbd\x7b\xf7\
\x32\x7c\xf8\x70\x66\xce\x9c\x19\x76\x48\x9a\x50\x36\x8a\x8a\x70\
\x01\xe8\x3d\x71\x6e\xb9\xe5\x96\xb0\xfd\x99\x8e\xad\x36\x38\xcb\
\xe5\x60\xbc\x64\x09\xac\x1a\x02\x20\x4f\x55\x59\x18\x28\x86\x63\
\x36\x9b\x79\xee\xb9\xe7\xa2\x6e\x6b\xcd\x9a\x35\xbc\xff\xfe\xfb\
\xda\xfe\x2b\xc9\xa9\x34\x37\x99\x22\x6e\x27\x5a\xf3\x3f\xf8\xeb\
\xce\x17\xd1\x2a\x46\x16\x00\x3d\x67\x19\x4d\x4c\x48\xcd\x60\x64\
\x4a\x6a\x09\xab\xc6\x0f\x3f\xfc\x40\x8b\x16\x2d\xb8\xe7\x9e\x7b\
\xd8\xbb\x77\xaf\x3c\x70\x80\xc6\x8d\x1b\xcb\x1d\x2d\x68\xdc\x7d\
\xf7\xdd\x3c\xff\xfc\xf3\xf4\xe9\xd3\x87\xce\x9d\x3b\x8b\x60\xae\
\x00\xf4\x69\x80\x7b\x58\xac\xda\xf3\xd8\xe1\x70\x70\xd5\x55\x57\
\xf1\xe1\x87\x1f\x86\xd5\xce\xb5\xd7\x5e\xcb\x33\xcf\x3c\xa3\xed\
\xbf\x5d\x98\xcf\x02\xb7\x2c\x7f\xc6\xbd\x00\xf8\xcb\xe3\xd6\x52\
\xfc\x5e\x7c\xf1\xc5\x65\xaa\xd1\xfe\xc2\x0b\x2f\x68\x15\xfd\xae\
\xb4\x26\x70\x89\xc5\x1a\x55\x3b\x7f\xe8\x12\x4f\x44\xe2\x84\x78\
\xf8\xf0\x61\xad\x04\x66\x9a\x41\xa1\x51\x84\x96\x87\x70\x31\xe0\
\x2f\x5a\x34\x2b\xad\x06\x77\x24\x26\x63\x0d\x28\x63\xb7\xdb\xcd\
\x98\x31\x63\x68\xda\xb4\x29\x8f\x3f\xfe\x78\x89\x0a\x84\xd5\x51\
\x00\x34\x6c\xd8\x50\xee\x68\x41\xa3\x46\x8d\x1a\xda\xf6\x92\x25\
\x4b\x68\xdb\xb6\x6d\x89\x88\x11\xa1\x9c\x05\xb9\xd1\xc8\x07\xb6\
\x74\x2d\xeb\xaa\xd3\xe9\xe4\xae\xbb\xee\xa2\x77\xef\xde\xfc\xfd\
\xf7\xdf\x21\xdb\x1a\x3e\x7c\x38\x7d\xfb\xf6\x05\xc0\x07\x3c\x9e\
\x9f\xcb\x56\xaf\x47\x3a\x39\x9e\x05\xc0\x5e\x5d\xae\xe7\x96\x2d\
\x5b\x46\xdd\xce\x91\x23\x47\xb4\xb5\x70\x13\x30\x34\x31\x25\xaa\
\x76\xdc\xa8\x9a\x05\x40\x51\x14\xba\x75\xeb\x16\xf6\xb9\xbf\xff\
\xfe\xbb\x66\x5a\x6c\x69\x32\x51\xde\xc1\x67\x89\x06\x03\x43\x13\
\x93\x99\x9e\x96\xc9\xa5\x16\xab\xf6\xf7\xec\x76\x3b\x23\x47\x8e\
\xa4\x49\x93\x26\xbc\xf0\xc2\x0b\x5a\x24\x44\x75\x9b\x71\x88\x00\
\x10\xf4\xbc\xff\xfe\xfb\xbc\xf2\xca\x2b\x5a\x56\xc8\x82\x82\x02\
\xae\xbc\xf2\x4a\x7e\xfe\xf9\x67\xe9\x9c\x0a\x10\x00\xf5\x14\x23\
\x99\x06\x85\x4f\x52\xd3\xe9\xa0\xb3\x8e\xce\x9a\x35\x8b\x96\x2d\
\x5b\xd2\xbb\x77\x6f\xbe\xfc\xf2\x4b\xcd\x89\xfa\xb8\xc1\x49\x51\
\x98\x38\x71\xa2\x56\x95\x35\x5f\x55\xb9\x2f\x3f\x87\x1c\x55\x22\
\x03\xe2\x56\x00\x98\x75\xc3\x64\x59\x3c\xda\x17\x2c\x58\x80\x2b\
\xb0\x94\x70\xbe\xd9\x12\x91\xd3\x9f\x9e\xb5\x1e\x0f\x85\x81\x41\
\xbc\x4d\x9b\x36\x11\xa5\x1d\x2e\x6f\xf3\x7f\x69\x34\x50\x8c\xbc\
\x95\x92\xc6\x57\xa9\x99\x5c\xa0\xcb\x71\x90\x93\x93\xc3\x73\xcf\
\x3d\x47\x93\x26\x4d\x78\xe9\xa5\x97\x4a\x78\xe3\x56\x55\x0e\x1c\
\x38\x50\xfc\xc0\x11\x07\x40\x41\x47\x42\x42\x02\x4f\x3e\xf9\x24\
\x6b\xd6\xac\xd1\x06\x11\xbb\xdd\xce\x95\x57\x5e\xa9\xd5\x8d\x10\
\xca\x57\x00\x80\xdf\x3a\x3a\x3e\x35\x83\xfb\x13\x93\xb5\xe7\xbf\
\xcf\xe7\x63\xd6\xac\x59\xdc\x78\xe3\x8d\xd4\xae\x5d\x9b\x33\xce\
\x38\x83\x5e\xbd\x7a\x71\xdd\x75\xd7\xd1\xbf\x7f\x7f\xee\xbc\xf3\
\x4e\xae\xba\xea\x2a\x2e\xbe\xf8\x62\xcd\xc9\x17\xfc\x49\x82\xde\
\x93\x7a\x01\x31\xc3\x54\xd1\x7f\xb0\x89\xce\x4c\xbe\x66\xcd\x9a\
\xa8\xdb\xd9\xb8\x71\xa3\xb6\x5d\x16\xe7\xbb\x65\x3a\xf3\x7f\x8f\
\x1e\x3d\x22\x3b\xf7\x24\x09\x80\x22\x9a\x9b\x4c\x8c\xb3\xa5\xb3\
\xdc\xe3\xe6\xad\xc2\x7c\x56\x07\x2c\x19\x87\x0e\x1d\xe2\xd9\x67\
\x9f\x65\xc4\x88\x11\x0c\x1e\x3c\x98\x87\x1e\x7a\x88\xd3\x4e\x3b\
\xad\x4a\x5e\xc0\x05\x05\xc5\x0f\x83\x48\x9c\x37\x85\xea\x43\xa3\
\x46\x8d\x58\xb0\x60\x01\x97\x5d\x76\x19\x2b\x56\xac\xc0\xe1\x70\
\x70\xc3\x0d\x37\xb0\x7a\xf5\xea\x12\xcb\x04\x42\xd9\xd9\xb7\x6f\
\x9f\xb6\xad\x9f\x94\x19\x81\xbb\x12\x93\xe9\x63\x4d\xe0\x3d\x7b\
\x01\x3f\x38\x9d\xda\x52\xb0\xaa\xaa\x6c\xd9\xb2\x45\x5b\x4e\x0d\
\x85\x15\x49\xf4\x15\xb7\x16\x80\x5a\xba\xf8\xf6\xb2\xcc\x50\xf5\
\x33\xbf\xda\x65\x88\xbd\x8f\x56\x00\xf8\x7c\x3e\xfe\xf8\xe3\x0f\
\xad\x13\xcf\x3d\x09\x02\xa0\x88\x0e\x26\x33\x93\x52\x33\x78\xdf\
\x96\xc6\xd9\xba\xc4\x47\xf9\xf9\xf9\xbc\xf5\xd6\x5b\x34\x6d\xda\
\x94\x81\x03\x07\xf2\xd7\x5f\x7f\x55\x69\x01\x90\x94\x94\x24\x77\
\xb4\x70\x42\x32\x32\x32\xf8\xf1\xc7\x1f\x35\x21\xbc\x7b\xf7\x6e\
\xee\xb8\xe3\x0e\xe9\x98\x18\xa3\xf7\x43\xca\x38\x41\x4d\x94\x7a\
\x8a\x91\x57\x92\x53\x99\x9f\x51\x83\x67\x92\x6d\x74\x35\x5b\x4b\
\x2d\xce\xa6\xa7\x81\x62\xe4\x4a\x6b\x02\x2f\x24\xdb\x78\x20\x29\
\x59\x3a\x3a\x5e\x2d\x00\xfa\xf5\x9b\xb2\x54\x6c\x2b\xf1\xe0\x8f\
\x32\xf5\x6b\xa1\x5a\x1c\xff\x6f\xb5\x5a\x23\x8a\x00\xd8\xb8\x71\
\xa3\x96\xe1\xaa\xb1\xd1\x14\xd6\x45\x5c\xde\x74\x35\x5b\xe9\x92\
\x66\x65\x91\xdb\xc5\x78\x47\x21\xcb\x03\xe2\xc6\xed\x76\x33\x71\
\xe2\x44\x26\x4e\x9c\xc8\x45\x17\x5d\xc4\x5d\x77\xdd\x45\xbf\x7e\
\xfd\xb4\xf2\x9d\xf1\x8c\xdd\x6e\x17\x01\x20\x84\x45\xcd\x9a\x35\
\x99\x34\x69\x12\xdd\xba\x75\xc3\xe3\xf1\x30\x6d\xda\x34\xa6\x4f\
\x9f\xce\x95\x57\x5e\x29\x9d\x13\x63\x01\x60\x00\xd2\x82\x4c\xcc\
\xd2\x0d\x0a\x37\x5a\x13\xb9\xd1\x9a\x88\x0a\x1c\xf4\xf9\xd8\xed\
\xf3\xe2\x0a\x2c\xc7\xda\x55\x95\x44\x83\x81\x3a\x8a\x91\xba\x8a\
\x42\x82\xa4\xf7\xae\x1a\x16\x80\x3f\x75\x21\x77\x65\x89\xdb\x4e\
\x4b\x4b\xd3\xb6\xb3\xa3\x74\x0a\x59\xe9\x71\x53\xe4\x53\x7a\xde\
\x79\xe7\x45\x34\x80\xac\x5a\xb5\x4a\xdb\x6e\x61\x32\x55\x9a\x1f\
\xd4\x00\x5c\x64\xb6\x30\xc1\x96\xce\x97\xa9\x19\x5c\x62\xb1\x96\
\xf8\x91\x17\x2e\x5c\xc8\x4d\x37\xdd\x44\x83\x06\x0d\x78\xe2\x89\
\x27\x4a\xc4\xd1\xc7\x23\x92\xf7\x5f\x88\x84\xce\x9d\x3b\x97\x28\
\x58\xf3\xd8\x63\x8f\x69\xbe\x44\x42\xd9\xf0\x78\x3c\x64\x67\x67\
\x03\xfe\xac\xa6\xe1\xc6\x44\x19\xf0\x2f\x17\xb4\x33\x99\x39\xdf\
\x6c\xe1\x7c\xb3\x85\xee\x16\x2b\xe7\x9b\x2d\x34\x36\x1a\x65\xf0\
\xaf\x4a\x02\xe0\x5b\xa7\xa3\x78\xc6\xda\xb5\x6b\xd4\xed\xe8\xc3\
\x07\xb3\xa2\xcc\x17\xbd\xa4\x0c\xeb\xff\x7a\x01\x10\x6e\xbd\x81\
\x8a\xe6\x5c\x93\x99\xb7\x53\xd2\xf8\x3e\xad\x06\xd7\x59\x13\x4b\
\x58\x4a\x0e\x1d\x3a\xc4\xff\xfe\xf7\x3f\xce\x3c\xf3\x4c\x2e\xbe\
\xf8\x62\xc6\x8e\x1d\x1b\x97\x4e\x83\x3e\xdd\x6f\xef\x70\x38\xe4\
\x8e\x16\x42\xf2\xd4\x53\x4f\x51\xbf\x7e\x7d\x00\xfe\xf9\xe7\x9f\
\x12\x45\x68\x84\xe8\x39\x7a\xf4\xa8\x16\x15\x95\xae\x28\xd2\x21\
\x22\x00\x4a\xf2\x9b\xdb\xc5\x5f\x01\x0b\x40\x46\x46\x06\x57\x5f\
\x7d\x75\xd4\x6d\xe9\x55\xbb\x29\x4a\x85\xb8\x50\x97\x58\xe2\xf2\
\xcb\x2f\x8f\x5a\x00\x34\x3b\x89\xeb\xff\xe1\xd0\xc8\x68\xe4\xb9\
\x64\x1b\xbf\xa6\xd7\xe4\xd9\x64\x1b\x67\xea\x04\x8b\xcf\xe7\x63\
\xc1\x82\x05\xdc\x79\xe7\x9d\xd4\xad\x5b\x97\x2b\xaf\xbc\x92\xaf\
\xbe\xfa\xaa\xc4\x12\x4b\x65\xe5\xb7\xdf\x7e\xd3\xb2\x40\x02\x8c\
\x1d\x3b\x56\xee\x68\x21\x24\x49\x49\x49\xbc\xfa\xea\xab\xda\xfe\
\xa8\x51\xa3\xc4\x0a\x10\x03\xf4\xe1\x7c\xe9\x06\x11\x00\x22\x00\
\x74\x14\xa8\x2a\x2f\x15\x14\xc7\xa7\xdf\x7d\xf7\xdd\x65\x5a\xb3\
\xd5\x57\xc7\xab\x11\xc5\xc5\xb6\xdb\xe7\x65\x5b\xa0\x18\x51\xed\
\xda\xb5\x69\xd7\xae\x5d\x44\xb3\xce\x3f\xff\xfc\x53\xeb\xc0\xb3\
\x2b\xa9\x05\xe0\x58\x52\x0c\x06\x6e\xb0\x26\xf2\x6d\x5a\x26\x93\
\x52\x33\xf8\x8f\x35\xa1\x84\x79\xcd\xe5\x72\x31\x63\xc6\x0c\x6e\
\xb8\xe1\x06\x6a\xd6\xac\x49\xaf\x5e\xbd\x18\x33\x66\x4c\x89\x30\
\x9c\xca\xc2\x77\xdf\x7d\x47\xcf\x9e\x3d\xf1\x78\x8a\x13\x83\x8c\
\x1e\x3d\x9a\x7b\xef\xbd\x17\xaf\xd7\x2b\x77\xb6\x10\x94\xfe\xfd\
\xfb\x6b\xf5\x47\x76\xef\xde\xcd\xe4\xc9\x93\xa5\x53\xca\x88\xde\
\x01\x30\x5d\xcc\xf6\x22\x00\x8a\xf0\x00\x0f\xe5\xe7\xb0\x27\x90\
\x04\xa8\x71\xe3\xc6\x3c\xf5\xd4\x53\x65\x6a\x53\x1f\x42\xd8\x38\
\x8a\x0c\x7c\x0b\x75\x8a\xbf\x67\xcf\x9e\x28\x11\x98\xac\xb6\x6c\
\xd9\xa2\x39\x00\x36\x34\x1a\x49\x8e\xc3\x8b\xbd\xb5\xc9\xcc\xab\
\xc9\xa9\x2c\x4c\xaf\xc9\xab\xc9\xa9\x5c\x64\xb6\x94\x58\xb3\x73\
\x38\x1c\xfc\xf8\xe3\x8f\xdc\x73\xcf\x3d\x9c\x76\xda\x69\xb4\x6e\
\xdd\x9a\x87\x1e\x7a\x88\xe9\xd3\xa7\x1f\x57\xec\xa3\xa2\x79\xe7\
\x9d\x77\xb8\xe6\x9a\x6b\x34\x93\xbf\xfe\x73\xbf\xff\xfe\xfb\x5c\
\x7d\xf5\xd5\x71\x61\xc1\x10\x4e\xe2\x83\x4f\x51\x78\xec\xb1\xc7\
\xb4\xfd\xf7\xde\x7b\x4f\x3a\x25\x86\x02\x20\x43\x96\x00\x44\x00\
\x80\xbf\xae\xf3\xf3\x05\xb9\x2c\x0e\xac\xb7\x9b\x4c\x26\xc6\x8d\
\x1b\xa7\x55\x7b\x8a\x86\xbd\x7b\xf7\x6a\x21\x78\x56\x83\x41\x4b\
\x35\x19\x91\x00\x88\x91\xf9\xff\x1c\xa3\x39\xae\x2f\x80\x24\x83\
\x81\xff\x58\x13\xf8\xc0\x96\xce\xfc\x8c\x9a\x3c\x9d\x64\xa3\xe3\
\x31\x62\xa0\x48\x70\xbd\xf5\xd6\x5b\xf4\xed\xdb\x97\x9a\x35\x6b\
\xd2\xba\x75\x6b\xee\xb8\xe3\x0e\xc6\x8e\x1d\xcb\x9f\x7f\xfe\x59\
\x21\x26\x54\x97\xcb\xc5\x90\x21\x43\x78\xe0\x81\x07\xb4\x59\x7e\
\x73\x93\x89\x79\xe9\x35\x19\x90\x50\x6c\x4d\x9a\x31\x63\x06\xdd\
\xba\x75\x2b\x11\x2a\x2a\x08\xc7\x72\xf3\xcd\x37\x93\x91\x91\x01\
\xf8\x4b\x4a\xaf\x5e\xbd\x5a\x3a\xa5\x0c\xe8\x97\x00\xd2\x64\x09\
\x20\x2e\x28\x77\xdb\xf5\x7b\xf6\x02\xa6\xe9\x1c\xff\xde\x7d\xf7\
\xdd\x88\x1d\xee\x8e\xe5\xa5\x97\x5e\xd2\x06\x80\xee\x66\xab\x96\
\x1b\x3f\x5c\x9c\xaa\xca\xef\x01\x5f\x04\xa3\xd1\x48\xcf\x9e\x3d\
\xa3\x16\x00\xcd\x4c\xa6\x2a\x73\x31\x64\x1a\x14\xfa\x27\x24\xd2\
\x3f\x21\x91\x5c\x55\x65\x91\xdb\xc9\xaf\x2e\x17\x0b\xdd\x4e\xf2\
\x74\xd5\xd4\x7c\x3e\x1f\x6b\xd6\xac\x61\xcd\x9a\x35\x8c\x1b\x37\
\x4e\xeb\xc7\xd3\x4e\x3b\x8d\xa6\x4d\x9b\xd2\xa4\x49\x13\xed\xff\
\x3a\x75\xea\x90\x9a\x9a\x4a\x6a\x6a\x2a\xc9\xc9\xc9\x38\x9d\x4e\
\x36\x6c\xd8\x40\x6a\x6a\x2a\xe7\x9e\x7b\x2e\x16\x4b\x78\x49\x9c\
\xd6\xad\x5b\xc7\x6d\xb7\xdd\xc6\xf2\xe5\xcb\xb5\xd7\x3a\x9b\x2d\
\xbc\x91\x92\x46\xb2\xc1\xc0\xb0\xa4\x14\x4e\x55\x14\x46\x16\xe6\
\xe3\x0b\x3c\xd0\x3b\x75\xea\xc4\x94\x29\x53\xe8\xd8\xb1\xa3\xdc\
\xe9\xc2\x71\x24\x26\x26\x72\xf3\xcd\x37\xf3\xce\x3b\xef\x00\xf0\
\xc5\x17\x5f\xd0\xba\x75\x6b\xe9\x98\x28\xc9\xc9\xc9\xd1\xb6\x53\
\x65\x09\x40\x04\xc0\x37\x4e\x3b\x63\x74\x69\x1b\x87\x0d\x1b\xc6\
\x9d\x77\xde\x19\x55\x5b\x47\x8f\x1e\x65\xdf\xbe\x7d\x7c\xfa\xe9\
\xa7\x7c\xf0\xc1\x07\x9a\xf9\xe2\xa6\x84\xc4\x88\xdb\x5a\xe9\x71\
\x6b\xe5\x7f\x3b\x74\xe8\x10\x71\x36\xb0\xa2\xf5\x7f\x80\x66\x46\
\x53\x95\xbc\x30\x52\x0d\x06\x7a\x59\x12\xe8\x65\x49\xc0\x0b\xfc\
\xed\x71\xb3\xdc\xe3\x66\xb9\xdb\xc5\x4a\x8f\x5b\x4b\x9f\x5c\x84\
\xd7\xeb\x65\xdb\xb6\x6d\x6c\xdb\xb6\x2d\xec\x82\x2b\x16\x8b\x85\
\xde\xbd\x7b\x73\xdf\x7d\xf7\x95\x5a\x83\x61\xd7\xae\x5d\xbc\xf5\
\xd6\x5b\xbc\xfb\xee\xbb\x25\xac\x0c\xb7\x26\x24\xf1\x50\x52\x4a\
\x09\x4b\xc5\xc0\x84\x24\xea\x2a\x46\x86\x15\xe4\xe2\x50\x55\x76\
\xec\xd8\x41\x97\x2e\x5d\x78\xfd\xf5\xd7\xb9\xf7\xde\x7b\xe5\x6e\
\x17\x8e\xa3\x7f\xff\xfe\x9a\x00\xf8\xe6\x9b\x6f\x18\x31\x62\x84\
\x84\x96\x46\x89\x3e\x0a\xc7\x2a\x7d\x18\x17\x94\x9b\x9d\x66\x9b\
\xd7\xcb\xab\x85\xf9\xc5\x0f\xe7\x81\x03\x79\xe5\x95\x57\x22\x6a\
\xe3\xdf\x7f\xff\x65\xc0\x80\x01\x64\x64\x64\x50\xa3\x46\x0d\x5a\
\xb4\x68\xc1\xc8\x91\x23\xb5\x50\x93\x9b\x13\x92\x68\x13\x85\x07\
\xfe\x42\x5d\xf8\xdf\x15\x57\x5c\x11\xf1\xf9\xfa\x4a\x56\x67\x99\
\x4c\x55\xfe\x22\x31\x02\x2d\x4d\x66\x6e\x4f\x48\xe2\x03\x5b\x3a\
\xcb\x32\x6a\xf1\x4d\x5a\x26\xcf\x27\xdb\xb8\xd6\x9a\x48\x33\x93\
\x29\xaa\x64\x4c\x2e\x97\x8b\x69\xd3\xa6\xd1\xbd\x7b\x77\x86\x0d\
\x1b\xa6\x25\xf5\xb1\xdb\xed\x4c\x9d\x3a\x95\x6b\xae\xb9\x86\x26\
\x4d\x9a\xf0\xc6\x1b\x6f\x68\x83\xbf\xcd\x60\x60\x44\x4a\x2a\x8f\
\x1e\x33\xf8\x17\x71\xa9\xc5\xca\x78\x5b\xba\x96\x86\xd4\xe9\x74\
\x72\xdf\x7d\xf7\xd1\xbf\x7f\x7f\xf2\xf3\xf3\xe5\x8e\x17\x4a\xd0\
\xa9\x53\x27\x2d\x3b\xe0\xb6\x6d\xdb\x4a\x58\x98\x84\x32\x08\x00\
\x49\xd7\x5b\x7d\x2d\x00\x5e\xe0\xc9\xc0\x2c\x0c\xa0\x5b\xb7\x6e\
\x7c\xf4\xd1\x47\x11\x29\xeb\x6d\xdb\xb6\xd1\xbe\x7d\xfb\x52\x1d\
\xce\xfa\x58\x12\x78\x28\xca\x94\x90\xfa\xf5\xff\x48\x05\x40\x56\
\x56\x96\x96\xef\xba\x86\xa2\x54\xcb\x70\x17\x23\xfe\xdc\x07\xe7\
\x18\x4d\x5c\xa3\x4b\x26\x78\xc4\xe7\x63\xa7\xcf\xcb\x4e\xaf\x97\
\x9d\x3e\x2f\x7b\xbc\x5e\xb2\x54\x1f\xf9\xaa\x4a\xbe\xaa\xe2\x50\
\x55\x0c\xf8\xc3\x12\xf3\x54\x95\xbf\x3d\x1e\x2d\x1f\xf8\x88\x11\
\x23\x78\xfb\xed\xb7\xa9\x55\xab\x16\xfb\xf6\xed\x2b\xe1\xdd\xaf\
\x1f\xdc\x9f\x4e\xb2\x51\x2b\x84\x83\x51\x6b\x93\x99\x6f\x52\x33\
\x79\xac\x20\x57\x4b\xf5\x3c\x79\xf2\x64\x56\xaf\x5e\xcd\xd4\xa9\
\x53\x39\xe7\x9c\x73\xe4\xce\x17\x00\x7f\x22\xa9\xeb\xae\xbb\x8e\
\x51\xa3\x46\x01\xc8\x92\x51\xcc\x2c\x00\xd2\x1f\xd5\x56\x00\x7c\
\xe7\xb4\x6b\xf1\xfe\x69\x69\x69\x4c\x98\x30\x01\xb3\x39\xb2\x99\
\xfa\x1d\x77\xdc\xa1\x0d\xfe\x0a\x50\x47\x31\x52\x5b\x51\x68\x6c\
\x34\xd2\xc7\x92\x40\x27\x73\x74\x05\x80\xca\x12\xfe\x07\xb0\x7e\
\xfd\x7a\x6d\xbb\x89\xd1\x24\x57\x90\x8e\x1a\x8a\x42\x0d\x45\x09\
\xdb\x2a\x73\xd8\xe7\xe3\x3d\x7b\x01\x53\x9c\x76\xed\x01\x72\x6c\
\xc8\xa1\x11\xe8\x66\xb1\x72\x5b\x42\x52\x44\x05\x97\x32\x15\x85\
\xb1\xb6\x74\xde\xb7\x17\xf0\xa1\xbd\x00\x15\xd8\xb0\x61\x03\xed\
\xdb\xb7\xe7\xd5\x57\x5f\xe5\xbe\xfb\xee\x8b\x28\xf2\x43\xa8\xba\
\x5c\x7b\xed\xb5\x25\x04\xc0\xc8\x91\x23\x65\x19\xa0\x8c\x02\xc0\
\x22\x16\x80\xb8\x20\xe6\x4f\x40\x17\x2a\x63\xec\x85\xda\xfe\xab\
\xaf\xbe\x1a\x71\x25\xba\x83\x07\x0f\x32\x77\xee\x5c\xc0\x6f\xf2\
\x9d\x91\x56\x83\x5f\xd2\x6b\x30\x29\x35\x83\x97\x92\x53\xa3\x1e\
\xfc\xa1\x6c\xe1\x7f\xc7\x0b\x00\xa3\x5c\x41\x65\xa0\xa6\xa2\xf0\
\x5c\xb2\x8d\x37\x52\xd2\xe8\x60\x32\x6b\x6a\x34\xc9\x60\xa0\xbd\
\xc9\xcc\x33\x49\xfe\xe4\x45\x6f\xa7\xa4\x45\x55\x6d\xd1\x08\xdc\
\x9f\x98\xcc\xfb\xb6\x74\xcd\x2b\xb9\xb0\xb0\x90\xa1\x43\x87\xd2\
\xbd\x7b\x77\xfe\xfd\xf7\x5f\xf9\x11\x04\x3a\x74\xe8\x40\xe3\xc6\
\x8d\x01\xbf\xcf\xc9\xd2\xa5\x4b\xa5\x53\xa2\x40\x5f\xde\x5d\x7c\
\x00\xaa\xa9\x00\x98\xed\x72\xb2\x2f\x10\xef\xdf\xb4\x69\x53\x06\
\x0f\x1e\x1c\x71\x1b\xeb\xd7\xaf\xd7\xd6\xf9\xdb\x9a\x2c\x51\xc5\
\xf9\x97\x2a\x00\xca\x60\xfe\x17\x0b\x40\xf9\xd0\xd3\x62\x65\x42\
\x6a\x06\x6b\x32\x6b\xf3\x47\x46\x2d\x96\x67\xd4\xe2\xd3\xd4\x0c\
\x6e\x4c\x48\xa4\x46\x0c\x66\xe9\x5d\xcc\x16\xbe\x49\xcb\xa0\x9d\
\x4e\x44\x2c\x58\xb0\x80\x56\xad\x5a\xf1\xfe\xfb\xef\x6b\xd7\x9a\
\x50\x3d\x29\x5a\x06\x28\xa2\x28\xb2\x45\x10\x44\x00\x44\xc8\x54\
\x5d\xc8\xdf\x63\x8f\x3d\x16\xb1\xe9\xff\xb8\x9b\x33\x96\x0a\xf5\
\x98\xf0\xbf\xcb\x2e\xbb\x2c\xe2\x36\xf4\x0e\x80\x4d\x15\xb1\x00\
\xc4\x9a\xf2\x4a\xaa\x74\xaa\x62\x64\x42\x6a\x06\xc3\x92\x52\xb4\
\xec\x87\xf9\xf9\xf9\xdc\x7b\xef\xbd\x5c\x72\xc9\x25\x61\xd7\x22\
\x17\xaa\x26\x83\x07\x0f\xd6\xac\x81\x93\x27\x4f\xe6\xe0\xc1\x83\
\xd2\x29\x91\x0e\x26\x3a\xb1\xee\x43\x44\x75\xb5\x13\x00\x79\xaa\
\xca\xaa\x80\xd3\x55\x52\x52\x12\x37\xdc\x70\x43\x54\xed\x34\x6a\
\xd4\x48\xdb\xde\xec\xf5\xc4\xec\xf3\x2d\xd3\x85\xff\x75\xea\xd4\
\x29\xe2\xf0\xbf\xe3\x2c\x00\x26\xb1\x00\xc4\xdb\xc5\x3e\x20\x21\
\x89\x69\xa9\x99\x25\xfc\x14\xe6\xcd\x9b\x47\x8b\x16\x2d\x78\xf2\
\xc9\x27\x25\x52\xa0\x9a\xd2\xb4\x69\x53\x6d\x42\xe0\x74\x3a\xf9\
\xf8\xe3\x8f\xa5\x53\x22\x9d\xac\xe9\xc4\xbb\x0c\xff\xd5\x50\x00\
\xac\xf2\xb8\x29\xca\xc2\x7e\xd1\x45\x17\x91\x9a\x9a\x1a\xb5\x00\
\x68\xd0\xa0\x01\x00\x7b\x7d\x5e\xd6\x7b\x62\x23\x02\xe6\xbb\x8a\
\xcd\xff\x7d\xfa\xf4\x89\xf8\xfc\x9c\x9c\x1c\xad\x06\x41\xa6\x41\
\x21\x53\xb2\x5d\xc5\x25\x0d\x8d\x46\x3e\x4b\xcd\xe0\x71\x9d\x35\
\xc0\xe9\x74\xf2\xda\x6b\xaf\x71\xf6\xd9\x67\xf3\xc5\x17\x5f\xc8\
\xb2\x40\x35\x44\x9f\x2b\xe2\x83\x0f\x3e\x38\x61\x24\x8a\x10\x9e\
\x05\x40\xee\x9e\x6a\x28\x00\x56\xe8\xe2\xeb\x2f\xbe\xf8\xe2\x32\
\xb5\x75\xed\xb5\xd7\x6a\xdb\xdf\xbb\xca\x5e\xe6\x55\x05\x16\xb8\
\xcb\x26\x00\xf4\x66\xe2\xc6\xe2\x00\x18\xf7\x17\xfe\x2d\x09\x49\
\x7c\x9b\x9a\x49\x57\x73\x71\x2c\xe3\x9e\x3d\x7b\xb8\xe9\xa6\x9b\
\xe8\xd2\xa5\x4b\x89\x84\x4f\x42\xd5\xa7\x57\xaf\x5e\x9c\x7e\xfa\
\xe9\x00\xec\xd8\xb1\x83\x49\x93\x26\x49\xa7\x88\x05\x40\x04\x40\
\xb8\x6c\xf7\x15\x57\x61\xeb\xd0\xa1\x43\x99\xda\xea\xdf\xbf\xbf\
\xb6\xbd\xd8\x5d\xf6\x3c\xf3\xeb\x3d\x1e\x0e\x04\x6a\xc7\x9f\x7e\
\xfa\xe9\x34\x6f\xde\x3c\xe2\x36\xf4\x21\x6a\xa7\xca\xfa\x7f\x95\
\xe0\x34\xa3\x91\xf7\x6d\x69\x8c\xb1\xa5\xd3\x48\x27\xea\x16\x2d\
\x5a\x44\xbb\x76\xed\xb8\xee\xba\xeb\xd8\xb0\x61\x83\x74\x54\x35\
\x99\xc1\x3e\xfa\xe8\xa3\xda\xfe\x8b\x2f\xbe\x28\x56\x80\x08\x30\
\xea\xee\x1f\xaf\x28\x80\xea\x27\x00\x0e\x05\x06\x58\x80\x7a\xf5\
\xea\x9d\xf0\x98\x19\x33\x66\x68\x21\x7e\xc1\x68\xd3\xa6\x0d\xe9\
\xe9\xe9\x00\xfc\xeb\xf5\x90\xad\xfa\xca\xf4\xd9\xe6\x97\x71\xf6\
\x7f\xac\x00\xa8\x63\x14\xf3\x7f\x55\xa2\x8b\xd9\xc2\x77\x69\x99\
\x3c\x9c\x94\xa2\x65\x35\x54\x55\x95\xaf\xbf\xfe\x9a\x73\xcf\x3d\
\x97\x81\x03\x07\xb2\x75\xeb\x56\xe9\xa8\x2a\xce\xe0\xc1\x83\x69\
\xd8\xb0\x21\x00\x5b\xb7\x6e\xe5\x8b\x2f\xbe\x90\x4e\x09\x93\x94\
\x94\x14\x6d\xbb\x50\x96\xd0\xaa\x9f\x00\x38\xa2\x13\x00\xa7\x9c\
\x72\xca\x71\xef\x7f\xf2\xc9\x27\x5c\x79\xe5\x95\x5c\x72\xc9\x25\
\xfc\xfa\xeb\xaf\x21\xd5\x78\x51\x46\x2e\x15\xd8\x52\x86\x1a\xef\
\x2a\x30\x4b\xb7\x8c\x10\x0b\x01\x70\x8a\x58\x00\xaa\x1c\x66\x0c\
\xdc\x9e\x90\xc4\xac\xb4\x1a\xf4\xb3\x26\x6a\xa9\x86\xbd\x5e\x2f\
\x13\x27\x4e\xe4\x9c\x73\xce\x61\xc8\x90\x21\x6c\xdb\xb6\x4d\x3a\
\xab\xaa\x5e\x03\x66\x33\x4f\x3c\xf1\x84\xb6\xff\xd2\x4b\x2f\xe1\
\x76\xbb\xa5\x63\x22\x15\x00\xb2\x08\x50\x0d\x05\x40\x60\x96\x6e\
\xb5\x5a\xb5\xd9\xbb\x9e\x6f\xbe\xf9\x46\xdb\xce\xce\xce\x0e\xd9\
\x9e\x3e\x1a\xe0\xa0\x2f\x7a\x01\xb0\xd2\xe3\x66\x47\x40\x40\xd4\
\xaf\x5f\x3f\x6a\xff\x84\x9d\x3b\x77\x6a\xdb\xb2\x04\x50\x75\xa9\
\xad\x28\xbc\x90\x6c\xe3\xc7\xf4\x1a\x5c\xab\x13\x02\x6e\xb7\x9b\
\x8f\x3e\xfa\x88\xa6\x4d\x9b\xd2\xa7\x4f\x1f\x16\x2f\x5e\x2c\x9d\
\x55\x05\xb9\xed\xb6\xdb\x34\x27\xe4\x7f\xfe\xf9\x87\x77\xdf\x7d\
\x57\x3a\x45\x2c\x00\x22\x00\x82\x91\xa7\xaa\x38\x03\x3f\x7a\xad\
\x5a\xb5\x4e\x98\x4a\x73\xc9\x92\x25\xda\xec\xbe\x6b\xd7\xae\x21\
\xdb\xd4\x2f\x23\x1c\xf4\x45\xbf\x04\x30\x3d\x90\x6a\x16\x60\xd0\
\xa0\x41\x25\xd6\xaa\x22\x61\xf7\xee\xdd\x3a\x0b\x80\x2c\x01\x54\
\x75\xea\x29\x46\x86\x27\xdb\xf8\x36\x2d\x93\x9e\x96\xe2\xf2\x26\
\x3e\x9f\x8f\x99\x33\x67\xd2\xb9\x73\x67\x3a\x77\xee\xcc\xb4\x69\
\xd3\xf0\xf9\x7c\xd2\x61\x55\x04\xab\xd5\xca\x4b\x2f\xbd\xa4\xed\
\x0f\x1f\x3e\x9c\xfd\xfb\xf7\x4b\xc7\x84\xc0\x66\xb3\x89\x00\xa8\
\xae\x02\x40\xbf\x46\x5f\xab\x56\xad\xe3\xde\xdf\xb5\x6b\x97\x36\
\xeb\x6f\xdc\xb8\x31\x99\x99\x99\x11\x29\x4a\x47\x19\x2e\xa8\x65\
\x3a\x13\xde\x80\x01\x03\xa2\x6e\xa7\x84\x0f\x80\x08\x80\x6a\x43\
\x13\xa3\x89\x37\x52\xd2\x98\x9a\x96\x49\x2f\x4b\x42\x89\x2a\x84\
\x8b\x17\x2f\xa6\x5f\xbf\x7e\x9c\x75\xd6\x59\x8c\x1a\x35\x4a\x12\
\xc8\x54\x11\x06\x0c\x18\x40\xa7\x4e\x9d\x00\xc8\xcd\xcd\x65\xf8\
\xf0\xe1\xd2\x29\x11\x3c\xaf\x0b\x44\x00\x54\x2f\x01\xe0\xd3\xfd\
\xde\xa6\x13\x24\xc8\xf9\xeb\xaf\xbf\xb4\xed\x16\x2d\x5a\x84\xd5\
\xa6\x3e\x29\x4b\x52\x94\x19\xe2\xf2\x54\x95\xbd\xbe\xe2\xe2\x3f\
\x67\x9e\x79\x66\x54\xed\x78\xbd\x5e\xf6\xee\xdd\x0b\x40\xa2\xc1\
\x50\x2d\xab\x00\x56\x77\xce\x32\x9a\x18\x99\x92\xca\x4f\xe9\x35\
\xb8\x25\x21\x89\x14\xdd\x35\xb9\x65\xcb\x16\x1e\x7b\xec\x31\x1a\
\x34\x68\xc0\x35\xd7\x5c\xc3\x4f\x3f\xfd\x24\x56\x81\x38\xc6\x60\
\x30\xf0\xe6\x9b\x6f\x6a\x96\xcc\x8f\x3e\xfa\x88\x15\x2b\x56\x48\
\xc7\x04\x41\x9f\xf7\x25\x4f\x95\x6b\xbf\x5a\x09\x80\x50\xe8\x53\
\xe8\x9e\x7b\xee\xb9\x61\x9d\x53\x50\x50\x50\x66\x01\x70\x54\xf7\
\x10\x2e\x5a\xd7\x8b\xaa\x9d\xa3\x47\xb5\x90\xa0\x9a\x32\xf8\x57\
\x6b\x4e\x55\x8c\x3c\x9e\x94\xc2\xdc\xf4\x9a\x3c\x96\x94\x42\x5d\
\x9d\x3f\x88\xcb\xe5\x62\xea\xd4\xa9\x5c\x71\xc5\x15\x34\x6e\xdc\
\x98\xe1\xc3\x87\xb3\x79\xf3\x66\xe9\xb4\x38\xe4\xfc\xf3\xcf\xe7\
\xa6\x9b\x6e\xd2\x26\x00\xb7\xdf\x7e\xbb\x38\x04\x06\x41\xef\xf8\
\x7d\x58\xc4\x6f\xf5\x12\x00\xfa\xe1\xf9\x44\x59\xd4\xb6\x6f\xdf\
\xae\x6d\x87\x3b\x0b\x3f\x74\xe8\x90\xb6\x9d\x12\xe5\xa0\xab\x18\
\x4a\xaa\xfa\x68\xc9\xcd\xcd\xd5\xb6\x6d\x8a\x54\xba\x12\x20\xc5\
\x60\x60\x50\x42\x12\xb3\xd3\x6b\xf0\x6e\x4a\x1a\x17\x9b\xad\x25\
\x96\x07\x76\xee\xdc\xc9\xf3\xcf\x3f\xcf\x59\x67\x9d\x45\xdb\xb6\
\x6d\x79\xed\xb5\xd7\xa4\x02\x61\x9c\xf1\xe6\x9b\x6f\x6a\x4b\x9a\
\x6b\xd7\xae\x2d\xe1\x1b\x20\x94\xa4\x6e\xdd\xba\xda\xf6\x41\x11\
\x00\xd5\x4c\x00\x18\x82\x0b\x00\xbd\x13\x4d\x9d\x3a\x75\xc2\x6a\
\x53\x9f\x77\xbf\x51\x94\x8e\x7b\x36\xdd\x07\x0b\x27\xf2\x20\x1c\
\x01\x90\x2c\x16\x00\x41\x87\x11\xe8\x66\xb1\xf2\x9e\x2d\x8d\x39\
\xe9\x35\x19\x9a\x98\x4c\x83\x63\xa2\x44\xfe\xfc\xf3\x4f\x9e\x7c\
\xf2\x49\x9a\x34\x69\x42\x87\x0e\x1d\x18\x39\x72\x24\x9b\x36\x6d\
\x92\xce\xab\xe4\xd4\xac\x59\x93\x51\xa3\x46\x69\xfb\x2f\xbe\xf8\
\xa2\x64\x88\x0c\xd2\x57\x45\xc5\xdf\x0e\xcb\x12\x40\xf5\x12\x00\
\xfa\x86\x4e\x94\x3d\x4b\x3f\x9b\x3f\x91\x93\xe0\xb1\x38\x1c\x0e\
\xd6\xac\x59\x03\x80\x09\x68\xac\x44\x2b\x00\x8a\x3f\x59\x4e\x4e\
\x4e\xd4\xdf\x2f\x2f\x2f\xaf\x58\x00\x20\x16\x00\xe1\xc4\xd4\x56\
\x14\xee\x48\x4c\xe6\xc7\xf4\x1a\x7c\x62\x4b\xa7\x9f\x35\x91\xb4\
\x63\x04\xe3\x8a\x15\x2b\x78\xfc\xf1\xc7\x39\xfb\xec\xb3\x69\xd2\
\xa4\x09\x0f\x3c\xf0\x00\x3f\xfd\xf4\x13\x0e\x87\x43\x3a\xb0\x92\
\xe1\xf5\x7a\x4b\xf8\x2f\xa9\xaa\xca\x2d\xb7\xdc\x82\xcb\xe5\x92\
\xce\x39\x76\x0c\x50\x14\x6d\x72\xe7\x50\x55\xf2\xc4\x11\xb0\xfa\
\x08\x80\x54\xdd\x43\x2e\x2b\x2b\xeb\xb8\xf7\x0b\x0b\x0b\xb5\x6d\
\xbd\xb7\x68\x69\x2c\x59\xb2\x44\x7b\x20\xb6\x30\x99\xb1\x46\x69\
\xbe\x37\x52\x5c\x62\x36\x2b\x2b\x2b\x26\x6b\x78\x06\x19\xff\x85\
\x50\xd7\x08\xd0\xd1\x6c\xe1\x85\x64\x1b\xbf\x65\xd4\x64\x8c\x2d\
\x9d\x2b\xad\x09\x25\x2c\x52\x00\xff\xfe\xfb\x2f\xef\xbc\xf3\x0e\
\x57\x5c\x71\x05\x35\x6a\xd4\xa0\x4f\x9f\x3e\xbc\xf9\xe6\x9b\xac\
\x5a\xb5\x0a\x6f\x19\x92\x5f\x09\x65\x67\xcb\x96\x2d\x5c\x76\xd9\
\x65\x25\x2c\x00\xe0\x77\x68\x7e\xfa\xe9\xa7\xa5\x83\x4e\x80\x7e\
\x19\xe0\x90\x4f\xae\xdf\x6a\x23\x00\x52\x0c\x06\x6d\xfd\xf3\xe8\
\xd1\xa3\xc7\xbd\xaf\x1f\x78\x2d\x16\x4b\xc8\xf6\xf4\x49\x83\xce\
\x33\x5b\xca\xf4\xd9\x8a\xcc\xb1\x1e\x8f\x27\xea\x74\xae\xfa\xdc\
\x01\x3e\x51\xb6\x42\x04\x98\xf0\xa7\x1a\x7e\x25\x39\x95\xdf\x32\
\x6a\xf2\x6e\x4a\x1a\xfd\xac\x89\xd4\x3a\x26\x94\xb4\xb0\xb0\x90\
\x99\x33\x67\xf2\xf0\xc3\x0f\xd3\xae\x5d\x3b\x4d\x10\x8c\x1a\x35\
\x8a\xe5\xcb\x97\x8b\x03\x5a\x05\xb1\x63\xc7\x0e\x1e\x78\xe0\x01\
\x5a\xb4\x68\xc1\xbc\x79\xf3\xb4\xd7\x7b\xf4\xe8\xa1\x6d\xbf\xfe\
\xfa\xeb\xcc\x9a\x35\x4b\x3a\x2b\x88\x00\xd8\x2f\x7e\x00\x71\xf1\
\x6c\x8a\xd9\x8c\x27\xd5\xa0\x90\xa5\xfa\xc8\xcf\xcf\xc7\xe5\x72\
\x95\x18\xe8\xf5\xcb\x02\x45\xeb\x44\xa5\xe1\x74\x3a\x99\x32\x65\
\x8a\xb6\x7f\x85\xc5\x5a\xa6\xcf\xd6\xd8\x68\x62\xa3\xd7\xff\xf7\
\x37\x6d\xda\xc4\xd9\x67\x9f\x5d\x26\x01\x20\xe5\x41\x84\x68\xb1\
\x60\xa0\x9b\xc5\x4a\x37\x8b\x15\x15\x1b\x1b\x3c\x1e\x7e\x73\x3b\
\xf9\xcd\xed\x62\x9d\xae\x9c\x36\xf8\x97\xac\x66\xce\x9c\xc9\xcc\
\x99\x33\x01\x48\x48\x48\xa0\x75\xeb\xd6\x74\xec\xd8\x91\x0e\x1d\
\x3a\xd0\xa1\x43\x07\xce\x3c\xf3\xcc\x32\x39\xb7\x0a\x7e\x36\x6e\
\xdc\xc8\xec\xd9\xb3\x99\x31\x63\x06\xf3\xe7\xcf\x2f\x11\xc2\x99\
\x90\x90\xc0\xa8\x51\xa3\xb8\xf7\xde\x7b\xb9\xe5\x96\x5b\xf8\xec\
\xb3\xcf\x50\x55\x95\xc1\x83\x07\xf3\xe7\x9f\x7f\x86\xed\xd3\x54\
\x1d\x38\xe3\x8c\x33\xb4\xed\x6d\x5e\x2f\x17\x98\xa5\x4f\xaa\x85\
\x00\x00\x48\x53\x0c\x64\x05\x9e\x60\x59\x59\x59\x25\xc2\x42\xf4\
\xb5\xa2\x43\x55\xd8\x9a\x38\x71\x22\x47\x8e\x1c\x01\xe0\x1c\xa3\
\x89\xa6\xc6\xb2\x7d\x4c\xbd\x03\x61\xb4\x8e\x57\x7a\xbf\x85\x23\
\xa2\x6c\x85\x18\x89\xe6\x66\x26\x13\xcd\x4c\x26\xee\x4a\x4c\x26\
\x4b\xf5\xf1\x87\xdb\xcd\x72\x8f\x8b\xe5\x6e\x37\x5b\xbd\x9e\x12\
\x19\xd5\x1d\x0e\x07\xcb\x96\x2d\x63\xd9\xb2\x65\xc5\xf7\x5c\x5a\
\x1a\x2d\x5b\xb6\xa4\x79\xf3\xe6\x9c\x7b\xee\xb9\xda\xff\xe1\x24\
\xda\xaa\x8e\x1c\x3a\x74\x88\x4d\x9b\x36\xb1\x79\xf3\x66\xd6\xaf\
\x5f\xcf\xda\xb5\x6b\x59\xb1\x62\xc5\x09\x97\x2d\xc1\x5f\x37\xe4\
\x8d\x37\xde\xa0\x69\xd3\xa6\x00\xbc\xff\xfe\xfb\xfc\xfe\xfb\xef\
\x6c\xda\xb4\x89\xfd\xfb\xf7\xd3\xaf\x5f\x3f\x7e\xfd\xf5\xd7\xb0\
\xac\x9a\xd5\x01\xfd\xe4\x6a\x9b\x57\xa6\x4a\xd5\x4b\x00\x18\x14\
\x08\xcc\x61\x8e\x1c\x39\x52\x42\x00\xe8\xd3\x44\xea\x1d\xea\x8e\
\xc5\xe3\xf1\x94\x58\x73\x1b\x90\x90\x54\xe6\xcf\x15\x0b\x01\x50\
\xbf\x7e\x7d\x0c\x06\x03\xaa\xaa\x6a\x65\x85\x05\x21\x96\x64\x18\
\x14\x7a\x5a\xac\xf4\x0c\x58\xbc\x8e\xaa\x3e\x56\x06\x04\xc1\x2a\
\xb7\x9b\x7f\xbc\x9e\xe3\xac\x4f\x39\x39\x39\x2c\x5c\xb8\x90\x85\
\x0b\x17\x96\x78\xbd\x6e\xdd\xba\x9c\x79\xe6\x99\x34\x6d\xda\x94\
\xa6\x4d\x9b\xd2\xa4\x49\x13\xed\x7f\x7d\xc2\x96\xaa\x86\xc3\xe1\
\x60\xfb\xf6\xed\xec\xd8\xb1\x43\xfb\x7f\xc7\x8e\x1d\x6c\xd9\xb2\
\x85\xcd\x9b\x37\x87\x15\x09\x94\x98\x98\xc8\x55\x57\x5d\xc5\x43\
\x0f\x3d\x44\xfb\xf6\xed\x4b\xbc\x97\x9c\x9c\xcc\xa4\x49\x93\xe8\
\xdc\xb9\x33\x0e\x87\x83\x25\x4b\x96\xf0\xe8\xa3\x8f\x32\x7a\xf4\
\x68\xb9\x80\x81\x73\xce\x39\x47\xdb\xde\x2a\x3e\x00\xd5\x4b\x00\
\xe8\xd7\x34\xf7\xec\xd9\x43\xb3\x66\xcd\xb4\x7d\xbd\xe3\x9f\x3e\
\xc3\xdf\xb1\x7c\xf0\xc1\x07\xda\x20\x7d\x8a\xa2\xd0\xcb\x6a\x2d\
\xf3\xe7\x6a\xac\x14\x7f\xcd\x68\x93\xb2\x58\xad\x56\xea\xd5\xab\
\xc7\xee\xdd\xbb\xc9\x52\x7d\xec\xf6\x79\xa9\x2f\x05\x81\x84\x72\
\x24\xd3\xa0\x70\xa9\xc5\xca\xa5\x01\x41\xe0\x54\x55\x36\x78\x3d\
\xac\xf3\x78\x58\xe7\x71\xb3\xce\xeb\x66\xbb\xd7\x7b\xc2\xba\x6b\
\xfb\xf6\xed\x63\xdf\xbe\x7d\x2c\x58\xb0\xe0\x78\xa1\x9e\x96\x46\
\xfd\xfa\xf5\x69\xd0\xa0\x01\xf5\xea\xd5\xa3\x7e\xfd\xfa\xd4\xab\
\x57\x8f\xda\xb5\x6b\x53\xb3\x66\x4d\x6a\xd6\xac\x49\xad\x5a\xb5\
\x2a\x8d\x15\x21\x2f\x2f\x8f\x9c\x9c\x1c\xb2\xb3\xb3\x39\x74\xe8\
\x10\x7b\xf7\xee\xe5\xd0\xa1\x43\xec\xdb\xb7\x8f\xfd\xfb\xf7\x73\
\xf0\xe0\x41\xf6\xee\xdd\xcb\x81\x03\x07\x38\x70\xe0\x40\x99\xfe\
\x96\xa2\x28\xac\x5d\xbb\x56\x9b\xf1\x9f\x88\x76\xed\xda\x31\x76\
\xec\x58\x06\x0e\x1c\x08\xc0\x3b\xef\xbc\x43\x9b\x36\x6d\xb8\xf5\
\xd6\x5b\x45\x00\xe8\x04\xc0\xbf\x62\x01\xa8\x5e\x02\x40\x9f\x1f\
\x5f\x9f\x37\xff\x58\x0b\x40\x69\xe1\x78\x87\x0e\x1d\xe2\xb9\xe7\
\x9e\xd3\xf6\xef\x4d\x4c\xc6\x1c\x83\x90\xbb\xfa\xc6\xe2\xcf\xa5\
\xaf\xe8\x17\x29\x97\x5d\x76\x19\x1f\x7f\xfc\x31\x00\xf3\x5d\x2e\
\x6e\x4e\x48\x94\x2b\x48\xa8\x30\xac\x06\x03\xad\x4d\x66\x5a\x9b\
\xcc\x80\xff\xda\x2b\x54\x55\xb6\x78\x3d\x6c\xf6\x7a\xd8\xe2\xf5\
\xf2\x4f\x60\xfb\x68\x10\x2b\x55\x4e\x4e\x0e\x39\x39\x39\x25\xb2\
\x73\x9e\xf0\xe1\x60\x32\x91\x99\x99\x89\xcd\x66\x23\x3d\x3d\x9d\
\xb4\xb4\x34\x6c\x36\x1b\xa9\xa9\xa9\x24\x26\x26\x6a\x33\xe2\x22\
\xf3\xb7\xd1\x68\x2c\x61\x5d\x48\x49\x49\xc1\x6c\x36\xe3\xf3\xf9\
\xb4\x7b\xde\xe3\xf1\x68\x16\x40\x97\xcb\xa5\x65\xfb\x74\x38\x1c\
\xe4\xe5\xe5\x91\x9d\x9d\xad\x0d\xf6\x45\xff\x62\x95\x52\xd9\x00\
\xd4\x51\x8c\x34\x34\x1a\x69\xa4\x18\x39\xdd\x68\xe2\x0c\xa3\x91\
\x33\x4d\x26\x9e\x29\xc8\xe3\x57\x97\x13\x9f\xcf\xc7\xa4\x49\x93\
\x4a\x3c\x87\x4e\xc4\x80\x01\x03\x58\xba\x74\x29\x63\xc6\x8c\xf1\
\x3f\xab\xee\xbd\x97\x66\xcd\x9a\x69\xf5\x03\xaa\xad\x15\x2b\x23\
\x83\x3a\x75\xea\xb0\x7f\xff\x7e\x0e\xfb\x7c\xe4\xaa\x2a\xa9\xe2\
\xa3\x52\x3d\x04\xc0\x29\xba\x19\xf1\xb1\x02\xe0\xd4\x53\x4f\x2d\
\xf5\xbd\x22\x86\x0c\x19\xa2\x45\x10\x34\x37\x99\xb8\xca\x1a\x9b\
\x01\x36\xcd\xa0\x90\x60\x30\xe0\x50\x55\xf6\xee\xdd\x8b\xd7\xeb\
\x8d\xaa\x22\x60\x9f\x3e\x7d\x34\x01\x30\xc3\x65\x17\x01\x20\x9c\
\x74\x92\x0c\x06\x5a\x9a\xcc\xb4\x34\x95\xf4\xb6\xca\x56\x7d\xec\
\xf4\x7a\xd9\xe5\xf3\x6a\xff\xef\xf0\x7a\xd9\xe3\xf3\x72\xd8\xe7\
\x0b\xab\x5a\xbb\xc7\xe3\xe1\xe0\xc1\x83\x71\x55\xe0\x28\xcd\xa0\
\x70\xaa\xa2\x70\xaa\xd1\x48\x3d\xc5\xc8\xa9\x8a\x42\x3d\xc5\x48\
\x3d\xa3\x91\x86\x8a\x91\x84\x52\x06\xa3\xfe\xd6\x44\x7e\x75\x39\
\x01\x78\xef\xbd\xf7\x78\xf0\xc1\x07\x49\x4b\x4b\x0b\xfa\xb7\xde\
\x7e\xfb\x6d\xd6\xad\x5b\xc7\xc2\x85\x0b\xb1\xdb\xed\xf4\xee\xdd\
\x9b\xa5\x4b\x97\x06\xb5\x1e\x54\x07\xce\x3e\xfb\x6c\x2d\xf1\xdb\
\x16\xaf\x87\xb6\x26\xf1\x04\xac\x76\x16\x00\x7d\xe9\x5c\x80\x86\
\x0d\x1b\x6a\xdb\x3b\x76\xec\x38\xee\xdc\x71\xe3\xc6\x31\x7d\xfa\
\x74\xed\x43\xfd\x37\xc9\x16\xd3\x42\x05\x75\x14\x85\xed\x5e\x2f\
\x1e\x8f\x87\x03\x07\x0e\x94\x10\x24\xe1\x72\xf9\xe5\x97\x93\x91\
\x91\x41\x56\x56\x16\x7f\x7b\x3c\xec\xf0\x7a\x69\x68\x94\x65\x00\
\xa1\xf2\x91\x6e\x50\x48\x37\x29\xb4\xe4\xf8\x87\xaf\x07\x38\xe8\
\xf3\x72\xc0\xe7\x63\x9f\xcf\xcb\x21\x9f\x8f\xfd\x3e\x1f\xd9\xaa\
\x8f\x2c\x9f\x8f\x2c\x55\xe5\x88\xcf\x47\x96\xea\x2b\x53\x15\xce\
\x58\x09\x1c\x9b\xc1\x40\x8a\x41\xc1\x66\x30\x90\xa1\x28\xd4\x34\
\x28\xd4\x54\x14\x6a\x18\x14\x6a\x29\x0a\x35\x14\xff\x7e\xad\x80\
\xd0\x8f\x86\xf3\xcd\x16\xce\x0e\x44\x0b\x1d\x3a\x74\x88\x97\x5f\
\x7e\x99\xff\xfd\xef\x7f\x41\xcf\x31\x9b\xcd\x4c\x99\x32\x85\xf3\
\xcf\x3f\x9f\xed\xdb\xb7\x73\xf8\xf0\x61\xfa\xf4\xe9\xc3\x92\x25\
\x4b\xc8\xc8\xc8\xa8\xb6\xd7\x5e\xdb\xb6\x6d\x99\x3f\x7f\x3e\x00\
\x7f\x7a\xdc\x22\x00\xaa\x8f\x00\x28\xdd\x02\xd0\xa8\x51\x23\x6d\
\x5b\x5f\x17\x00\x60\xd1\xa2\x45\x0c\x1d\x3a\x54\xdb\xbf\x3b\x31\
\x99\x16\x31\xbe\x68\x12\x74\x4b\x09\xd1\x66\xf1\x4a\x48\x48\xa0\
\x6f\xdf\xbe\x7c\xf2\xc9\x27\x00\x2c\x70\x3b\x19\x68\x4c\x92\xab\
\x48\x88\xbb\x9b\xfe\x54\xc5\xc8\xa9\x8a\x91\x36\x04\xbf\xcf\x5c\
\xa8\xe4\xab\x2a\x05\xaa\x4a\xae\x4f\xa5\x40\xf5\x91\xaf\xaa\x14\
\x65\x24\xc8\xd5\xa5\x7c\x75\xaa\xe0\xd4\xd9\x16\x72\x75\x96\x86\
\x54\x45\xd1\xee\xc0\x22\x93\xb0\x81\xe2\x4c\x9d\x46\xfc\xb9\x44\
\x6c\x06\x85\x34\xc5\xa0\x6d\x57\x94\xbc\x36\x00\x8f\x25\xa5\x70\
\x7b\x5e\x36\x00\xa3\x47\x8f\xe6\xae\xbb\xee\xe2\xf4\xd3\x4f\x0f\
\xfe\xcc\xab\x53\x87\x99\x33\x67\xd2\xb9\x73\x67\xb2\xb3\xb3\xd9\
\xb8\x71\x23\x57\x5d\x75\x15\xb3\x67\xcf\xc6\x1a\x03\xff\xa5\x78\
\xe4\xc2\x0b\x2f\xe4\x8d\x37\xde\xd0\x04\x80\x50\x4d\x04\x40\x5d\
\x9d\x05\xe0\xd8\x41\x5e\x7f\x23\x7d\xf3\xcd\x37\x5c\x7a\xe9\xa5\
\x34\x6b\xd6\x8c\x1f\x7e\xf8\x81\x97\x5f\x7e\x59\xcb\xfa\xd7\xd6\
\x64\x66\x48\x62\x72\xb9\xdc\xe0\xb1\xe0\x8a\x2b\xae\xd0\x04\xc0\
\x2a\x8f\x9b\x81\x72\x0d\x09\x55\x18\x0b\x06\x32\x0d\x06\x32\x0d\
\x54\x60\xed\xd0\x93\xc3\x79\x66\x0b\x17\x9b\xad\xcc\x77\x3b\x71\
\x3a\x9d\x3c\xf6\xd8\x63\x4c\x9d\x3a\x35\xe4\x79\xcd\x9b\x37\xe7\
\xbb\xef\xbe\xe3\xb2\xcb\x2e\xc3\xe5\x72\xb1\x60\xc1\x02\xae\xbb\
\xee\x3a\xa6\x4e\x9d\x7a\xc2\xd2\xe8\x55\x9d\xce\x9d\x3b\x6b\x11\
\x53\x7f\xba\xdd\xa8\x31\x7c\xfe\x0a\xb1\x25\xa6\xb7\x74\x1d\xc5\
\xa8\xa5\xdd\xdd\xb2\x65\x4b\x89\x02\x3a\x5b\xb6\x6c\xd1\x12\x96\
\x14\x16\x16\x32\x60\xc0\x00\xda\xb5\x6b\xc7\xb3\xcf\x3e\xab\x0d\
\xfe\xa7\x19\x8d\xbc\x99\x92\x56\x2e\xaa\xdf\xa1\x9b\x99\x94\x45\
\x99\x77\xec\xd8\x51\xdb\xde\xe8\x11\x2f\x57\x41\xa8\x4a\x3c\x9a\
\x94\xa2\xcd\x8a\xa6\x4d\x9b\xc6\xa4\x49\x93\xc2\x3a\xaf\x6b\xd7\
\xae\x7c\xf8\xe1\x87\xda\x33\x6e\xc6\x8c\x19\x0c\x1e\x3c\xf8\x84\
\x85\xd1\xaa\x3a\xb5\x6b\xd7\xd6\x2a\xbe\x66\xab\x3e\x89\x06\xa8\
\xe4\x02\xa0\xd4\x2b\x34\xd2\x4b\xd7\x00\xb4\x0a\x98\xee\xbd\x5e\
\x2f\x13\x26\x4c\x60\xdf\xbe\x7d\x3c\xf0\xc0\x03\xdc\x70\xc3\x0d\
\x41\x6f\x86\xf3\xcc\x16\x3e\xb7\x65\x50\x53\x89\xfd\x34\x43\x05\
\xf6\x05\x3c\x89\xcd\x66\x73\x89\xfc\x04\x91\xd2\xb0\x61\x43\x2d\
\xa9\x51\xae\xa4\x04\x16\x84\x2a\x45\x63\xa3\x91\x5b\x13\x8b\x97\
\xf5\xee\xbd\xf7\xde\xe3\xac\x99\xa5\x31\x68\xd0\x20\xde\x7e\xfb\
\x6d\x6d\xff\xd3\x4f\x3f\xe5\xfe\xfb\xef\xaf\x96\xfd\xd8\xb9\x73\
\x67\x6d\x7b\x95\x2c\x03\x9c\x34\x42\xc4\xcf\xf8\x14\x82\x64\xb6\
\xf5\x46\x31\xbe\xfd\xc7\x9a\xa0\x6d\x0f\x1d\x3a\x94\x53\x4f\x3d\
\x95\x77\xde\x79\x47\x1b\xfc\xcf\x31\x9a\x78\x26\xc9\xc6\xff\x59\
\x12\xe8\x60\x32\x73\xbd\x35\x91\x0f\x6d\xe9\x8c\xb7\xa5\x53\x43\
\x29\x1f\x1b\xe3\x4e\xaf\x57\x73\x66\x6a\xd4\xa8\x51\x89\xac\x84\
\x91\xe2\x76\xbb\x35\x95\xaf\x22\x02\x40\x10\xaa\x1a\xf7\x26\x26\
\xd3\x3c\x60\xba\xcf\xc9\xc9\x61\xc0\x80\x01\x61\x17\x66\xba\xff\
\xfe\xfb\x79\xea\xa9\xa7\xb4\xfd\xf7\xde\x7b\x8f\x47\x1f\x7d\xb4\
\xda\xf5\xe1\x85\x17\x5e\xa8\x6d\x2f\x97\x1a\x16\x27\x0d\x4f\xf0\
\x21\xca\x63\x0a\x08\x80\x13\x7a\x02\x45\x93\xc7\xe9\xff\x2c\x09\
\x4c\x35\xd9\x59\x7e\x8c\xea\x33\x00\x7d\xad\x09\x3c\x93\x64\x23\
\xc1\x60\xe0\x46\x2a\x2e\x84\x6e\xa9\xa7\xd8\xe9\xef\xfc\xf3\xcf\
\x8f\xf8\xfc\x25\x4b\x96\x30\x6f\xde\x3c\xec\x76\x3b\x3b\x76\xec\
\xd0\x1e\x06\xa7\x19\x4d\x72\x85\x09\x42\x15\xc3\x8c\x81\x11\xc9\
\x69\x5c\x9b\x7b\x14\xbb\xaa\xb2\x68\xd1\x22\x86\x0f\x1f\xce\x8b\
\x2f\xbe\x18\xd6\xf9\x2f\xbf\xfc\x32\x85\x85\x85\xbc\xf5\xd6\x5b\
\x80\xbf\x70\x90\xc1\x60\x60\xe4\xc8\x91\xd5\xa6\x0f\xbb\x77\xef\
\xae\xf9\x01\xfc\xe6\x76\xe2\x46\x8d\x49\x4e\x17\x21\x32\xbc\xc1\
\x27\xa9\x9a\x00\x38\xf1\xbb\x51\xcc\x70\x15\x60\x8c\x2d\x9d\xd1\
\xf6\x02\x7e\x76\x39\x30\x60\xa0\xa3\xd9\xcc\x35\xd6\xc4\x93\x12\
\x0e\xa2\x02\x53\x9d\x76\x6d\xbf\x67\xcf\x9e\x61\x9f\x7b\xe0\xc0\
\x01\xae\xbf\xfe\xfa\x13\x66\x53\x03\xe8\xa7\xb3\x76\x08\x82\x50\
\x75\x68\x6c\x34\xf2\x44\x52\x0a\xc3\x0b\xf2\xb4\x41\xbd\x79\xf3\
\xe6\xdc\x70\xc3\x0d\x61\x9d\xff\xc6\x1b\x6f\xe0\x70\x38\xf8\xe0\
\x83\x0f\x00\xb4\xf4\xe6\xd5\x45\x04\x34\x6c\xd8\x90\xf6\xed\xdb\
\xb3\x7c\xf9\x72\xf2\x54\x95\xa5\x6e\x37\x5d\xcc\x52\x2f\xa1\xe2\
\x05\x40\x70\x0b\x80\x11\x78\x1c\x38\xe1\x48\xd6\xc8\x68\xa2\x97\
\x25\xf2\x41\xce\x6c\x30\xd0\xd9\x6c\xe1\x96\x84\x24\x06\x26\x24\
\xd1\xc3\x62\xa5\xee\x49\x4a\x9b\xfb\xad\xd3\xc1\x94\x80\x00\xc8\
\xcc\xcc\x64\xdc\xb8\x71\x21\xab\x11\x02\xd8\xed\x76\x3a\x76\xec\
\xc8\xaa\x55\xab\x4e\x28\x72\x6e\x48\x48\xe4\xae\xc4\x64\xd1\xb4\
\x82\x50\x45\x69\x6e\x32\xb3\xcb\xeb\x65\x73\xc0\x89\xed\x87\x1f\
\x7e\xe0\xb2\xcb\x2e\xa3\x5e\xbd\x7a\x21\xcf\x35\x18\x0c\xf4\xea\
\xd5\x8b\x5d\xbb\x76\xb1\x7a\xf5\x6a\xc0\x6f\x49\x2c\x28\x28\xe0\
\xd2\x4b\x2f\xad\x16\x15\x1c\x8f\x1e\x3d\xca\x9c\x39\x73\x00\xb0\
\x18\xa0\xbb\xc5\x2a\x17\x55\x05\x33\xd3\xe9\x64\x7b\xe9\x35\x19\
\x0a\x42\xf8\x00\xc4\xf7\x1a\x77\xbe\xaa\xf2\x46\x61\x71\xdd\x81\
\x61\xc3\x86\x69\x29\x4c\x43\x31\x66\xcc\x18\xfe\xf9\xe7\x1f\xc0\
\x9f\x8c\x64\x70\x42\x12\xff\x4d\xb6\xf1\x42\xb2\x8d\xe9\x69\x99\
\x3c\x93\x64\x93\xc1\x5f\x10\xaa\x38\xcf\x27\xdb\x34\xc7\x66\xbb\
\xdd\x4e\xdf\xbe\x7d\xd9\xb3\x67\x4f\x58\xe7\x2a\x8a\xc2\xf8\xf1\
\xe3\xb9\xf3\xce\x3b\xb5\xd7\x46\x8d\x1a\xc5\xc0\x81\x03\x71\x57\
\x83\x75\xf1\x7e\xfd\xfa\x69\xdb\xf3\x5c\x2e\x29\xa3\x7e\x52\x2c\
\x00\xc1\x97\x00\x82\x0a\x80\x78\xbf\x44\x3f\x71\x14\x92\x15\x48\
\x54\xd2\xbe\x7d\x7b\x1e\x7e\xf8\xe1\xb0\xcf\xfd\xe2\x8b\x2f\x8a\
\x6f\xda\x94\x34\x1e\x4a\x4a\xe1\x7a\x6b\x22\xfd\xac\x89\x9c\x2e\
\x6b\xff\x82\x50\x2d\xb0\x1a\x0c\x8c\x4e\x49\xd3\xb2\x9c\xee\xdd\
\xbb\x97\x5e\xbd\x7a\x95\x5a\x3e\xf8\x44\x96\x80\xf7\xdf\x7f\x9f\
\x21\x43\x86\x68\xaf\x7d\xfe\xf9\xe7\xf4\xeb\xd7\x0f\xbb\xdd\x5e\
\xa5\xfb\xae\x69\xd3\xa6\xb4\x6e\xdd\x1a\x80\x1c\xd5\xc7\x1f\x6e\
\x97\x5c\x50\x15\x2e\x00\x82\xbf\xad\x00\xce\xd2\xde\x75\xc5\xb1\
\x05\x20\x4f\x55\xf9\xcc\x51\xa8\xed\xbf\xf2\xca\x2b\x11\xe5\xff\
\xd7\xe7\x3f\x6f\x2f\xa9\x2c\x05\xa1\xda\x52\x53\x51\x78\xd7\x96\
\x4e\x62\xc0\x6c\xbf\x76\xed\x5a\x7a\xf7\xee\xad\x15\x32\x0a\xc7\
\x12\x30\x76\xec\x58\x5e\x7b\xed\x35\xed\xb5\xef\xbf\xff\x9e\xee\
\xdd\xbb\x73\xe4\xc8\x91\x6a\x63\x05\x98\xe9\x72\xc8\xc5\x54\xc1\
\x38\x83\x8f\xe1\x4e\x05\x28\xf5\x2a\xb6\xc7\x71\x98\xdb\x42\xb7\
\x93\xc2\xc0\x97\xef\xda\xb5\x2b\x97\x5e\x7a\x69\x44\xe7\xd7\xaa\
\x55\x4b\xdb\xde\x2d\x75\xad\x05\xa1\x5a\x73\x8e\xd1\xc4\x1b\x29\
\x69\x5a\x92\xa0\x25\x4b\x96\x70\xd5\x55\x57\x45\x94\x56\xfc\x89\
\x27\x9e\xe0\x9d\x77\xde\xd1\xc2\x90\x97\x2d\x5b\x46\xd7\xae\x5d\
\xc3\x5e\x52\x88\x47\x6e\xb8\xe1\x06\xcd\xdf\x61\xb6\xcb\x49\xb6\
\xea\x93\x8b\xa9\x02\x29\x0c\x2e\x00\xf2\x15\x20\x3f\xca\x93\x2b\
\x35\xbf\xea\x6e\xcc\x1b\x6f\xbc\x31\xe2\xf3\xf5\x65\x3d\x7f\x76\
\x39\xe5\x4a\x12\x84\x6a\x4e\x17\xb3\x85\xd7\x52\x52\xb5\x4c\xa5\
\xbf\xfc\xf2\x0b\xfd\xfb\xf7\x0f\x3b\x47\x00\xc0\x7d\xf7\xdd\xc7\
\x67\x9f\x7d\xa6\x39\x22\xff\xfd\xf7\xdf\x74\xee\xdc\x59\xf3\x37\
\xaa\x6a\x34\x6d\xda\x54\x9b\x7c\x39\x54\x95\x6f\x9d\x62\x05\xa8\
\x50\x01\x40\x35\x15\x00\x4b\x02\xeb\x4d\x06\x83\x81\xff\xfb\xbf\
\xff\x8b\xf8\xfc\xeb\xae\xbb\x4e\xdb\x9e\xe2\xb0\x63\x97\xac\x7f\
\x82\x50\xed\xb9\xc2\x92\xc0\x7f\x93\x8b\x1d\x80\xa7\x4e\x9d\x4a\
\xff\xfe\xfd\x23\x72\xea\xbb\xe9\xa6\x9b\xf8\xee\xbb\xef\x48\x4a\
\xf2\x67\x1c\xdc\xbe\x7d\x3b\x17\x5d\x74\x11\x7f\xfc\xf1\x47\x95\
\xec\xb3\x7b\xee\xb9\x47\xdb\x9e\xe4\xb0\xe3\x96\x04\x6a\x15\x86\
\xbd\x3a\x5a\x00\x72\x55\x55\x33\x35\xd5\xaf\x5f\x9f\xfa\xf5\xeb\
\x47\xdc\x46\xd7\xae\x5d\x69\xd3\xa6\x0d\x00\x47\x55\x1f\x63\x75\
\xfe\x04\x82\x20\x54\x5f\xae\xb1\x26\xf2\x48\x52\x4a\xf1\x04\x61\
\xca\x14\xae\xbf\xfe\xfa\x88\x96\x03\x7a\xf5\xea\xc5\xaf\xbf\xfe\
\x4a\xcd\x9a\x35\x01\x7f\xce\x91\x2e\x5d\xba\xf0\xd9\x67\x9f\x55\
\xb9\xfe\xea\xdd\xbb\x37\x4d\x9b\x36\x05\x60\x9f\xcf\xcb\x0c\xb1\
\x02\x54\x16\x01\x50\x50\x25\x05\xc0\x3e\xdd\x9a\xfd\x69\xa7\x9d\
\x16\x55\x1b\x06\x83\x81\x17\x5e\x78\x41\xdb\x1f\x6f\x2f\x60\xb4\
\xbd\x40\xb4\xab\x20\x08\xdc\x9a\x90\xc4\x43\x3a\x11\xf0\xed\xb7\
\xdf\xd2\xaf\x5f\x3f\x9c\xce\xf0\x97\x0b\x3b\x76\xec\xc8\xfc\xf9\
\xf3\x69\xd0\xa0\x01\x00\x4e\xa7\x93\x41\x83\x06\xf1\xe4\x93\x4f\
\xe2\xf3\x55\x9d\xb5\x72\xa3\xd1\xc8\xb0\x61\xc3\xb4\xfd\x8f\x1c\
\x85\x88\x57\x55\xc5\x50\x26\x1f\x00\x2f\x21\xbd\x08\x2b\x25\x87\
\x74\x37\x4f\x34\xb3\x7f\xbd\x72\xed\xdd\xbb\xb7\xd6\x17\x1f\xda\
\x0b\x78\xb3\x30\x5f\xae\x2a\x41\x10\x18\x9c\x90\xc4\x63\x49\x29\
\xda\x72\xc0\xcc\x99\x33\xe9\xdb\xb7\x2f\x85\x85\xe1\x5b\x0b\x9b\
\x37\x6f\xce\xaa\x55\xab\xe8\xda\xb5\x2b\x00\xaa\xaa\xf2\xda\x6b\
\xaf\xd1\xbb\x77\x6f\x72\x72\x72\xaa\x4c\x5f\x0d\x18\x30\x40\x9b\
\x8c\xed\xf4\x7a\x99\xe2\xb0\xcb\x05\x54\xce\x38\x55\x35\x94\xd0\
\x2a\x50\x80\xdc\x60\x47\xc4\x63\xc5\x3b\x7d\xb0\x5f\x59\xcb\x71\
\x4e\x9c\x38\x91\x5b\x6e\xb9\x45\xdb\xff\xc4\x51\xc8\x72\x89\x67\
\x15\x04\x01\x18\x94\x90\xc4\x93\xba\xa4\x60\x3f\xfd\xf4\x13\x97\
\x5e\x7a\x29\x47\x8f\x1e\x0d\xbb\x8d\x9a\x35\x6b\x32\x7b\xf6\x6c\
\x6e\xbd\xf5\x56\xed\xb5\x1f\x7f\xfc\x91\x8e\x1d\x3b\xb2\x69\xd3\
\xa6\x2a\xd1\x4f\x16\x8b\x85\xe7\x9e\x7b\x4e\xdb\x7f\xcf\x5e\x40\
\x9e\xf8\x55\x95\x2b\x61\x8c\xdd\xb9\x0a\x10\xf4\x4a\x8d\xc7\xb0\
\x0d\xab\x2e\xcd\xa6\xc3\x51\xb6\xf5\xa6\xf4\xf4\x74\x3e\xf9\xe4\
\x13\x4d\x04\xf8\x80\x17\x0b\xf3\x65\x29\x40\x10\x04\x00\x6e\x4a\
\x48\xe4\xd9\x64\x1b\x45\x35\x46\x97\x2c\x59\xc2\x45\x17\x5d\xc4\
\xee\xdd\xbb\xc3\x7f\x66\x59\xad\x7c\xfc\xf1\xc7\x7c\xf8\xe1\x87\
\x98\x02\x95\x08\x37\x6f\xde\xcc\x05\x17\x5c\xc0\xdc\xb9\x73\xab\
\x86\x58\x1a\x34\x48\x4b\x0c\x94\xa5\xfa\x78\xdb\x2e\xd6\xd4\xf2\
\x24\x2b\xf4\xd8\x7d\x58\x01\x0e\x07\x15\x00\x71\xb8\x16\x95\xa4\
\x13\x00\xe1\x66\xec\x0a\x86\xc1\x60\x60\xf4\xe8\xd1\x9c\x7a\xea\
\xa9\x00\x6c\xf5\x7a\xb4\x28\x03\x41\x10\x84\xeb\xad\x89\xfc\x2f\
\x25\x55\xab\x78\xb7\x7e\xfd\x7a\x2e\xb8\xe0\x02\x36\x6c\xd8\x10\
\x51\x3b\x77\xdc\x71\x07\x33\x66\xcc\x20\x2d\x2d\x0d\xf0\xe7\xd3\
\xbf\xe2\x8a\x2b\x78\xe3\x8d\x37\xca\x6c\xcd\x3c\xd9\x28\x8a\xc2\
\xeb\xaf\xbf\xae\xed\x7f\xe5\xb0\xb3\xd2\x23\xa5\x82\xcb\x8b\x30\
\xc6\xee\x23\x21\x05\x40\x56\x1c\x5e\x74\xf5\x75\x85\x87\x36\x6f\
\xde\x1c\x93\x36\x53\x53\x53\xb9\xf7\xde\x7b\xb5\xfd\xc9\x4e\x59\
\xc3\x12\x04\xa1\x98\x2b\x2c\x09\x8c\xb1\xa5\x91\x1c\x98\x80\xec\
\xda\xb5\x8b\x8b\x2e\xba\x88\x45\x8b\x16\x45\xd6\xce\x15\x57\xb0\
\x7c\xf9\x72\xce\x3e\xfb\x6c\x00\xdc\x6e\x37\x8f\x3c\xf2\x08\x57\
\x5e\x79\x65\x44\x4b\x0b\x95\x91\xee\xdd\xbb\x6b\x4b\x1d\x3e\xe0\
\xd9\x82\xdc\xb8\x0e\x37\xaf\xd4\x02\x20\x74\xbf\x1e\x56\x80\x23\
\x65\x34\x23\x54\x3a\x52\x0c\x06\x6a\x05\xb2\x6d\x1d\x38\x70\x80\
\xec\xec\xec\x98\xb4\x3b\x64\xc8\x10\x2d\x9d\xf0\x32\xb7\x4b\xe2\
\x59\x05\x41\x28\xc1\xf9\x66\x0b\x9f\xd8\x32\xc8\x0c\x3c\x7f\x8e\
\x1c\x39\xc2\x25\x97\x5c\x52\xa2\xb6\x48\x38\x9c\x71\xc6\x19\x2c\
\x59\xb2\x84\x2b\xae\xb8\x42\x7b\xed\xfb\xef\xbf\xa7\x5d\xbb\x76\
\x71\x9f\x2f\xe0\x8d\x37\xde\xd0\xac\xa9\x3b\xbc\x5e\x9e\x0b\x94\
\x5c\x16\x62\x4b\x18\x63\xf7\x91\x2a\xb9\x04\x00\x94\x28\xd8\x13\
\xab\x1b\xa6\x56\xad\x5a\xb4\x6d\xdb\x16\xf0\xc7\x57\xfe\xe5\x91\
\xfa\x56\x82\x20\x94\xa4\xb9\xc9\xc4\xe7\xb6\x0c\x1a\x04\x2c\x91\
\x4e\xa7\x93\x9b\x6f\xbe\x99\x17\x5f\x7c\x31\x22\x33\x7e\x46\x46\
\x06\xb3\x66\xcd\xe2\xad\xb7\xde\xd2\x32\x07\x6e\xdf\xbe\x9d\x0b\
\x2f\xbc\x90\x11\x23\x46\xc4\xed\x92\x40\x7a\x7a\x3a\xe3\xc7\x8f\
\xd7\x52\x22\xff\xe0\x72\x30\x49\xa2\x02\x62\x6f\x01\xf0\x85\xe7\
\x03\x70\xa4\x8c\x66\x84\x4a\x89\xbe\x80\xcf\xaf\xbf\xfe\x1a\xb3\
\x76\xbb\x77\xef\x5e\x2c\x2c\xc4\x0f\x40\x10\x84\x13\xd0\xd0\x68\
\x64\x72\x5a\x06\x6d\x02\xcf\x21\x55\x55\xf9\xef\x7f\xff\xcb\xa0\
\x41\x83\x22\x4a\x18\x64\x30\x18\x18\x3a\x74\x28\x73\xe6\xcc\xa1\
\x5e\xbd\x7a\x00\x78\x3c\x1e\x86\x0d\x1b\x46\xdf\xbe\x7d\x63\xe2\
\xe3\x74\x32\xb8\xfc\xf2\xcb\x79\xfa\xe9\xa7\xb5\xfd\x11\x85\x79\
\xcc\x77\x4b\xca\xf5\x98\x0a\x80\xd0\x63\xf7\xd1\x22\x01\x50\x6a\
\xb8\xe0\x81\x38\x2d\x84\xd3\xd1\x6c\xd1\xb6\xe7\xcd\x9b\x17\xb3\
\x76\xf5\x35\x02\xb6\x7b\x25\x9d\x85\x20\x08\xa5\xcc\xe0\x0d\x0a\
\xe3\x6d\xe9\xf4\xb2\x24\x68\xaf\x7d\xf6\xd9\x67\x74\xef\xde\x9d\
\x7d\xfb\xf6\x45\xd4\x56\x97\x2e\x5d\x58\xb5\x6a\x15\x97\x5d\x76\
\x99\xf6\xda\x8c\x19\x33\x68\xdf\xbe\x3d\x4b\x97\x2e\x8d\xcb\xfe\
\x79\xee\xb9\xe7\xb4\xef\xe3\x05\x1e\xc9\xcf\xe5\x4f\x71\x0a\x8c\
\x19\x07\x83\x8f\xdd\x5e\x02\x4b\x00\x1e\xe0\x40\xe9\x02\x20\x3e\
\x97\x00\x5a\x9a\x4c\x9a\x33\xce\xf2\xe5\xcb\xd9\xb1\x63\x47\x4c\
\xda\xd5\x67\x16\xdc\x2f\x95\xad\x04\x41\x08\x82\xd5\x60\xe0\x7f\
\x29\xa9\xdc\x99\x98\xac\xbd\xb6\x78\xf1\x62\x3a\x74\xe8\xc0\xb2\
\x65\xcb\x22\x6a\xab\x76\xed\xda\xfc\xf4\xd3\x4f\x25\x96\x04\xfe\
\xfd\xf7\x5f\x2e\xba\xe8\x22\x86\x0d\x1b\x16\x91\x65\xa1\x32\x60\
\x34\x1a\xf9\xfa\xeb\xaf\xb5\x94\xeb\x0e\x55\xe5\x9e\xbc\x6c\xfe\
\xf1\xca\xd2\x6a\x2c\xd8\x1f\x7c\xec\xde\x0f\x78\x8a\x42\x57\x77\
\x57\x35\x01\x60\xc1\x40\x37\xb3\x15\xf0\x9b\xdf\xbe\xfa\xea\xab\
\x13\x1e\x37\x73\xe6\x4c\x1e\x7e\xf8\x61\x76\xee\xdc\x19\x56\xbb\
\x45\x69\x3b\x01\xf6\x8b\x05\x40\x10\x84\x10\x18\x80\x07\x12\x93\
\x79\x2d\x25\x95\x84\xc0\xa4\x64\xcf\x9e\x3d\x5c\x7c\xf1\xc5\x8c\
\x1f\x3f\x3e\xb2\xb6\x02\x4b\x02\xb3\x67\xcf\xa6\x6e\xdd\xba\xfe\
\xa9\x9c\xd7\xcb\x88\x11\x23\xb8\xf0\xc2\x0b\xd9\xb8\x71\x63\x5c\
\xf5\x4d\x6a\x6a\x2a\x3f\xfc\xf0\x03\x4d\x9a\x34\x01\xfc\xc9\x6b\
\x1e\xcc\xcf\x91\xc8\x80\x98\x58\x00\x82\x8e\xdd\x7b\x01\x42\x0a\
\x80\x83\x3e\x6f\xdc\xe6\x6d\xee\x65\xb5\x6a\xdb\x9f\x7f\xfe\xf9\
\x71\xef\x1f\x39\x72\x84\xab\xaf\xbe\x9a\x37\xdf\x7c\xb3\x44\xb6\
\xbf\x60\xd4\xaa\x55\x8b\x84\x84\x04\x4d\x1c\xc9\x65\x2a\x08\x42\
\x38\xf4\xb1\x24\xf0\x99\x2d\x83\xba\x3a\xe7\xc0\xc1\x83\x07\x73\
\xcf\x3d\xf7\x44\x3c\x7b\xef\xd6\xad\x1b\xeb\xd7\xaf\xa7\x7f\xff\
\xfe\xda\x6b\x2b\x56\xac\xa0\x4d\x9b\x36\x8c\x18\x31\x22\xae\x6a\
\x09\xd4\xa9\x53\x87\xd9\xb3\x67\x53\xbb\x76\x6d\xc0\xbf\xb4\xfa\
\x52\xa1\x44\x06\x94\x05\x15\x38\x1c\xfc\x1a\xd8\xa3\x17\x00\x7b\
\x4a\x3b\xca\x0b\x1c\x8d\x53\x2b\xc0\x05\x66\x0b\x99\x06\xff\x57\
\xfc\xeb\xaf\xbf\xf8\xed\xb7\xdf\x4a\xbc\x9f\x98\x98\xa8\x0d\xe6\
\xf3\xe7\xcf\x67\xe5\xca\x95\x61\x29\xf0\xd4\xd4\x54\x00\x5c\xa8\
\xc8\x22\x80\x20\x08\xe1\xd2\xdc\x64\x62\x4a\x6a\x06\x1d\x74\x4e\
\xca\x63\xc6\x8c\xa1\x47\x8f\x1e\xec\xdf\xbf\x3f\xa2\xb6\xd2\xd3\
\xd3\x99\x34\x69\x12\x53\xa6\x4c\x21\x23\x23\x03\xf0\x67\x3e\x1d\
\x36\x6c\x18\x3d\x7b\xf6\x64\xcf\x9e\x3d\x71\xd3\x2f\x4d\x9a\x34\
\xe1\xd3\x4f\x3f\xc5\x10\xb0\x90\x4c\x77\x3a\x98\xeb\x12\xa7\xc0\
\x68\xc9\xf2\xf9\x70\x05\x9f\x9e\x86\x27\x00\xfc\x33\xdd\xf8\xb4\
\x01\x98\x31\xd0\x2f\xa1\xd8\x01\xe7\xbd\xf7\xde\x2b\xf1\x7e\x52\
\x52\x12\xb7\xdd\x76\x9b\xb6\xff\xd6\x5b\x6f\x45\xa5\xb4\x04\x41\
\x10\xc2\x25\x53\x51\xf8\x28\x35\x83\x9b\x12\x12\xb5\xd7\x16\x2d\
\x5a\x44\x87\x0e\x1d\xa2\x0a\x59\xbe\xf6\xda\x6b\x59\xb5\x6a\x15\
\x5d\xba\x74\xd1\x5e\x9b\x33\x67\x0e\x2d\x5b\xb6\x64\xe2\xc4\x89\
\x71\xd3\x2f\x97\x5f\x7e\x39\x8f\x3e\xfa\xa8\xb6\xff\xbf\xc2\xfc\
\x50\x83\x98\x50\x0a\x07\x43\xfb\xa7\x95\x10\x00\x41\x93\x56\xef\
\x8b\xe3\xd2\x94\xd7\x5b\x13\xb5\xe2\x40\x53\xa7\x4e\x3d\xae\xb8\
\xc6\xfd\xf7\xdf\xaf\x25\xf7\x99\x32\x65\x4a\x5c\xa9\x66\x41\x10\
\xe2\x13\x13\xf0\x54\x92\x8d\x97\x93\x53\xb5\xda\x25\xbb\x77\xef\
\xa6\x6b\xd7\xae\x11\xfb\x05\x00\x34\x6a\xd4\x88\xf9\xf3\xe7\xf3\
\xd6\x5b\x6f\x61\x0d\x2c\x7d\x1e\x3d\x7a\x94\x81\x03\x07\x72\xc5\
\x15\x57\x84\xed\xe3\x74\xb2\x79\xfe\xf9\xe7\x69\xd8\xb0\xa1\xbf\
\x3f\x7c\x5e\xa6\x39\x1d\x72\xb1\x44\xc1\xbe\xd0\xfe\x69\x25\x7c\
\x00\x82\x5e\x1d\x3b\x7d\xf1\xeb\xec\x56\x57\x31\x72\x79\x20\x0c\
\xc7\xeb\xf5\xf2\xfc\xf3\xcf\x97\x78\xbf\x49\x93\x26\xf4\xe9\xd3\
\x07\x00\x97\xcb\xc5\xab\xaf\xbe\x2a\x57\x8f\x20\x08\x15\x42\x5f\
\x6b\x02\x9f\xd9\xd2\x39\x25\x90\x14\xc7\xe1\x70\x30\x78\xf0\x60\
\x06\x0d\x1a\x44\x41\x41\x41\x44\x6d\x15\x39\x08\xfe\xfe\xfb\xef\
\xb4\x6c\xd9\x52\x7b\xfd\xa7\x9f\x7e\xa2\x45\x8b\x16\x8c\x19\x33\
\xa6\xd2\x27\x0f\x4a\x4c\x4c\xe4\x85\x17\x5e\xd0\xf6\x3f\x73\x14\
\xca\x32\x6b\x14\xec\x0a\x3d\x66\xef\xd0\x0b\x80\xad\xc1\x8e\xdc\
\x1d\xe7\xde\xee\xf7\x24\x26\x6b\x56\x80\xaf\xbe\xfa\x8a\x75\xeb\
\xd6\x95\x78\xff\x99\x67\x9e\xd1\xd6\x9e\xc6\x8d\x1b\xc7\xb6\x6d\
\xdb\x82\xb6\xa7\x77\xb0\x51\xc5\x44\x25\x08\x42\x19\x68\x61\x32\
\xf3\x75\x6a\x26\xed\x74\x7e\x01\x9f\x7e\xfa\x29\x1d\x3b\x76\x64\
\xfd\xfa\xf5\x11\xb7\xd7\xaa\x55\x2b\x56\xae\x5c\xc9\x6b\xaf\xbd\
\xa6\x59\x03\xf2\xf2\xf2\xb8\xe7\x9e\x7b\xb8\xe8\xa2\x8b\x2a\x7d\
\xa4\xc0\x8d\x37\xde\xa8\x45\x5b\xed\xf0\x7a\x59\x26\x09\xd7\x22\
\x26\x8c\x49\xfb\x56\xbd\x00\xd8\x07\x14\x54\x45\x0b\x00\x40\x23\
\xa3\x91\x3e\xd6\x04\x6d\xf0\xd6\xd7\xa5\x06\x68\xd7\xae\x1d\xff\
\xf9\xcf\x7f\x34\x2b\xc0\x2b\xaf\xbc\x52\x6a\x5b\xdb\xb6\x6d\xe3\
\xf0\x61\x7f\xf6\xe4\x4c\x83\x82\x09\x83\x5c\x6d\x82\x20\x94\x89\
\x1a\x8a\xc2\xc7\xa9\x19\xdc\x9a\x90\xa4\x3d\x51\xd6\xaf\x5f\x4f\
\xc7\x8e\x1d\xf9\xf4\xd3\x4f\x23\x6e\xcf\x64\x32\xf1\xc4\x13\x4f\
\xb0\x72\xe5\x4a\xce\x3b\xef\x3c\xed\xf5\xc5\x8b\x17\xd3\xb6\x6d\
\x5b\x46\x8c\x18\x81\xdb\x5d\x39\x93\xee\x98\xcd\x66\xee\xb8\xe3\
\x0e\x6d\x7f\xb6\x38\x03\x46\x6e\x01\x08\x3e\x69\x77\x72\x8c\x0f\
\x80\x0a\xfc\x1b\x65\x63\x71\xc1\xdd\x89\xc9\x14\x55\x07\xf8\xf6\
\xdb\x6f\x59\xb1\x62\x45\x89\xf7\x5f\x78\xe1\x05\x2d\x37\xf5\x84\
\x09\x13\x4a\xad\x22\xf8\xdd\x77\xdf\x69\xdb\x9d\x2d\x16\x19\xfe\
\x05\x41\x88\x09\x26\xe0\xd1\xa4\x14\xde\xb5\xa5\x91\x16\x88\x5e\
\x2a\x28\x28\x60\xd0\xa0\x41\xdc\x76\xdb\x6d\x14\x16\x16\x46\xdc\
\x66\xf3\xe6\xcd\x59\xbc\x78\x31\x1f\x7e\xf8\x21\x29\x29\x29\x00\
\xd8\xed\x76\x86\x0d\x1b\x46\x8b\x16\x2d\x98\x33\x67\x4e\xa5\xec\
\x8b\x6b\xaf\xbd\x56\xdb\x9e\xe7\x72\x8a\x9d\x35\x42\x76\x07\x9f\
\xb4\x6f\xc3\x5f\x8c\x51\x13\x00\x9a\x49\xe0\x44\xec\xf3\x79\xe3\
\xde\x1b\xb3\xbe\x62\xe4\x6a\xab\xdf\xeb\x56\x55\x55\xee\xb9\xe7\
\x1e\xbc\x3a\x61\xd3\xb2\x65\x4b\xae\xb9\xe6\x1a\xc0\x9f\x6b\xfb\
\xe1\x87\x1f\x3e\x61\x3b\x7a\xaf\xda\x1e\x66\xab\x5c\x69\x82\x20\
\xc4\x94\x8b\xcd\x56\xa6\xa6\x65\xd0\x4a\xb7\x24\xf0\xc9\x27\x9f\
\xd0\xa9\x53\x27\x36\x6c\xd8\x10\x71\x7b\x8a\xa2\x70\xc7\x1d\x77\
\xb0\x66\xcd\x9a\x12\xb5\x4c\x36\x6f\xde\xcc\x65\x97\x5d\xc6\xad\
\xb7\xde\xca\xa1\x43\x87\x2a\x55\x1f\x9c\x75\xd6\x59\x9c\x79\xe6\
\x99\x00\x1c\x55\x7d\xec\x94\xa4\x6b\x61\xe3\x03\xf6\x7a\x83\x7a\
\x4e\x68\x63\xbd\x5e\x00\x6c\x09\xd6\xe0\x1e\x6f\xfc\xbb\x62\xdc\
\x9b\x98\x8c\x4d\x97\x1e\xf8\x83\x0f\x3e\x28\xf1\xfe\xab\xaf\xbe\
\xaa\xe5\x05\x98\x35\x6b\x16\x3f\xfc\xf0\x43\x89\xf7\x17\x2d\x5a\
\xc4\x9f\x7f\xfe\x09\x40\x9a\x41\xa1\x8b\xc5\x22\x57\x9b\x20\x08\
\x31\xa7\xae\x62\xe4\xb3\xd4\x0c\x6e\xd1\x2d\x09\xac\x5b\xb7\x2e\
\xea\x25\x01\x80\xd3\x4f\x3f\x9d\xb9\x73\xe7\x32\x65\xca\x14\x2d\
\xe9\x8e\xaa\xaa\x4c\x98\x30\x81\x33\xcf\x3c\x93\xb7\xdf\x7e\xbb\
\x52\x25\x10\xea\xd0\xa1\x83\xb6\xfd\xb7\x57\x6a\x04\x84\x4b\x18\
\x13\xf6\x7f\x4f\x24\x00\x82\x3a\x02\x6e\xad\x02\xf9\x99\x6b\x2a\
\x0a\x0f\x26\xa5\x68\xfb\x4f\x3f\xfd\x74\x89\xe4\x1b\xa7\x9f\x7e\
\x7a\x89\x99\xff\xd0\xa1\x43\x71\x3a\x8b\xd7\x9f\x5e\x7c\xf1\x45\
\x6d\xfb\x1a\x6b\x02\xb2\x00\x20\x08\x42\x79\x61\x02\x1e\x4f\x4a\
\xe1\x9d\x94\x34\x52\x03\x13\x97\xfc\xfc\x7c\x06\x0d\x1a\xc4\xcd\
\x37\xdf\x4c\x6e\x6e\x6e\x54\xed\x5e\x7b\xed\xb5\x6c\xdc\xb8\x91\
\x3b\xef\xbc\x53\x5b\xf6\xcc\xce\xce\xe6\xc1\x07\x1f\xe4\x82\x0b\
\x2e\x60\xf9\xf2\xe5\x95\xe2\xfb\xb7\x6b\xd7\xae\x58\x00\x48\xe9\
\xf5\xb0\xf9\xd7\x1b\x9e\x03\xe0\xb1\x02\x20\xa8\x6b\xe8\x96\x2a\
\x52\xa0\xe1\x3a\x6b\x22\xe7\x06\x4c\x6b\x39\x39\x39\xdc\x7b\xef\
\xbd\x25\xde\x7f\xfa\xe9\xa7\xb5\x82\x3f\x5b\xb6\x6c\x61\xe4\xc8\
\x91\x80\xdf\xf4\xff\xf3\xcf\x3f\x03\xfe\x02\x1f\x37\x25\x24\xc9\
\x95\x26\x08\x42\xb9\xd3\xcd\x62\x65\x6a\x5a\x26\x2d\x75\x4b\x02\
\x93\x26\x4d\xa2\x6d\xdb\xb6\x51\x25\x0e\x02\xc8\xc8\xc8\xe0\x83\
\x0f\x3e\x60\xf9\xf2\xe5\x25\x66\xda\xbf\xff\xfe\x3b\x9d\x3a\x75\
\x62\xe0\xc0\x81\x1c\x38\x70\xe0\xa4\x7e\xef\xb6\x6d\xdb\x6a\xdb\
\x1b\xa4\x40\x50\xd8\x84\x31\x56\x6b\xeb\x48\x46\xdd\x8b\xf9\xc0\
\xe3\xa5\xcf\x9e\x8d\x5c\x66\x89\xff\x35\x6f\x03\xd0\xdc\x64\x66\
\xaa\xd3\x8e\x0a\x6c\xd8\xb0\x81\x06\x0d\x1a\x68\x17\x9b\xd9\x6c\
\xa6\x76\xed\xda\x4c\x9b\x36\x0d\x80\x05\x0b\x16\x70\xf0\xe0\x41\
\x5e\x78\xe1\x05\x3c\x01\x15\x7a\x5f\x62\x32\x5d\x2d\xb2\xfe\x2f\
\x08\x42\xc5\x60\x33\x28\xf4\xb5\x26\xe2\x51\x55\x56\x7b\xdc\xa8\
\x40\x56\x56\x16\x9f\x7e\xfa\x29\x16\x8b\x85\x0b\x2e\xb8\x40\x0b\
\x65\x8e\x84\xba\x75\xeb\x72\xeb\xad\xb7\x92\x99\x99\xc9\xb2\x65\
\xcb\x34\x8b\xe7\xda\xb5\x6b\x19\x37\x6e\x1c\x56\xab\x95\xf6\xed\
\xdb\x6b\xc9\xd2\x2a\x92\x8c\x8c\x0c\x46\x8c\x18\x01\x40\xae\xea\
\xe3\xd6\xc4\xe4\x12\x33\x56\xe1\xc4\x4c\x75\xda\xd9\x18\x5c\x04\
\x3c\x05\xe4\x16\x8d\x87\x7a\xf6\x03\xa7\x9c\xe8\x8c\x33\x8c\x26\
\xbe\x4b\xcb\xac\x32\x9d\xf4\xae\xbd\x80\x31\x76\x7f\xe4\x63\x4a\
\x4a\x0a\x2b\x57\xae\xd4\x9c\x4e\x3c\x1e\x0f\x09\x09\x09\x25\x9c\
\x04\x8b\x38\xd7\x64\xe6\xf3\xd4\x0c\x2d\xa2\x40\x10\x04\xa1\x22\
\x59\xe6\x76\x31\xac\x20\x97\x43\xba\xf5\xfa\x4b\x2e\xb9\x84\xcf\
\x3e\xfb\x4c\xab\x10\x18\x0d\x07\x0e\x1c\xe0\xa9\xa7\x9e\x62\xc2\
\x84\x09\x25\x7c\x01\xce\x39\xe7\x1c\xfe\xf7\xbf\xff\xd1\xbb\x77\
\xef\x0a\xff\xae\xad\x5a\xb5\x62\xed\xda\xb5\x00\x8c\xb1\xa5\xd3\
\xc5\x2c\x7e\x57\xa1\xb8\x21\x37\x8b\xbf\x3c\xa5\xfa\x4c\xe4\x02\
\xe9\x04\xb2\xd8\x1f\x2b\xa8\xfe\x2e\xed\xac\x6d\x5e\x0f\xee\x2a\
\x14\x8c\x71\x77\x62\x32\xad\x03\x26\xb5\xfc\xfc\x7c\x6e\xba\xe9\
\x26\xad\x22\xd7\xdf\x7f\xff\x7d\xc2\xc1\xbf\x83\xd9\xc2\x18\x5b\
\x9a\x0c\xfe\x82\x20\x9c\x34\xce\x33\x5b\x98\x96\x96\x49\x57\xdd\
\x60\x38\x67\xce\x1c\x5a\xb5\x6a\x75\x9c\xe3\x72\x24\x9c\x72\xca\
\x29\x8c\x1f\x3f\x9e\xe5\xcb\x97\x73\xc1\x05\x17\x68\xaf\x6f\xd8\
\xb0\x81\x3e\x7d\xfa\xd0\xa3\x47\x0f\xcd\x09\xba\xa2\xb8\xf9\xe6\
\x9b\xb5\xed\xf1\xf6\x02\x09\x07\x0c\x81\x0a\xfc\x1b\x7c\xf6\xff\
\x37\xba\x12\x36\xc7\x0a\x80\x75\xa5\x9d\xe5\x81\x2a\x15\x8a\x61\
\x04\x46\xa4\xa4\x6a\x51\x01\x2b\x56\xac\x60\xf8\xf0\xe1\x00\x4c\
\x9f\x3e\x5d\x3b\xee\x42\xb3\x85\x67\x93\x6d\x4c\xb0\xa5\xf3\x89\
\x2d\x9d\x0c\x83\x18\xa1\x04\x41\x38\xb9\x64\x1a\x14\xde\xb3\xa5\
\x33\x2c\x29\x45\x73\x46\x3e\x74\xe8\x10\xbd\x7b\xf7\xe6\xa1\x87\
\x1e\x2a\xe1\xbc\x1c\x29\x6d\xdb\xb6\x65\xd1\xa2\x45\x4c\x98\x30\
\xa1\x84\x45\x61\xde\xbc\x79\xb4\x6f\xdf\x9e\xdb\x6e\xbb\xad\xc2\
\x6a\xa6\x0c\x1c\x38\x10\x9b\xcd\xe6\x7f\x46\x7b\xdc\xbc\x23\x22\
\x20\x28\xfb\x7c\x5e\x0a\x82\xa7\x7b\x5e\x7f\xec\x38\xa8\xa7\x01\
\xd0\xa7\xd4\x0b\xc3\x6c\xe6\x0c\x63\xd5\x99\xff\xa6\x1a\x14\x4e\
\x31\x1a\x99\x13\xc8\x34\xb5\x78\xf1\x62\x12\x13\x13\x79\xe7\x9d\
\x77\xc8\xcf\xcf\x07\x60\x78\xb2\x8d\xcb\x2d\x09\xd4\x33\x1a\xc5\
\xe7\x5f\x10\x84\x4a\x83\x01\x68\x65\x32\xd3\xd5\x62\x65\xb9\xc7\
\x45\x76\xe0\xc1\xbf\x6c\xd9\x32\x66\xcd\x9a\xc5\xc5\x17\x5f\x4c\
\xcd\x9a\x35\xa3\x6b\xdb\x60\xa0\x75\xeb\xd6\xdc\x7d\xf7\xdd\xa4\
\xa6\xa6\xf2\xfb\xef\xbf\xe3\x72\xb9\x50\x55\x95\xd5\xab\x57\xf3\
\xc1\x07\x1f\x90\x97\x97\x47\xc7\x8e\x1d\xb5\x74\xc3\xe5\x41\x4a\
\x4a\x0a\x89\x89\x89\xcc\x9e\x3d\x1b\x80\x95\x1e\x37\x6b\x3c\x6e\
\x9a\x9b\x4c\x64\x28\x32\x19\x3b\x96\x55\x1e\x37\xb3\x82\x67\x4e\
\x9c\x04\x2c\x2d\x4d\x00\x58\x81\xdb\x4b\x3b\xb3\x9e\x62\xe4\xc2\
\x2a\xb6\x06\x73\x96\xd1\xc4\x0e\xaf\x97\x7f\x02\x66\x93\x39\x73\
\xe6\x68\x83\xff\x19\x46\x13\x8f\x24\xa5\xc8\xc0\x2f\x08\x42\xa5\
\xa5\x96\xa2\x70\x95\x35\x91\xc3\xaa\x4f\xf3\x96\xdf\xbf\x7f\x3f\
\x93\x26\x4d\xe2\xfc\xf3\xcf\xd7\xaa\xeb\x45\x83\xd9\x6c\xa6\x73\
\xe7\xce\x0c\x1c\x38\x90\xa3\x47\x8f\xb2\x76\xed\x5a\x54\x55\xc5\
\xed\x76\xb3\x78\xf1\x62\x3e\xfd\xf4\x53\xd2\xd3\xd3\x69\xdd\xba\
\x75\x54\x4e\x88\xe1\xd0\xa9\x53\x27\x76\xef\xde\xad\x2d\x3f\xec\
\xf2\x79\x99\xe2\xb4\x73\x54\xf5\xd1\xd1\x64\xc1\x64\x90\x27\x74\
\x11\x3f\xba\x9c\xfc\xe1\x09\x9a\x33\xe1\x4d\x74\x61\x80\xc7\x0a\
\x80\xa3\xc0\x13\x70\x62\x67\x4b\xb3\xc1\x40\xdf\x40\x4e\xfd\xaa\
\x44\x17\xb3\x85\x75\x5e\x4f\x89\x0a\x4a\x29\x06\x03\x63\x6c\xe9\
\xd4\x14\x95\x29\x08\x42\x25\xc7\x6c\x30\xd0\xdd\x62\xe5\x74\xa3\
\x91\xa5\x6e\x17\x2e\xfc\x95\x05\x27\x4f\x9e\xcc\x59\x67\x9d\x45\
\xf3\xe6\xcd\xcb\xd4\x7e\x6a\x6a\x2a\x7d\xfb\xf6\xe5\x3f\xff\xf9\
\x0f\xff\xfc\xf3\x8f\x56\x30\x2d\x3f\x3f\x9f\x19\x33\x66\x30\x7d\
\xfa\x74\xce\x39\xe7\x1c\x1a\x35\x6a\x14\x7b\x4b\x87\xc1\x40\xef\
\xde\xbd\x49\x4a\x4a\x62\xe1\xc2\x85\x78\xbd\x5e\x54\xe0\x2f\x8f\
\x87\xf9\x6e\x17\xdd\x2d\x56\x92\x45\x04\x00\xf0\xa9\xd3\xce\xf6\
\xe0\x4b\xf5\x0f\x03\x5a\x4e\xe9\x13\xf5\xda\x5f\x40\x8b\x13\x9d\
\x99\x6c\x30\xb0\x2c\xa3\x56\x95\x0c\xc5\xf0\xe1\x0f\x9f\xf8\xd5\
\xe5\x24\x43\x51\x18\x90\x90\xc4\xd9\x46\x71\xf7\x13\x04\x21\xbe\
\xd8\xe5\xf3\x72\x77\x5e\x36\xdb\x02\x03\x81\xa2\x28\x7c\xf9\xe5\
\x97\x25\xf2\xeb\x97\x95\x99\x33\x67\xf2\xf8\xe3\x8f\xb3\x61\xc3\
\x06\x3a\x77\xee\xcc\xef\xbf\xff\x8e\xdb\xed\xe6\xd2\x4b\x2f\x65\
\xf6\xec\xd9\xe5\x66\x0d\xd8\xb6\x6d\x1b\x4f\x3d\xf5\x14\x5f\x7d\
\xf5\x95\x56\xda\xb8\x9e\x62\xe4\x23\x5b\x3a\xa7\x9d\x84\x50\xc5\
\xca\x46\xf7\xec\xc3\x1c\x28\x3d\x9b\xe3\x4e\xa0\x84\x39\xe8\x44\
\xbf\xd2\x27\xc0\xa0\x52\x7f\xf8\xb4\x1a\x34\x96\x8e\x16\x04\x41\
\xa8\xb4\x64\xab\x3e\xee\xcd\xcb\x61\x75\xc0\x1c\x9c\x98\x98\xc8\
\xdc\xb9\x73\x39\xff\xfc\xf3\x63\xf6\x37\x3c\x1e\x0f\x63\xc7\x8e\
\xe5\xab\xaf\xbe\xe2\xb7\xdf\x7e\xd3\x5e\xbf\xef\xbe\xfb\x18\x3d\
\x7a\x74\xb9\x89\x00\x80\xef\xbf\xff\x9e\x1b\x6f\xbc\x91\x82\x02\
\x7f\x28\xf7\x69\x46\x23\x93\x52\x33\xc8\xac\xc6\x4e\xda\x59\xaa\
\x8f\xce\x59\x87\x83\x1d\xf2\x1d\x70\x95\xfe\x85\x13\xf5\xd6\xca\
\x60\x2d\xac\x97\x9c\xcc\x82\x20\x08\x95\x9a\x74\x83\xc2\x78\x5b\
\xba\x56\x50\xc8\x6e\xb7\xd3\xb7\x6f\x5f\x76\xed\xda\x15\xb3\xbf\
\x61\x32\x99\xb8\xe7\x9e\x7b\xb8\xff\xfe\xfb\x4b\xbc\xfe\xee\xbb\
\xef\x72\xf7\xdd\x77\x97\x6b\x5d\x81\x3e\x7d\xfa\x30\x77\xee\x5c\
\x32\x33\xfd\xb9\x69\x76\x7a\xbd\x3c\x90\x97\x43\x75\x2e\x19\x14\
\x46\xba\xe4\x55\xc7\xbe\x10\xb1\x00\x58\x27\x39\x99\x05\x41\x10\
\x2a\x3d\x09\x06\x03\xef\xa6\xa4\x51\x5f\xf1\x5b\x6c\x0f\x1e\x3c\
\xc8\x6d\xb7\xdd\xa6\x99\xce\x63\x36\xf0\xfc\x7d\x7c\xfa\x98\x0f\
\x3f\xfc\x90\x3b\xee\xb8\x23\xe6\x7f\x4b\x4f\xa7\x4e\x9d\x98\x3e\
\x7d\xba\x56\xc0\xed\x4f\x8f\x9b\x49\x8e\xc2\x6a\xfb\x7b\xff\xed\
\x09\x39\x39\xff\x33\x1c\x01\xb0\x1a\x7f\xd8\xff\x09\x59\xed\x11\
\x0b\x80\x20\x08\x42\x3c\x90\xa9\x28\xbc\x6b\x4b\xc3\x1a\x30\xc7\
\xcf\x99\x33\xe7\xb8\x2a\xa8\x65\x45\x5f\x3c\xa8\x9d\xae\x5e\xc1\
\xf8\xf1\xe3\xb5\xdc\x2a\xe5\x45\xe7\xce\x9d\x79\xfb\xed\xb7\xb5\
\xfd\x77\xec\x05\x1c\xf1\xf9\xaa\xe5\x6f\xbd\x26\xf4\xd8\x1c\x96\
\x05\xc0\x8e\xdf\x11\xf0\x84\xac\xf7\xb8\x71\xa8\x92\x8a\x41\x10\
\x04\x21\x1e\x38\xc3\x68\xe2\xfe\xc4\x64\x6d\x7f\xd8\xb0\x61\x1c\
\x3c\x78\x30\x66\xed\xaf\x58\xb1\x42\xdb\x7e\x33\x25\x8d\xdb\x74\
\x85\xd2\x5e\x7c\xf1\x45\xbe\xf8\xe2\x8b\x72\xfd\x7e\x43\x86\x0c\
\xe1\xa2\x8b\x2e\x02\xa0\x50\x55\xf9\xce\xe5\xa8\x76\xbf\xb1\x0a\
\xac\x09\x6e\x9d\xdf\x05\xec\x0d\x47\x00\x00\x2c\x2e\xad\x15\x0f\
\x04\xcb\x33\x2c\x08\x82\x20\x54\x32\x6e\x49\x48\xd2\xfc\x01\x72\
\x73\x73\x79\xfe\xf9\xe7\x63\xd2\xee\xae\x5d\xbb\xb4\xaa\x81\x75\
\x15\x23\x35\x14\x85\x87\x93\x52\xf8\x3f\x8b\xdf\x2c\xaf\xaa\x2a\
\xb7\xdf\x7e\x3b\x8b\x17\x2f\x2e\xb7\xef\x66\x30\x18\x78\xea\xa9\
\xa7\xb4\xfd\xa2\x42\x6f\xd5\x89\x6d\x5e\x0f\xd9\x6a\x50\xcb\xc7\
\x09\x7f\x80\x88\x05\x00\xf8\xb3\x31\x09\x82\x20\x08\xf1\x81\x02\
\x3c\xa1\x4b\x6a\x36\x6e\xdc\x38\x2d\x96\x3f\x56\xb3\xff\xe6\x26\
\x7f\xd8\xb4\x01\x78\x31\xd9\x46\x9b\x80\xe0\x70\x38\x1c\xf4\xeb\
\xd7\x2f\xa6\x56\x87\x63\xb9\xec\xb2\xcb\xa8\x5f\xbf\x3e\x00\x3b\
\xbc\x5e\x0e\xf8\xaa\x97\x3b\xe0\x9f\xa1\xc7\xe4\xa5\x91\x08\x80\
\x85\x65\xfc\x63\x82\x20\x08\x42\x25\xa2\x95\xc9\xcc\xa5\x81\x32\
\xe6\x6e\xb7\x9b\x31\x63\xc6\x94\xb9\xcd\x35\x6b\xd6\x14\x0b\x00\
\x5d\xde\x14\xab\xc1\xc0\x68\x5b\xb1\x03\xe2\x81\x03\x07\xb8\xfd\
\xf6\xdb\xcb\xcd\x29\x50\x51\x14\x3a\x76\xec\xa8\xed\xff\xe3\xad\
\x5e\x02\x60\x4d\x68\xe7\xfc\x88\x04\xc0\x1e\x60\x47\xe9\x7f\xcc\
\x5d\xad\xc3\x2d\x04\x41\x10\xe2\x91\x5b\x75\xeb\xf3\xe3\xc7\x8f\
\xc7\x6e\xb7\x97\xa9\xbd\xa2\x52\xbd\x00\x67\x9a\x4a\x26\x4e\xcb\
\x34\x28\xbc\x91\x52\x5c\x3d\x75\xe6\xcc\x99\x7c\xf8\xe1\x87\xe5\
\xf6\xdd\x9a\x35\x6b\xa6\x6d\x6f\xf3\x56\xaf\x68\xb5\x10\xce\xf9\
\x76\xfc\xce\xfd\x61\x0b\x00\x80\x45\xa5\xbd\x91\xa7\xaa\x6c\x94\
\x70\x40\x41\x10\x84\xb8\xa2\xa5\xc9\xac\x99\xea\x8f\x1e\x3d\x5a\
\x66\x07\xbd\x12\x02\xe0\x04\x99\x53\x9b\x9b\x4c\xdc\xa3\x73\x40\
\x7c\xf4\xd1\x47\xd9\xbc\x79\x73\xb9\x7c\xb7\xa2\x70\xc0\xea\xc6\
\x51\x9f\x2f\x54\x09\xe0\xe5\x80\x3b\x66\x02\x00\x60\x99\xc7\x25\
\x77\x93\x20\x08\x42\x9c\x71\x93\xb5\xd8\x0a\x30\x61\xc2\x84\xa8\
\xdb\xc9\xcf\xcf\xd7\xfc\x08\x6c\x06\x03\x75\x95\x13\x67\x88\x1d\
\x9c\x98\x4c\xdb\x80\x3f\x40\x41\x41\x01\x43\x87\x0e\x2d\x97\xef\
\xe5\x76\x17\x8f\x71\xa6\x6a\x54\xc2\x6d\x99\xc7\x15\xca\xe9\x71\
\x49\x69\x6f\x04\x13\x00\xbf\x06\xfd\xa3\x6e\x11\x00\x82\x20\x08\
\xf1\x46\x4f\x8b\x95\x84\x40\x5e\x80\xa5\x4b\x97\x72\xf4\xe8\xd1\
\xa8\xda\x59\xb7\x6e\x9d\x96\xed\xef\x0c\x63\xe9\x43\xae\x11\x78\
\x25\x25\x55\xcb\x45\xf0\xd3\x4f\x3f\xf1\xfd\xf7\xdf\xc7\xfc\x7b\
\x1d\x39\x72\xa4\xd8\x1a\x50\x8d\x8a\x03\xfd\xee\x0e\xe9\x93\x37\
\x2f\x1a\x01\xb0\x09\xd8\x5d\xda\x9b\x2b\x25\x1f\x80\x20\x08\x42\
\xdc\x91\x60\x30\x68\x33\x72\xaf\xd7\x7b\xc2\x4c\x7e\xe1\xa0\x37\
\xff\x9f\x15\xa2\x70\x5a\x03\xc5\x58\xc2\xff\xe0\x91\x47\x1e\xc1\
\xe9\x74\xc6\xf4\x7b\xad\x5e\xbd\x5a\xdb\x6e\x52\x8d\xea\xd5\xfc\
\x1e\x7c\x32\xee\x8a\xd6\x02\x10\x54\x39\x38\x55\x95\xb5\x12\x0d\
\x20\x08\x82\x10\x77\xd4\xd7\x99\xeb\x77\xee\xdc\x59\x66\x01\x70\
\xac\x03\xe0\x89\x18\x9c\x90\xc4\x29\x81\xf2\xea\xff\xfc\xf3\x4f\
\x4c\xa2\x10\x8a\xf0\xf9\x7c\x5a\x44\x82\x31\x0c\x41\x52\x55\xd8\
\xe7\xf3\x96\x28\x63\x7f\x02\x96\x02\x05\xd1\x0a\x80\x39\x41\x5b\
\x16\x01\x20\x08\x82\x10\x77\xd4\x55\x8a\x1f\xfd\x3b\x76\xec\x88\
\xaa\x0d\xbd\xe5\xe0\xcc\x30\x06\xdc\x44\x83\x81\x47\x92\x52\xb4\
\xfd\x51\xa3\x46\xc5\xcc\x0a\xb0\x6a\xd5\x2a\xf2\xf2\xf2\x00\x68\
\x64\x34\x55\x9b\x25\x80\x30\xcc\xff\x41\x97\xf2\x43\x09\x80\xb9\
\xc1\xde\x5c\xec\x76\xca\x9d\x24\x08\x82\x10\x6f\x02\xc0\x58\x76\
\x0b\xc0\xc6\x8d\x1b\xb5\xed\x70\x4b\xc4\x5f\x61\x49\xa0\x69\x40\
\x2c\xec\xd9\xb3\x87\x4f\x3f\xfd\x34\x26\xdf\xe7\xeb\xaf\xbf\xd6\
\xb6\x3b\x9b\x2d\xd5\xe6\x77\x5c\x14\xda\x17\x6f\x5e\x59\x04\xc0\
\x5e\x60\x63\x69\x6f\xae\xf7\x78\x38\x58\x4d\x0b\x2f\x08\x82\x20\
\xc4\x2b\xa7\xea\x96\x00\xa2\xb1\x00\xe4\xe6\xe6\xb2\x7f\xff\x7e\
\xc0\x1f\xef\x9f\x66\x50\xc2\x3a\x4f\x81\x12\xb5\x02\x46\x8c\x18\
\x81\x27\x06\x21\xe5\x53\xa7\x4e\xd5\xb6\x2f\x0b\x24\x3b\xaa\xea\
\x78\x81\x25\xc1\x05\x40\x01\xf0\x7b\x59\x04\x00\xc0\x4f\xa5\xbd\
\xa1\x02\xbf\x89\x15\x40\x10\x04\x21\xce\x04\x80\x52\x26\x0b\xc0\
\xa6\x4d\x9b\xb4\xed\x86\x11\x3a\xdc\xfd\x9f\x35\x81\x7a\x01\x01\
\xf2\xef\xbf\xff\xf2\xe3\x8f\x3f\x96\xe9\xbb\xac\x5e\xbd\x9a\xad\
\x5b\xb7\x02\x70\x8a\xa2\xd0\x52\x57\x91\xb0\x2a\xb3\xd6\xe3\x26\
\x27\x78\xfe\xff\x79\xf8\x9d\x00\xcb\x24\x00\x66\x05\x7b\xf3\x37\
\x09\x07\x14\x04\x41\x88\x2b\x6a\x2b\x46\x8c\x65\xb0\x00\xe8\x93\
\xf9\x34\x8e\x50\x00\x98\x80\x1b\x12\x12\xb5\xfd\x71\xe3\xc6\x95\
\xe9\xbb\x2c\x5b\xb6\x4c\xdb\xee\x66\xb6\xa2\x54\x93\xdf\x70\x61\
\xe8\xb1\x37\xa4\xb2\x0a\xa7\xaf\x16\x00\x39\xa5\xbd\xb9\xc4\xed\
\xc2\x29\xe1\x80\x82\x20\x08\x71\x83\x31\x20\x02\xc0\x9f\x9c\x47\
\x1f\x43\x1f\x0e\xfa\xf5\xff\x46\x51\x78\xdc\x5f\x65\x4d\xc0\x12\
\xc8\x1c\xf0\xe3\x8f\x3f\xb2\x67\xcf\x9e\x32\x59\x00\x8a\x68\x66\
\x32\x55\x9b\xdf\x70\x61\x68\xeb\xfb\xec\x58\x08\x00\x37\x41\xa2\
\x01\xec\xaa\xca\x0a\x89\x06\x10\x04\x41\x88\x2b\x4e\x2d\x43\x24\
\x40\x09\x0b\x80\x12\x79\xcc\x7d\x86\x41\xe1\x62\x8b\xdf\x59\xcf\
\xe3\xf1\x30\x69\xd2\xa4\xa8\xbf\xc7\x5f\x7f\xfd\xa5\x6d\x57\x97\
\xf0\xbf\xc3\x3e\x1f\x1b\x82\xfb\x4e\x6c\x00\xfe\x8d\x85\x00\x80\
\x10\xcb\x00\xf3\x5c\xe2\x07\x20\x08\x82\x10\x4f\xe8\x53\xf7\xee\
\xde\xbd\x3b\xa2\x73\xf5\x3e\x00\x8d\xa2\x4c\xba\xd3\xd7\x5a\x9c\
\xbb\x7f\xda\xb4\x69\x51\xb5\xe1\xf3\xf9\xb4\x7c\x04\x46\xd0\x22\
\x0c\xaa\x3a\xf3\xdc\xce\x50\xe9\x7f\xc3\x72\xac\x08\x57\x00\xfc\
\x00\x94\xea\x6d\x30\xc7\xed\x44\x62\x01\x04\x41\x10\xe2\x87\x4c\
\x9d\x05\xe0\xf0\xe1\xc3\x11\x0d\xba\xff\xfc\xf3\x8f\x36\xe8\x36\
\x88\x52\x00\x9c\x6f\xb6\x90\x12\x88\xd7\xff\xe3\x8f\x3f\xd8\xb5\
\x6b\x57\xc4\x6d\x6c\xdd\xba\x95\xfc\xfc\x7c\x00\x1a\x56\xa3\xf8\
\xff\xb9\xa1\x27\xdd\x31\x15\x00\x07\x08\x12\x4e\x70\xd8\xe7\x63\
\x95\x2c\x03\x08\x82\x20\xc4\x0d\x69\xba\xc1\x32\x12\x1f\x80\xdd\
\xbb\x77\x53\x58\x58\x08\x40\x7d\xa3\x11\x73\x94\x85\x77\x2c\x18\
\xb4\x98\x7d\x55\x55\xa3\xaa\x0f\x50\x32\x19\x51\xf5\x48\xff\x9b\
\xa7\xaa\xa1\x12\x00\xe5\x00\xbf\xc5\x52\x00\x00\x4c\x0d\xf6\xe6\
\x2f\x2e\x87\xdc\x51\x82\x20\x08\x71\x42\xba\xce\x02\x10\x49\x41\
\xa0\xed\xdb\xb7\x6b\xdb\xf5\x95\xb2\x0d\xba\xdd\x75\x31\xfb\x73\
\xe7\xce\x8d\xf8\xfc\x2d\x5b\xb6\x68\xdb\x8d\xaa\x89\xf9\x7f\x81\
\xdb\x89\x3b\xf8\x02\xc0\x4c\x42\x84\xff\x45\x2b\x00\xd4\xd2\x05\
\x40\xc8\x35\x09\x41\x10\x04\x21\xce\x2d\x00\x7a\x87\xc1\x7a\x65\
\x14\x00\x1d\x4d\xc5\x59\xfb\xe6\xcf\x9f\xaf\x55\x17\x0c\x97\xa2\
\xa5\x08\x80\x86\x4a\xf5\xb0\x00\xcc\x09\x6d\xfe\xff\x36\xdc\xb6\
\x22\x11\x00\xdb\x81\x95\xa5\xbd\x79\xc0\xe7\x93\xe2\x40\x82\x20\
\x08\xf1\x62\x01\xd0\x65\xef\x8b\x44\x00\xe8\x13\x07\xe9\x6b\x0a\
\x44\x43\x2d\x45\xd1\xf2\x08\x1c\x3d\x7a\xb4\x84\x47\x7f\xa4\x16\
\x80\xd3\xaa\xc1\x12\x80\x43\x55\x43\xa5\xff\xb5\x13\x46\xf8\x5f\
\x34\x02\xa0\xc8\x0a\x50\x2a\x3f\x4a\x34\x80\x20\x08\x42\x9c\x58\
\x00\xa2\x13\x00\x7a\x0b\xc0\xa9\x31\x18\x74\xdb\xeb\xac\x00\x7f\
\xfc\xf1\x87\x08\x80\x20\xcc\x77\xbb\xb0\x07\xcf\xbb\xf3\x33\x90\
\x7f\x52\x04\xc0\x2c\x97\x03\xaf\xdc\x57\x82\x20\x08\x95\xdf\x02\
\xa0\x94\x7d\x09\xe0\xd4\x18\x98\xdd\xf5\xc9\x7b\xf4\x49\x7d\x42\
\xce\x86\x1d\x0e\x2d\x7c\xd1\x66\x30\x90\x69\xa8\xfa\x39\x00\x7f\
\x0c\xed\x6b\xf7\x6d\x24\xed\x45\xda\x63\xff\x00\xa5\xfe\x42\x47\
\x7d\xbe\x50\xc5\x09\x04\x41\x10\x84\x4a\x66\x01\xc8\xce\xce\x0e\
\xfb\x3c\xfd\x12\xc0\xa9\x4a\xd9\x07\xdd\x73\x74\xce\x7b\x7f\xfe\
\xf9\x67\xd8\xe7\xfd\xfb\xef\xbf\x9a\xcf\x40\x75\x98\xfd\xe7\xab\
\x6a\xa8\xf4\xbf\x2e\x20\xa2\x50\x8a\x68\x7e\xbd\x2f\x82\xbd\x39\
\xd3\x29\xd1\x00\x82\x20\x08\x95\x1d\xb3\x2e\x7a\xcf\xe5\x0a\x6f\
\xe2\xa6\xaa\xaa\x26\x00\x4c\x40\xad\x18\x58\x00\xce\x30\x9a\xb4\
\x40\x42\x7d\x8a\xe1\x50\xe8\xd3\x07\xd7\xad\x06\x0e\x80\x73\x5d\
\xce\x50\x69\xf7\x67\x03\x47\x23\x69\x33\x1a\x01\x30\x09\x4a\xb7\
\xf4\xcf\x71\x3b\x29\x94\xda\x00\x82\x20\x08\x95\x1a\xa3\x2e\x7e\
\xdf\xeb\x0d\x6f\xf1\xf6\xd0\xa1\x43\x5a\x0e\x80\x53\x74\x05\x85\
\xca\x42\x82\xc1\x40\xad\x80\x25\x21\x2b\x2b\x2b\xec\x90\xc4\xbd\
\x7b\xf7\x6a\xdb\xb5\x15\x31\xff\x03\x5f\x46\xda\x66\x34\xbd\xb6\
\x17\x98\x5f\xda\x9b\x0e\x55\x0d\x27\x4c\x41\x10\x04\x41\x38\xa9\
\x02\x00\x4d\x02\xb8\xdd\xe1\x45\x70\x95\x5c\xff\x8f\xdd\xa0\x7b\
\x9a\x6e\x06\x5f\x54\xda\x37\x14\xfb\xf6\xed\xd3\xb6\x6b\x56\xf1\
\xf5\xff\x2c\xd5\xc7\xd2\xe0\xe6\xff\x42\x60\x46\x45\x08\x80\x22\
\x2b\x40\xa9\x7c\x2b\x49\x81\x04\x41\x10\xe2\x42\x04\x44\x62\x01\
\x88\x75\x04\x40\xf1\x0c\xde\x58\xc2\xca\x10\xa9\x05\xe0\x94\x2a\
\xbe\x04\x30\xd3\xe9\xc0\x13\xfc\x90\xef\x89\xc0\xfb\xbf\xac\x02\
\x60\x2a\xfe\x78\xc3\x13\xb2\xdc\xed\x62\xa7\x57\xe2\x01\x04\x41\
\x10\x2a\x33\xa6\x40\x32\x20\x8f\xc7\x13\xd6\xf1\xfa\xa2\x41\xb1\
\x5c\x77\x4f\x8b\x22\x22\xa1\x84\x05\xa0\x8a\x2f\x01\x7c\xe7\x8c\
\xbd\xf9\xbf\x2c\x02\x20\x17\x98\x5e\xda\x9b\x2a\x30\xcd\x65\x97\
\xbb\x4b\x10\x04\x21\x0e\x2c\x00\xe1\x0a\x00\xfd\xec\xbc\x46\x0c\
\xcd\xee\xfa\x88\x84\x70\x7d\x00\xf4\x4e\x80\x55\xd9\x07\x60\x83\
\xd7\xc3\x46\x6f\xd0\xdf\xe7\x28\x61\x16\xff\x89\x95\x00\x00\xf8\
\x38\xd8\x9b\xdf\x86\x36\x59\x08\x82\x20\x08\x27\x91\xa2\x01\x20\
\xdc\x14\xbc\xfa\xd9\xb9\x3e\x8f\x40\x59\x49\x8f\x22\x2d\xf1\xfe\
\xfd\xfb\xab\x85\x05\xe0\x5b\x67\xc8\xc9\xf4\x17\x80\xb3\x2c\xbf\
\x7f\x34\xcc\x01\x4a\xf5\xd6\x38\xec\xf3\xb1\xc8\x2d\xce\x80\x82\
\x20\x08\x95\x95\xa2\x88\xad\xe4\xe4\xe4\xb0\x8e\xd7\x97\x0d\x4e\
\x8f\xa1\x05\x20\x59\xd7\x56\x51\x79\xdf\x50\x14\x2d\x01\x98\x31\
\x90\x51\x45\x9d\x00\xdd\xa8\xfc\xe0\x0c\x39\x8e\x4e\x28\xab\x00\
\x8c\x06\x15\xf8\x34\xd8\x01\x5f\x3b\xc4\x19\x50\x10\x04\xa1\x32\
\xe2\x50\x55\x2d\x9e\x3b\x25\x25\x25\xac\x73\xf4\x4b\x00\x99\x31\
\x9c\x75\xab\xba\x52\x72\x4a\x18\xed\x3a\x1c\x0e\x1c\x81\xf1\x25\
\x55\x31\x60\xa8\xa2\xbf\xd1\x5c\x97\x8b\x2c\x35\xa8\x75\xe6\x2f\
\x82\xd4\xe8\x29\x4f\x01\x00\xf0\x09\x41\x72\x02\xfc\xe6\x76\xb2\
\xdb\x27\xce\x80\x82\x20\x08\x95\x75\xf6\x0f\x60\xb3\xd9\x22\xb6\
\x00\xc4\x72\xd6\xad\xcf\x1c\x63\x30\x84\x1e\xce\x73\x73\x73\xb5\
\xed\x14\x83\xa1\xca\xfe\x46\x5f\x85\x36\xff\x4f\x28\x4b\xfb\x65\
\xfd\x05\x77\xe3\x2f\x3e\x70\x42\x7c\xc0\x14\x87\x38\x03\x0a\x82\
\x20\x54\x3a\x01\xa0\x1b\x76\xc3\xb5\x00\xe8\x05\x40\x5a\x0c\x07\
\x5e\x7d\x16\x02\xb3\xd9\x1c\xf2\xf8\xbc\xbc\x3c\x6d\x3b\xb9\x8a\
\x0a\x80\x6d\x5e\x2f\xcb\x83\xc7\xfe\x7b\x08\x91\x99\xb7\xbc\x05\
\x00\xc0\xd8\x60\x6f\x4e\x75\x3a\x70\x48\x66\x40\x41\x10\x84\x4a\
\x45\x41\x84\x16\x00\x55\x55\x35\x0f\xfd\x44\x83\x81\x84\x18\x0e\
\xbc\xd9\x3a\x27\xc4\x8c\x8c\x8c\x88\x2c\x00\xc9\x55\x74\xfd\x7f\
\x8a\xd3\x4e\x88\x91\x73\x06\xb0\xff\x64\x0b\x80\xef\x81\xed\xa5\
\xfe\xb0\xaa\x8f\x1f\x24\x33\xa0\x20\x08\x42\xa5\x22\x2f\x42\x01\
\x90\x95\x95\xa5\x85\x0b\xc6\xda\xe9\xee\x90\x4e\x00\xd4\xa9\x53\
\x27\x32\x01\x50\x05\x3d\x00\x1c\xaa\xca\xf4\xd0\xb1\xff\x63\xca\
\xfa\x77\x62\xf1\x2b\x7a\x81\x0f\x83\x1d\xf0\x85\xa3\x50\xee\x36\
\x41\x10\x84\x4a\xc4\x7e\x9d\x7f\x56\xbd\x7a\xf5\x42\x0f\xd2\x3a\
\x07\xc0\x0c\x25\xb6\x83\xee\x41\x9d\xa3\x5b\x38\x9f\x45\x2f\x00\
\x6c\x55\x70\x09\x60\xb6\xcb\x49\x4e\x70\xe7\xbf\x2d\xc0\xdc\xca\
\x20\x00\x00\x3e\x02\x4a\x95\x2b\x1b\xbc\x1e\x56\x7a\xdc\x72\xc7\
\x09\x82\x20\x54\x12\xf6\x79\x8b\x07\x98\x06\x0d\x1a\x84\x3c\xbe\
\xbc\x1c\x00\x8f\xb5\x00\xd4\xad\x5b\x37\x22\x01\x50\x15\x9d\x00\
\x27\x39\x43\x4e\x9a\x3f\x04\xca\xbc\xb6\x1e\xab\x5f\xf1\x30\xf0\
\x55\xb0\x03\x3e\x11\x2b\x80\x20\x08\x42\xa5\xe1\x80\xce\x02\x10\
\x8e\x00\x28\x91\x04\x28\xc6\x02\xe0\xb0\xee\xb3\x84\xb3\x04\xa0\
\x77\x02\x4c\xaa\x62\x02\x60\x85\xc7\xcd\xdf\xc1\x33\x33\x3a\x09\
\x11\x82\x5f\xd1\x02\x00\xe0\xdd\x60\x6f\x2e\x70\x39\xd9\x26\xf5\
\x01\x04\x41\x10\x2a\x05\x7b\x75\xb3\xee\xd3\x4e\x3b\x2d\xe4\xf1\
\x39\x39\x39\xda\xb6\x2d\x86\x4b\x00\x5e\x9d\x05\x20\x39\x39\x39\
\x62\x27\xc0\xaa\x66\x01\x98\x18\x7a\xb2\xfc\x35\x70\x28\x16\x7f\
\x2b\x96\x02\x60\x05\xb0\xa4\xb4\x37\x7d\xc0\x04\xb1\x02\x08\x82\
\x20\x54\x0a\xf6\x47\x68\x01\x28\x2c\x2c\x7e\x7e\x27\xc5\xd0\xf1\
\xee\x90\xcf\xab\x25\x93\x09\xe7\x73\x1c\xfb\x59\x12\xaa\x90\x00\
\xd8\xed\xf3\xf2\x6b\x68\xa7\xf9\x77\x62\xf5\xf7\x62\x1d\x3f\xf1\
\x7a\xb0\x37\x67\x38\x1d\x1c\x0e\x33\xe7\xb4\x20\x08\x82\x50\x3e\
\xf8\x80\x9d\x01\x01\x60\x32\x99\xc2\x1a\x78\x0b\x0a\x0a\xca\x65\
\xd0\xdd\xef\x8b\xcc\x17\x01\x4a\x96\x2f\x36\x55\xa1\x28\x80\x49\
\x0e\x3b\x21\xec\xe4\x8b\x81\x3f\x2a\xab\x00\xf8\x0e\xf8\xa7\xb4\
\x37\x5d\xa8\x4c\x76\x4a\x62\x20\x41\x10\x84\x93\xc9\x1e\x9f\x17\
\x7b\x20\x0c\xb0\x69\xd3\xa6\x58\xad\xd6\x88\x04\x40\x62\x0c\x05\
\xc0\x5e\x9d\x25\x22\x9c\xa5\x08\x28\x59\xbd\xd0\x58\x45\xc6\xff\
\x7c\x55\x0d\xa7\xf0\xcf\xe8\x58\xfe\xcd\x58\x0b\x00\x1f\xf0\x56\
\x70\x85\x53\x58\x22\xfe\x54\x10\x04\x41\xa8\x58\xfe\xd1\x0d\xa0\
\x2d\x5a\xb4\x08\xeb\x1c\xbd\xd9\x3d\x96\x02\x60\x5f\x19\x2d\x00\
\xc6\x2a\xf2\x9b\x7c\xe5\xb4\x87\x1a\x1b\x77\x02\xd3\x2a\xb3\x00\
\x00\x7f\x6e\xe2\xc3\xa5\xbd\x99\xa7\xaa\x7c\x29\xe9\x81\x05\x41\
\x10\x4e\x1a\x5b\x74\xf5\xe5\x9b\x37\x6f\x1e\xb9\x00\x88\xa1\xd9\
\x3d\xd2\x68\x84\x63\x05\x80\x52\x05\x96\x00\x5c\xa8\x7c\x1e\xda\
\x47\xee\x5d\xfc\xe9\x7f\x2b\xb5\x00\x28\x04\xde\x0f\x76\xc0\x67\
\x8e\x42\xcd\xfc\x24\x08\x82\x20\x54\xb4\x00\xf0\x46\x6c\x01\x70\
\xb9\x8a\xf3\xd2\x9b\x63\x38\xe6\x46\xe3\x03\xa0\xea\xc6\x8f\xaa\
\xb0\x02\x30\xc3\xe9\xe0\x60\x70\xff\xb8\x7c\xfc\xf9\x76\x62\x4a\
\x79\x25\x51\x1e\x1d\xf8\xc0\x27\xe4\xa8\xea\x63\x8a\xf8\x02\x08\
\x82\x20\x9c\x14\x36\x7b\x23\x5f\x02\xf0\xe9\x06\xa8\x58\xce\xba\
\xf7\x45\x61\x01\xd0\x17\x0c\xf2\x10\xdf\x93\x49\x1f\x61\xe5\xc9\
\xf9\x10\xc8\x8a\x17\x01\x70\x84\x10\xe9\x81\x3f\x71\x14\xe2\x14\
\x2b\x80\x20\x08\x42\x85\x52\xa8\xaa\xfc\x1b\x10\x00\x29\x29\x29\
\x9c\x71\xc6\x19\x51\x08\x80\xd8\xa1\xcf\x48\x18\xae\x13\xa0\xc9\
\x64\xd2\x09\x80\xf8\x66\xae\xcb\xc9\xf6\xe0\x39\x72\x5c\x84\xf0\
\xad\xab\x6c\x02\x00\x60\x14\x50\xea\x34\xff\x90\xcf\xc7\x37\xa1\
\x8b\x1d\x08\x82\x20\x08\x31\xe4\x6f\xaf\x47\x0b\x35\x6b\xdf\xbe\
\x3d\x46\x63\x78\x6e\x74\xe5\x21\x00\x1c\xaa\x4a\x76\x20\xe7\x7d\
\xcd\x9a\x35\x49\x4a\x4a\x8a\xdc\x02\x10\xc7\x13\x49\x1f\xf0\xbe\
\xbd\x20\xd4\x61\x93\x80\xdd\xf1\x26\x00\xf6\x03\xe3\x83\x1d\x30\
\xd6\x51\x20\xa5\x82\x05\x41\x10\x2a\x52\x00\xe8\xea\xb2\xb4\x6f\
\xdf\x3e\xfc\xc1\x4a\x27\x00\x62\xb5\x00\xb0\xcf\xe7\xd3\x0c\xf8\
\xe1\x9a\xff\x8f\x15\x00\xf1\x5c\x65\x66\xb6\xcb\x51\x62\x39\xe6\
\x04\xa8\x81\xc9\x74\xb9\x50\xde\x85\x94\xff\x87\xdf\x7c\x71\x42\
\x0e\xfb\x7c\x4c\x12\x5f\x00\x41\x10\x84\x0a\x63\x9d\x2e\x04\xb0\
\x43\x87\x0e\x61\x9f\x57\xd2\xf3\x3e\x36\xec\xd6\xad\xff\x37\x6e\
\xdc\x38\xec\xf3\x2c\x16\x4b\xb1\x00\x88\xd3\x49\xa4\x17\x78\xdf\
\x1e\x72\xed\xff\x3b\x60\x7d\xbc\x0a\x80\x5d\xf8\xc3\x02\x4b\xe5\
\x63\x7b\x21\xf9\x62\x05\x10\x04\x41\xa8\x10\xd6\xea\x2c\x00\x1d\
\x3b\x76\x0c\xfb\x3c\xfd\x52\x41\xac\xf2\xb9\xee\xd4\x89\x8a\xa6\
\x4d\x9b\x86\x7d\x9e\x7e\xa9\xc0\x1e\xa7\x4e\x80\x33\x9d\x0e\xcd\
\x17\x23\xc8\xec\xff\x95\xf2\xfc\x0c\x4a\x05\x7c\xcf\x97\xf1\x57\
\x2f\x3a\x21\xd9\xaa\x8f\xcf\xa4\x46\x80\x20\x08\x42\xb9\x93\xa5\
\xfa\xd8\x13\x98\x75\xd7\xaa\x55\x8b\x46\x8d\x1a\x85\x7d\xae\x3e\
\x5b\xa0\x33\x46\x83\xee\x2e\x9d\x05\xa0\x49\x93\x26\x61\x9f\x97\
\x9a\x9a\xaa\x6d\x17\xc4\xe1\x04\xd2\x03\x8c\x09\xbd\xf6\x3f\x1d\
\x7f\x8d\x9d\xb8\x16\x00\x3b\x81\xb1\xc1\x0e\xf8\xcc\x51\x48\x96\
\x2a\x35\x02\x04\x41\x10\xca\x93\xbf\xa2\x34\xff\x1f\x2b\x00\xdc\
\x31\x1a\x73\xf5\x16\x80\x48\x04\x80\xcd\x66\x8b\x6b\x01\xf0\xad\
\xd3\x5e\x42\xfc\x9c\x00\x1f\xf0\x5c\x79\x7f\x0e\xa5\x82\xbe\xef\
\x2b\xf8\x13\x04\x9d\x90\x3c\x55\xe5\x43\xbb\x58\x01\x04\x41\x10\
\xca\x93\x75\x3a\xf3\x7f\x59\x04\x80\x4b\x2c\x00\x51\xe3\x42\xe5\
\x83\xd0\xb3\xff\xaf\x81\xb5\x55\x45\x00\xec\xc7\x9f\xc6\xb0\x54\
\x26\x3b\x0a\xd9\xe1\xf5\xca\x1d\x2a\x08\x82\x50\x6e\x02\xa0\xd8\
\x02\x10\x49\x04\x00\x40\x42\x42\x82\xb6\xed\x8c\xc1\x98\xeb\x05\
\x6d\x39\xc2\x62\xb1\x44\x14\x05\xa0\x17\x00\xf1\xe6\x43\xf6\x95\
\xc3\x5e\x22\xfb\x61\x29\x5d\xf3\x7c\x45\x7c\x16\xa5\x02\xbf\xf7\
\xff\x80\xdc\xd2\xde\xf4\x00\xa3\xed\xf9\x72\x87\x0a\x82\x20\x94\
\x97\x00\xf0\xc6\xc6\x02\x10\x0b\x1f\x80\x3d\x5e\xaf\x96\x0c\xae\
\x69\xd3\xa6\x61\xe7\x23\x00\x48\x4f\x4f\xd7\xb6\x73\xe2\xa8\xc4\
\xbc\x43\x55\xf9\x38\xb4\xcf\xdb\xe7\xc0\x86\xaa\x26\x00\x8e\x00\
\x23\x83\x1d\x30\xdb\xe5\x2c\xe1\xa1\x2a\x08\x82\x20\xc4\x86\xdd\
\x3e\x2f\x47\x02\x83\xe5\x69\xa7\x9d\xc6\x29\xa7\x9c\x12\xd1\xf9\
\x69\x69\x69\x31\x9d\x75\x6f\xd5\x79\xc0\x37\x6b\xd6\x2c\xa2\x73\
\xf5\x9f\xfd\x70\x1c\xf9\x8f\x4d\x72\xda\x43\xe5\xfc\x77\x03\x2f\
\x54\xd4\xe7\x51\x2a\xf8\xfb\xbf\x01\xec\x2d\xed\x4d\x15\x18\x55\
\x28\x56\x00\x41\x10\x84\x58\x33\x53\x97\x79\xb5\x47\x8f\x1e\x11\
\x9f\x9f\x99\x99\xa9\x6d\x67\xc7\x60\xd6\xfd\xaf\x6e\xfd\x3f\x52\
\x01\x60\xb3\xd9\x48\x4e\x4e\x06\xe0\xa8\xcf\x47\x3c\x48\x80\x3c\
\x55\xe5\xe3\xd0\xbe\x6e\x9f\x00\xff\x56\x55\x01\x50\x08\xfc\x37\
\xd8\x01\x2b\x3d\x6e\x7e\x70\x49\x8a\x60\x41\x10\x84\x58\xe1\x05\
\xa6\xea\x04\xc0\xc0\x81\x03\x23\x6e\xa3\x46\x8d\x1a\xda\x76\x4e\
\x0c\x66\xdd\x7a\x0b\xc0\x39\xe7\x9c\x13\xf1\xf9\x75\xea\xd4\xd1\
\xbe\x5b\x76\x1c\x2c\x03\xbc\x6f\x2f\xd0\xd2\x1e\x97\x82\x0b\x78\
\xb5\x22\x3f\x93\x72\x12\xfa\x61\x02\xb0\x2e\xd8\x01\x23\x0a\xf3\
\x25\x39\x90\x20\x08\x42\x8c\x58\xe8\x76\xb2\x37\x30\xe3\x6e\xd2\
\xa4\x09\x5d\xbb\x76\x2d\xa3\x00\x28\xfb\xf3\x79\x4b\x19\x96\x00\
\xf4\x02\x00\x2a\xff\x32\xc0\x36\xaf\x97\x2f\x42\xaf\xfd\x7f\x00\
\x6c\xaf\xea\x02\xc0\x0b\x3c\x11\xec\x80\xc3\x3e\x1f\x1f\x86\x0e\
\x93\x10\x04\x41\x10\xc2\xe0\x6b\x47\xf1\xec\xff\xae\xbb\xee\xc2\
\x60\x88\x3c\x9b\x7f\x2c\x97\x00\x3c\xc0\xd6\x40\xd4\x97\xc9\x64\
\xe2\xcc\x33\xcf\x8c\xb8\x0d\xbd\x1f\xc0\xa1\x4a\x6e\x01\x18\x51\
\x98\x17\xaa\x6a\xa1\x1d\xbf\xa3\x7c\x85\xa2\x9c\xa4\xfe\xf8\x01\
\x98\x1b\xec\x80\xcf\x1c\x85\xa1\xd2\x24\x0a\x82\x20\x08\x21\x70\
\xa8\x2a\xcb\x3c\x2e\x6d\xb0\x1d\x34\x68\x50\x54\xed\xd4\xae\x5d\
\x5b\xdb\x3e\x52\xc6\x19\xf7\x66\x8f\x47\x2b\x04\x77\xee\xb9\xe7\
\x96\x08\x31\x0c\x17\x7d\xd8\xe0\x1e\x5f\xe5\x0d\x21\x5f\xe8\x76\
\xb1\xd0\xed\x0a\x75\xd8\xeb\xc0\x9e\xea\x22\x00\x00\x1e\x20\x48\
\x21\x27\x0f\xf0\xb2\x38\x04\x0a\x82\x20\x94\x89\xad\x5e\xaf\x36\
\xd8\xb6\x6f\xdf\x9e\x9a\x35\x6b\x46\xd5\x4e\x4a\x4a\x8a\x26\x02\
\x0e\xf9\x7c\x65\x5a\xa6\xfd\x4b\x17\x8e\xd8\xa9\x53\xa7\xa8\xda\
\xd0\x27\x0e\xda\x5d\x49\x73\xc8\x78\x09\xcb\xb1\x7d\x0f\xf0\xda\
\xc9\xf8\x7c\x27\x53\x00\xac\x07\x46\x07\x3b\x60\x99\xdb\xc5\x6c\
\x97\x53\xee\x60\x41\x10\x84\x28\xd9\xa7\x9b\x1d\x9f\x75\xd6\x59\
\x65\x6a\xab\x61\xc3\x86\xda\xf6\xe1\x32\x98\xdd\xa3\x2d\x48\x54\
\x9a\x00\xd8\x59\x49\x2d\x00\x93\x1c\x85\x25\x7c\x1d\x4a\x61\x18\
\x70\x52\xd6\xbc\x95\x93\xdc\x3f\xcf\x13\xc2\xec\x31\xa2\x30\x8f\
\x42\x71\x08\x14\x04\x41\x88\x0a\x93\x21\x76\x6d\xe9\x13\xf0\xe4\
\xab\x65\x11\x00\x9e\x32\x5b\x00\x4e\x3f\xfd\xf4\x4a\x6d\x01\xc8\
\x51\x7d\x7c\x10\x3a\xec\x6f\x19\x30\xe9\x64\x7d\xc6\x93\x2d\x00\
\xf2\x80\xc7\x83\x1d\x70\x40\x1c\x02\x05\x41\x10\xa2\x26\xd3\x50\
\xfc\x98\xdf\xb0\xa1\x6c\x09\xe6\xa2\x71\x1e\x3c\x96\xfd\x3e\xaf\
\xe6\xdf\x95\x99\x99\xc9\xd9\x67\x9f\x1d\x55\x3b\x8d\x1b\x37\x46\
\x51\xfc\xdf\x6d\x57\x25\xb4\x00\xbc\x5d\x58\x10\x2a\x5c\x52\x05\
\x1e\x0c\xfc\x5f\x2d\x05\x00\xc0\x17\xc0\xaf\xc1\x0e\xf8\xd4\x61\
\x67\x9b\xd4\x09\x10\x04\x41\x88\x98\x66\x26\x33\xc9\x81\x81\x7b\
\xe5\xca\x95\xe4\xe4\xe4\x44\xdd\x56\x41\x41\xf1\x64\xcc\x12\xa5\
\x18\xf8\xd5\x55\xec\x10\x77\xd9\x65\x97\x69\x83\x78\xa4\x58\xad\
\x56\xea\xd7\xaf\x1f\xb0\x46\xa8\x5a\x96\xc3\xca\xc0\x16\xaf\x87\
\x6f\x9c\xf6\x50\x87\x4d\x04\x7e\x3f\x99\x9f\x53\xa9\x24\xfd\xf5\
\x00\x94\x1e\x25\xe1\x46\xe5\x95\xc2\x3c\xb9\x93\x05\x41\x10\x22\
\xc4\x04\xb4\x33\x99\x01\xf0\x7a\xbd\x2c\x5e\xbc\x38\xea\xb6\x76\
\xee\xdc\xa9\x6d\xd7\x51\x8c\x51\xb5\x31\xcd\x55\x3c\x30\xf6\xed\
\xdb\xb7\x4c\xdf\xad\x79\xf3\xe6\xda\xf6\xa6\x4a\x12\x35\xa6\xe2\
\x77\x60\x0f\x31\x65\xcd\x07\x9e\x3a\xd9\x9f\xb5\xb2\x08\x80\x75\
\x84\xa8\x16\xb8\xc4\xed\xe2\x7b\xc9\x10\x28\x08\x82\x10\x31\xad\
\x02\x02\x00\x60\xdd\xba\x75\x51\xb5\x71\xe4\xc8\x11\xf6\xec\xf1\
\xbb\x6c\xd9\x0c\x06\x52\xa3\xb0\x00\xfc\xe5\x71\xb3\x3e\xb0\xfe\
\x5f\xa3\x46\x0d\xae\xbc\xf2\xca\x32\x7d\xaf\xd6\xad\x5b\x6b\xdb\
\x1b\x2b\x89\x00\x98\xee\x74\xf0\x47\xe8\xb0\xbf\x57\x39\x09\x61\
\x7f\x95\x55\x00\x80\x3f\x45\xf0\xde\x60\x07\xbc\x5c\x90\xc7\x81\
\x38\xaa\xfc\x24\x08\x82\x50\xe9\x2c\x02\x26\x53\x54\xe7\xcd\x9d\
\x3b\x17\x5f\xe0\xf9\xdb\xce\x64\x89\xaa\x8d\xc9\x3a\xb3\xf8\xa0\
\x41\x83\xa2\x8a\xff\x2f\x21\x6c\x5a\xb5\x2a\xb6\x00\x78\x4e\xbe\
\x00\xc8\x52\x7d\xbc\x1e\x3a\xec\x6f\x17\xf0\x56\x65\xb8\x16\x2a\
\x93\x00\xc8\xc3\x1f\x0e\x51\xfa\x01\xaa\xca\x0b\x05\xb2\x14\x20\
\x08\x82\x10\x2e\x2a\x30\x5f\x37\x23\x6d\xda\xb4\x69\x54\xed\x4c\
\x98\x30\x41\xdb\xbe\xd0\x1c\xb9\x00\xf0\x01\xf3\x03\xeb\xff\x06\
\x83\x81\xbb\xef\xbe\xbb\xcc\xdf\x4d\x2f\x00\x2a\x83\x05\xe0\x95\
\x82\x7c\x8e\x86\x8e\x8e\x78\x18\x7f\x5d\x1c\x11\x00\xc7\xf0\x39\
\xb0\x30\xd8\x01\xf3\xdd\x4e\x29\x16\x24\x08\x82\x10\xe6\xe0\x3f\
\xda\x5e\xc0\x5f\x81\xb8\xfb\xb4\xb4\x34\x2e\xb9\xe4\x92\x88\xdb\
\xf9\xe3\x8f\x3f\xf8\xf1\xc7\x1f\x01\x48\x30\x18\xe8\x69\xb1\x46\
\xdc\xc6\x66\xaf\x47\xf3\x8a\x3f\xe7\x9c\x73\x4a\xc4\xf1\x47\xcb\
\x19\x67\x9c\x41\x52\x52\x12\x00\xdb\xbc\x1e\x9c\x27\x31\x64\x7c\
\xa1\xdb\x15\xce\xd8\xf4\x2b\xf0\x4d\x65\xb9\x3e\x94\x4a\x78\xbd\
\xde\x05\x38\x43\xa9\xac\x23\xb2\x14\x20\x08\x82\x50\x2a\x79\xaa\
\xca\x5d\x79\xd9\x8c\xd5\x85\x51\x0f\x1f\x3e\x5c\x1b\x30\xc3\x6e\
\x27\x2f\x8f\xdb\x6f\xbf\x5d\xdb\xbf\xce\x9a\x48\x8d\x28\x3c\xf7\
\xf5\xd5\xff\x2e\xb8\xe0\x82\x98\x7c\x47\xa3\xd1\xa8\x59\x01\xbc\
\xc0\x1f\x1e\xf7\x49\xe9\xeb\xc2\xf0\xac\xd3\x8e\xc0\xf8\x56\x69\
\x50\x2a\xe1\x75\xbb\x1e\x78\x21\xd8\x01\x59\xaa\x8f\xe7\x24\x2a\
\x40\x10\x04\xe1\x84\x14\xa8\x2a\x83\x72\xb3\x58\xa4\x33\xfd\xdf\
\x72\xcb\x2d\x0c\x1d\x3a\x34\xa2\x76\x9c\x4e\x27\x7d\xfb\xf6\xd5\
\x1c\x07\xd3\x0c\x0a\xb7\x27\x24\x45\xf5\x99\xf4\x05\x7b\xf4\x79\
\xfc\xcb\xca\x7f\xfe\xf3\x1f\x6d\x7b\xc1\x49\xca\x1c\x3b\xda\x5e\
\xa0\x55\x5b\x0c\xc2\x8b\xc0\x66\x11\x00\xa1\xf9\x1f\xb0\x3c\xd8\
\x01\xbf\xba\x9c\xfc\x24\x69\x82\x05\x41\x10\x8e\x63\x78\x41\x9e\
\xb6\x26\x6e\xb1\x58\x18\x39\x72\x24\x9f\x7c\xf2\x49\x44\x89\x7c\
\x7c\x3e\x1f\x03\x06\x0c\x60\xde\xbc\x79\xfe\xd9\x36\xf0\x6a\x8a\
\x8d\x9a\x51\xc6\xed\xeb\x6d\xb6\xd1\x3a\x22\x9e\x88\x9e\x3d\x7b\
\x6a\xdb\x6b\xbc\x15\x6f\x01\x58\xe7\x71\x87\x53\xea\xf7\x2f\x60\
\x64\x65\xbb\x4e\x4c\x95\xf4\xfa\xf5\x00\xb7\x00\xab\x80\x52\xdd\
\x44\x5f\x2a\xc8\xa3\x83\xc9\x1c\x95\x39\x4a\x10\x04\xa1\x2a\xf2\
\xbb\x6e\x2d\xda\x68\x34\x32\x75\xea\x54\x7a\xf7\xee\x1d\x71\x3b\
\xa3\x46\x8d\xe2\xeb\xaf\xbf\x06\xc0\x00\xbc\x98\x9c\x4a\x57\xb3\
\x35\xea\xcf\x95\xae\xcb\x48\xb8\x6b\xd7\xae\x98\x7d\xdf\x66\xcd\
\x9a\x61\x30\x18\x50\x55\x95\xbd\xde\x8a\x5d\x1a\xf6\x06\xc4\x96\
\x37\xb4\xf6\xb9\x8b\x20\xc5\xef\xc4\x02\x70\x3c\x1b\x80\x97\x83\
\x1d\x90\xa5\xfa\x24\x41\x90\x20\x08\x82\x6e\x40\x7a\x4d\x17\x86\
\xf6\xe0\x83\x0f\x46\x35\xf8\x17\x16\x16\x32\x6a\xd4\x28\x6d\xff\
\xb1\xa4\x14\xae\xb4\x96\x2d\x64\xaf\x85\x6e\xd6\xbf\x74\xe9\xd2\
\x98\x7d\x67\xab\xd5\x8a\xd9\xec\xcf\x73\xe0\xaa\xe0\xac\xba\x1f\
\xdb\x0b\xd9\x10\x3a\xfa\xe0\x1d\x60\x49\x65\xbc\x5e\x2a\xfb\xd4\
\x79\x04\xf0\x67\xb0\x03\x7e\x72\x39\xf9\x45\x96\x02\x04\x41\x10\
\xf8\xd1\xe5\x60\x73\x60\x40\x3a\xe5\x94\x53\x78\xf6\xd9\x67\xa3\
\x6a\xe7\x8f\x3f\xfe\xe0\xd0\xa1\x43\x00\xb4\x36\x99\xb9\x25\xca\
\x75\x7f\x3d\x4d\x8c\x26\x6c\x81\x25\x88\x35\x6b\xd6\x94\xb9\x2e\
\x41\x11\xdb\xb6\x6d\xc3\x15\x08\x2f\xd4\xd7\x3d\x28\x6f\xfe\xf5\
\x7a\xf8\xc0\x11\xb2\x4e\xcd\x4e\xe0\x99\xca\x7a\xbd\x54\x76\x01\
\xe0\x06\x06\x01\x41\xd3\x2a\xfd\xb7\x20\xb7\x44\xc9\x4b\x41\x10\
\x84\xea\xc8\x57\x8e\xe2\x44\x3b\xff\xfd\xef\x7f\x49\x4b\x4b\x8b\
\xaa\x9d\xc2\xc2\xe2\x35\xed\xb4\x18\x0d\xaa\x46\xa0\x97\xa5\xd8\
\x8a\x30\x7d\xfa\xf4\x32\xb7\xe9\x72\xb9\x78\xfa\xe9\xa7\xb5\xfd\
\xf3\xcd\x96\x0a\xe9\x67\x2f\xf0\x64\x41\x1e\x8e\xd0\x61\x87\xf7\
\xe3\x4f\xfb\x2b\x02\x20\x4a\xd6\x02\xaf\x04\x3b\x20\x57\x55\x19\
\x96\x9f\x8b\x48\x00\x41\x10\xaa\x2b\x9b\xbd\x1e\x56\x05\xc2\xe0\
\x52\x53\x53\x19\x30\x60\x40\xd4\x6d\x75\xec\xd8\x51\xcb\xd2\xb7\
\xc0\xed\xe4\xb1\xfc\x5c\xf6\xc7\x60\x92\x75\x89\x2e\x7f\xc0\x2f\
\xbf\xfc\x12\xfd\xa0\xb0\x76\x2d\x8f\x3f\xfe\x38\xa7\x9f\x7e\x3a\
\x93\x27\x4f\x06\xfc\x7e\x0a\xd7\x94\x71\x99\x22\x5c\xde\xb1\xe7\
\xb3\x2e\x74\xc8\xe1\x64\x60\x46\x65\xbe\x66\xe2\xc5\x7b\xee\x65\
\x60\x65\xb0\x03\x56\x78\xdc\x8c\x93\xb2\xc1\x82\x20\x54\x53\xa6\
\x39\x8b\x93\xd0\xdc\x74\xd3\x4d\xd8\x6c\xb6\xa8\xdb\xaa\x59\xb3\
\x26\x8f\x3c\xf2\x88\xb6\xff\x83\xcb\xc1\x0d\xb9\x59\x65\x2e\xbb\
\x7b\x96\xb1\xd8\x0f\x60\xef\xde\xbd\x51\xb5\xf1\xf6\xdb\x6f\xd3\
\xb6\x6d\x5b\x46\x8e\x1c\xa9\xd5\x26\x00\xb8\x37\x31\x99\x16\xba\
\x9a\x07\xe5\xc5\x9f\x1e\x37\x1f\xdb\x43\x7a\xfd\x1f\x05\x1e\xaa\
\xec\xd7\x4c\xbc\x08\x00\x0f\x30\x84\x10\x5e\x94\xef\xdb\x0b\x58\
\xed\x71\xcb\x93\x40\x10\x84\x6a\xc7\xaf\x3a\x5f\x28\x7d\xe2\x9e\
\x68\x79\xe1\x85\x17\x78\xe2\x89\x27\xb4\x72\xbd\x87\x7c\xbe\x32\
\xa7\x62\xb7\xea\xc2\x10\xf5\xa5\x85\xc3\x65\xca\x94\x29\x3c\xf8\
\xe0\x83\x78\x75\xe5\xe1\x1b\x19\x8d\xbc\x9e\x92\xc6\xdd\x89\xc9\
\xe5\xde\xc7\xf9\xe1\x5b\x9b\x1f\x06\x0e\x88\x00\x88\xa1\xf0\x22\
\x44\x82\x20\x2f\xf0\x58\x7e\x2e\x79\x27\x31\x1d\xa4\x20\x08\x42\
\x45\xf3\x8f\xd7\xc3\xee\xc0\xec\xbc\x7e\xfd\xfa\xb4\x6d\xdb\xb6\
\xec\x83\x83\xa2\xf0\xda\x6b\xaf\xb1\x72\xe5\x4a\x52\x52\x52\x00\
\x58\xea\x76\xb1\xdd\x1b\xbd\x15\x60\xa7\xee\xdc\x48\x93\x01\xe5\
\xe6\xe6\x72\xd7\x5d\xc5\x89\xf4\x2e\xb1\x58\x99\x9e\x96\xc9\xac\
\xb4\x1a\x5c\x6e\xb1\x56\x48\x3f\xbf\x56\x98\xa7\xf5\x73\x10\xbe\
\x05\x3e\x8d\x87\xeb\x26\xde\x02\xe8\x5f\x01\xe6\x05\x3b\x60\xaf\
\xcf\xcb\xb3\x05\xb9\xf2\x44\x10\x04\xa1\xda\x50\x54\x64\x07\xa0\
\x77\xef\xde\x11\x25\xfc\x09\x45\xeb\xd6\xad\xe9\xd7\xaf\x1f\xe0\
\xcf\xd5\xbe\xbe\x0c\xc9\x76\xe6\xba\x8b\xad\x14\x6d\xda\xb4\x89\
\xe8\xdc\xcf\x3f\xff\x9c\xac\xac\x2c\x00\x9a\x99\x4c\xbc\x9e\x92\
\x46\x53\x63\xc5\xa5\xb2\x99\xeb\x72\xf2\xad\x33\x64\xae\xff\x83\
\x54\xb2\x74\xbf\x55\x49\x00\xf8\x80\x81\xc0\xe1\x60\x07\xfd\xe2\
\x72\xf2\x8d\xae\xec\xa4\x20\x08\x42\x55\x66\x99\xa7\xa4\x00\x88\
\x35\xa7\x9d\x76\x9a\xb6\x9d\xe5\x8b\xce\xc2\x7a\x54\xf5\x31\x49\
\x97\x31\xef\xea\xab\xaf\x8e\xe8\xfc\xef\xbf\xff\x5e\xdb\x1e\x92\
\x90\x5c\xa1\x59\xec\x8e\xfa\x7c\x0c\x0f\x9d\x73\x46\x05\x6e\x0b\
\x88\x00\x11\x00\xe5\xc4\x1e\xfc\x59\x02\x83\x5e\x85\xaf\x14\xe6\
\x6b\xf1\xb0\x82\x20\x08\x55\x15\x2f\x68\xd5\xfe\x14\x45\xa1\x73\
\xe7\xce\x31\xff\x1b\xfb\xf7\xef\xd7\xb6\x33\x94\xe8\xac\x0b\xcf\
\x17\xe4\x69\xcb\xb3\x5d\xba\x74\xa1\x7b\xf7\xee\x11\x9d\xbf\x69\
\xd3\x26\x6d\xbb\xa3\xd9\x5c\x61\xfd\xab\x02\x4f\x17\xe4\x72\x34\
\x74\x01\xba\xf7\x81\x59\xf1\x74\xed\xc4\x6b\x0e\xdd\x1f\x02\x9d\
\x5d\x2a\x4e\x55\xe5\x89\xfc\xdc\x93\x5a\x1e\x52\x10\x04\xa1\xbc\
\xd9\xe2\xf5\x50\x10\x78\xce\x35\x6f\xde\x3c\xea\xd8\xff\x60\xe8\
\x43\xf6\x9a\x44\x61\x76\xff\xd5\xe5\x64\x4e\xc0\x49\xd1\x68\x34\
\xf2\xfa\xeb\xaf\x47\xdc\x86\x4f\x37\x00\x9b\x30\x54\x58\xff\x4e\
\x76\xd8\xf9\xcd\xed\x0a\x75\xd8\x46\xe0\xf1\x78\xbb\x76\xe2\x39\
\x89\xfe\xa3\xf8\x73\x04\x94\xca\x66\xaf\x87\x11\x85\xf9\xf2\x84\
\x10\x04\xa1\xca\xa2\x8f\x7c\x8a\x55\x99\x5d\x3d\x8b\x16\x2d\x62\
\xfb\xf6\xed\x00\xd4\x53\x8c\x25\x42\xf9\xc2\xb5\x50\xbc\xa5\x0b\
\xd1\x7e\xea\xa9\xa7\x68\xdf\xbe\x7d\xc4\x9f\xe3\xcc\x33\xcf\xd4\
\xb6\x97\x87\x1e\x90\x63\xc2\xdf\x1e\x0f\x23\x43\x8f\x21\x6e\x60\
\x00\x50\x18\x6f\xd7\x4e\x3c\x0b\x00\x07\x70\x63\xa8\x4e\xff\xca\
\x69\x17\x7f\x00\x41\x10\xaa\x2c\x9b\x3d\xc5\x4b\x9d\x1d\x3b\x76\
\x2c\xf5\xb8\x3f\xfe\xf8\x83\x9d\x3b\x77\x46\xdc\xfe\xf0\xe1\xc3\
\xb5\xed\x68\xbc\xed\xe7\xba\x9c\x6c\x09\x2c\xc7\xd6\xa9\x53\x87\
\x27\x9e\x78\x22\xaa\xef\x79\xe9\xa5\x97\x6a\xdb\x2f\x17\xe6\x87\
\xe3\x8d\x5f\x26\x72\x55\x95\x87\xf3\x73\xc2\xa9\x2f\x30\x1c\x58\
\x11\x8f\xd7\x4e\xbc\x97\xd1\x5b\x4f\x18\xc9\x16\x5e\x2e\x08\x2b\
\x6b\x93\x20\x08\x42\xdc\xf1\xaf\x6e\x20\x3c\xe7\x9c\x73\x4e\x78\
\xcc\x88\x11\x23\xe8\xd4\xa9\x13\xcd\x9b\x37\x67\xf7\xee\xdd\x61\
\xb7\x3d\x67\xce\x1c\xe6\xce\x9d\x0b\x40\xa2\xc1\xc0\xa0\x28\x6a\
\x02\x4c\xd4\x39\xfe\x0d\x1b\x36\x8c\xe4\xe4\xe8\xe2\xf5\xef\xbc\
\xf3\x4e\x2d\x74\x70\x9f\xcf\xcb\x35\x39\x47\xf9\xb3\x9c\x9e\xeb\
\x2a\xf0\x4c\x41\x6e\x38\x22\x63\x09\xfe\x9a\x35\x71\x49\x55\xa8\
\xa3\x3b\x16\xf8\x32\xd8\x01\x2e\x54\x86\xe6\xe7\x84\xe3\xc4\x21\
\x08\x82\x10\x57\x6c\xd3\x39\x3b\x9f\x75\xd6\x59\xc7\xbd\xbf\x7f\
\xff\x7e\x9e\x7f\xfe\x79\x00\xf2\xf3\xf3\x4b\x38\xf4\x05\xa3\xb0\
\xb0\xb0\x44\xdc\x7d\x7f\x6b\x22\x99\x11\x96\x5e\xdf\xaa\x4b\x4f\
\x6c\xb3\xd9\xb8\xf5\xd6\x5b\xa3\xfe\x9e\xa9\xa9\xa9\x4c\x9b\x36\
\x4d\xf3\x71\xc8\x53\x55\xee\xce\xcb\x66\x6f\x39\x58\x02\xc6\x3b\
\x0a\x99\x1b\xba\xc8\x5c\x01\xfe\x5a\x35\x71\x9b\x85\x5e\xa9\x22\
\xf7\xc0\xdd\xc0\x8e\x60\x07\xec\xf7\xf9\x78\xa4\x40\xea\x05\x08\
\x82\x50\x75\xc8\x57\x55\x0e\x05\x26\x36\xb5\x6b\xd7\x26\x33\x33\
\xf3\xb8\x63\xde\x7d\xf7\x5d\xec\x76\xff\x32\xe8\x25\x97\x5c\x12\
\xf6\xfa\xfb\xd3\x4f\x3f\xcd\xd6\xad\x5b\x01\x38\x45\x51\x18\x12\
\x45\xa6\xbd\x1f\x74\x83\x68\xff\xfe\xfd\x49\x4d\x4d\x2d\xd3\xf7\
\x6d\xdf\xbe\x3d\x7f\xfc\xf1\x87\x26\x74\xf2\x54\x95\x51\x31\xf6\
\xf3\x5a\xe1\x71\x33\x3a\xbc\x36\xef\x02\xfe\x89\xe7\xeb\xa7\xaa\
\x08\x80\x6c\xa0\x2f\x10\x74\xb1\xff\x0f\xb7\x8b\xd7\xc5\x29\x50\
\x10\x84\x2a\xc2\x41\xdd\xec\xb7\x51\xa3\x46\xc7\x4f\x51\x0b\x0a\
\x18\x33\x66\x8c\xb6\xff\xcc\x33\xe1\x55\xa6\xfd\xf9\xe7\x9f\x19\
\x3d\x7a\xb4\xb6\xff\x5c\xb2\x4d\x2b\xe5\x1b\x09\xfa\x52\xed\xd7\
\x5f\x7f\x7d\x4c\xbe\xf3\x99\x67\x9e\xc9\xf4\xe9\xd3\xb1\x58\xfc\
\x95\xff\xe6\xb8\x9c\x1c\x88\x91\x75\xf7\x88\xcf\xc7\x63\xf9\x39\
\xe1\x4c\x14\x3f\x00\x3e\x8f\xf7\xeb\x47\xa9\x42\xf7\xc2\x6a\xe0\
\xce\x50\x07\x7d\xea\x28\x64\x7a\xe8\x6c\x4e\x82\x20\x08\x95\x9e\
\x23\xba\x81\xaf\x4e\x9d\x3a\xc7\xbd\xff\xdd\x77\xdf\x71\xf4\xe8\
\x51\x6d\xf6\xdc\xb5\x6b\xd7\x90\x6d\x1e\x38\x70\x80\x81\x03\x07\
\x6a\x61\x77\x57\x5a\x13\xe8\x6a\x8e\xdc\xf9\xef\x90\xcf\xc7\xd6\
\xc0\xf2\x44\x8d\x1a\x35\xe8\xd2\xa5\x4b\xcc\xbe\xf7\x59\x67\x9d\
\xc5\x95\x57\x5e\x09\xf8\xed\xef\xab\x3c\x65\x8f\x0a\xf0\x01\xc3\
\x0a\x72\x39\x18\x5a\x4c\xac\xc1\x9f\xeb\x3f\xee\x51\xaa\xd8\xfd\
\x30\x31\xa0\xcc\x82\xf2\x42\x61\x1e\xeb\x3d\x92\x24\x48\x10\x84\
\xf8\xe6\x90\x1a\x5c\x00\x4c\x99\x32\x45\xdb\x1e\x3c\x78\x70\xc8\
\xf6\x9c\x4e\x27\xfd\xfa\xf5\xe3\xc0\x01\x7f\x1d\x9b\x86\x46\x23\
\x4f\x27\x45\x57\x55\x70\xb9\x6e\x50\xee\xda\xb5\x2b\x46\xa3\x31\
\xa6\xdf\xbd\x43\x87\x0e\xda\xf6\x4e\x6f\xd9\x17\x77\xdf\xb1\x17\
\xb0\x24\x74\x78\x61\x36\x70\x35\x21\xac\xcd\x22\x00\x4e\x1e\x43\
\xf1\x7b\x66\x96\x8a\x23\x10\xde\x91\x2b\x49\x82\x04\x41\x88\x63\
\x72\x74\x69\x79\x6b\xd5\xaa\x55\xe2\x3d\xb7\xdb\xcd\xbc\x79\xfe\
\xd2\x29\x46\xa3\x31\x64\xea\x5d\x55\x55\xb9\xfd\xf6\xdb\x59\xbc\
\x78\x31\xe0\xaf\xdc\x37\x2a\x39\x8d\xe4\x28\xeb\x0a\xe8\x33\xb1\
\x5e\x78\xe1\x85\xb1\x1f\xbc\x74\x0e\x89\xa6\x32\xd6\x3e\x58\xe0\
\x76\xf2\x51\xe8\x72\xf2\x2a\x7e\xa7\xbf\x7f\xab\xca\xf5\x53\x15\
\x05\x80\x0b\xb8\x16\xd8\x17\xec\xa0\x5d\x3e\x2f\x8f\x86\xb7\xd6\
\x23\x08\x82\x50\x29\x71\xeb\x62\xd4\x8b\xd6\xc4\xb5\x19\xf8\xf2\
\xe5\xe4\xe7\xfb\x7d\x9e\x5a\xb7\x6e\x7d\x9c\x40\x38\x96\x97\x5e\
\x7a\x89\x49\x93\x26\x01\x60\x00\x5e\x4c\xb6\xd1\xcc\x14\x7d\xc6\
\xfd\x7f\x75\xb3\xf2\x66\xcd\x9a\x9d\xf0\x98\x69\xd3\xa6\x71\xeb\
\xad\xb7\xb2\x76\xed\xda\x88\xdb\xff\xeb\xaf\xbf\xb4\xed\x4c\x43\
\xf4\x43\xd9\x56\xaf\x87\xc7\xf3\x73\x09\xc3\x8b\x60\x14\x30\xbd\
\x2a\x5d\x3f\xa6\x2a\x7a\x5f\xec\x05\xfa\x01\xf3\x01\x4b\x69\x07\
\x2d\x76\xbb\x78\xa1\x20\x8f\xe7\x93\x6d\xf2\x24\x11\x04\x21\xee\
\xd0\x4f\x60\x4c\xc7\x0c\xd6\xbf\xff\xfe\xbb\xb6\x1d\x6a\xfd\x7d\
\xe2\xc4\x89\x3c\xf7\xdc\x73\xda\xfe\x5d\x89\xc9\xfc\x9f\x25\xa1\
\x4c\x9f\x6d\xab\xce\x02\x70\x22\x01\xb0\x7a\xf5\x6a\x6e\xbc\xf1\
\x46\x5c\x2e\x17\x5b\xb6\x6c\x61\xe1\xc2\x85\xe1\x0b\x1f\xb7\x9b\
\x9f\x7f\xfe\x59\xdb\x8f\xb6\x36\x40\x8e\xea\xe3\xfe\xfc\x1c\xf2\
\x43\x5b\x83\x97\x02\x4f\x57\xb5\xeb\x47\xa9\xc2\xf7\xc6\x52\xc2\
\x70\xd4\xf8\xc6\x69\xe7\x53\x47\xa1\x3c\x49\x04\x41\x88\x3b\xf4\
\xb3\xd6\x63\x4b\x00\xaf\x5f\xbf\x5e\xdb\x0e\x56\x7a\xf7\xab\xaf\
\xbe\xe2\xd6\x5b\x6f\x45\x0d\x0c\x82\x57\x58\x12\xb8\x37\x31\xb9\
\x4c\x9f\xcb\x8d\xca\xae\x80\x05\x20\x25\x25\x45\x4b\xe0\xa3\xe7\
\xa3\x8f\x3e\xc2\x15\x28\x63\x7c\xa2\xfc\x05\xc1\x98\x30\x61\x02\
\xfb\xf6\xf9\x8d\xbc\xa7\x1b\x4d\xd4\x53\x22\xf7\x2f\xf0\x02\x0f\
\xe7\xe7\xb2\x23\xb4\xff\xc0\x41\xfc\x56\xe5\x2a\x97\x4d\x4e\xa9\
\xe2\xf7\xc7\x7b\xc0\xc7\xa1\x0e\x1a\x55\x98\xaf\x15\xaa\x10\x04\
\x41\x88\x17\x52\x74\x83\x7e\x76\x76\x76\x89\xf7\xd6\xad\x5b\x17\
\x74\x06\x0e\x30\x75\xea\x54\x6e\xbe\xf9\x66\xbc\x81\x41\xb0\x9d\
\xc9\xcc\x4b\xc9\xb6\x32\x97\xda\xc9\xf2\xa9\x9a\x75\xa2\x41\x83\
\x06\xc7\x89\x13\x80\xa5\x4b\x97\xa2\x28\x0a\x56\xab\x95\xfb\xef\
\xbf\x3f\xa2\xd9\xff\xab\xaf\xbe\xaa\xed\xdf\x1e\x45\x76\x42\x80\
\x57\x0a\xf2\x58\x16\xda\xe9\xcf\x07\xdc\x8c\xbf\x0a\x6d\x95\x43\
\xa9\x06\xf7\xc8\x7d\xc0\xaa\x50\xbf\xf0\x13\x05\xb9\xfc\x2d\x91\
\x01\x82\x20\xc4\x11\xfa\x99\xef\xea\xd5\xab\xb5\xed\x05\x0b\x16\
\xb0\x62\x45\x71\x7a\xfa\x26\x4d\x9a\x1c\x77\xee\xf8\xf1\xe3\xb9\
\xe1\x86\x1b\xf0\x04\x9e\x7b\xad\x4d\x66\xc6\xd8\xd2\x49\x30\x94\
\xbd\xd2\x5e\x81\xce\xa4\x7e\xa2\xe4\x3f\x2e\x97\x8b\x75\xeb\xd6\
\xe1\xf3\xf9\x50\x14\x85\xe6\xcd\x9b\x87\xdd\xf6\xd7\x5f\x7f\xcd\
\xb6\x6d\xdb\x00\x38\xcd\x68\xa4\x8f\x35\xf2\xa5\x8a\x2f\x9d\x76\
\xbe\x0c\xaf\x46\xcc\x33\xc0\x2f\x55\xf5\xfa\xa9\x0e\x02\xc0\x0e\
\x5c\x05\x04\xcd\x7f\xe9\x50\x55\xee\xc9\xcf\x66\x9f\x4f\xdc\x02\
\x05\x41\x88\x0f\x5a\x9a\xcc\x98\x03\xf3\xf5\x79\xf3\xe6\xf1\xdf\
\xff\xfe\x97\x3e\x7d\xfa\xd0\xad\x5b\x37\x6d\x60\x37\x18\x0c\x25\
\x4a\x04\xbb\x5c\x2e\x1e\x79\xe4\x11\x06\x0f\x1e\xac\x1d\x73\xae\
\xc9\xcc\x07\xb6\xf4\xa8\x3d\xfe\x8f\x17\x00\xbe\xa0\x02\x60\xed\
\xda\xb5\x9a\xf9\xbf\x55\xab\x56\xc7\xf9\x2f\x94\x3a\x59\xf3\xf9\
\x4a\xcc\xfe\x07\x26\x24\x11\xa9\xf1\xff\x77\xb7\x8b\x57\x0b\xf2\
\xc2\x39\xf4\x0b\xe0\xb5\xaa\x7c\xfd\x28\xd5\xe4\x3e\xd9\x09\xf4\
\xc6\x9f\xbb\xb9\x54\x0e\xfb\x7c\xdc\x99\x97\x43\x9e\x84\x07\x0a\
\x82\x10\x07\xa4\x1a\x0c\xfc\x9f\xd5\x9f\xa4\xc7\xe3\xf1\xf0\xe2\
\x8b\x2f\x32\x73\xe6\x4c\x6d\x3d\xbf\x88\xa2\xfc\xff\x73\xe6\xcc\
\xa1\x63\xc7\x8e\xbc\xf1\xc6\x1b\xda\x7b\x9d\xcc\x16\xc6\xdb\xd2\
\xa3\xca\xf4\x17\x8e\x05\xc0\x66\x3b\xde\xc9\x7a\xd3\xa6\x4d\xda\
\xf6\xb9\xe7\x9e\x1b\x76\xbb\x53\xa7\x4e\xd5\x96\x36\x6a\x28\x0a\
\x57\x45\xe8\xa8\xb8\xdb\xe7\xe5\x91\xfc\x5c\xc2\xb0\xf5\xae\x02\
\x86\x00\x55\x7a\x30\x30\x55\xa3\x7b\x65\x25\x70\x3d\xfe\x30\x8e\
\x52\x45\xe3\x56\xaf\x87\x47\xf2\x73\x18\x63\x4b\xc7\x28\xcf\x17\
\x41\x10\x2a\x39\xc3\x92\x6c\x6c\xf5\x7a\xf9\x4b\x57\x19\xcf\x8c\
\x01\x2f\x2a\x3e\xfc\xf1\xfd\xed\xdb\xb7\xc7\x60\x30\xb0\x67\x4f\
\xc9\xa5\xec\x7e\xd6\x44\x9e\x4d\x4e\xd1\xac\x08\x31\x9b\x59\xea\
\xc4\x84\xef\x04\x99\xf5\x8a\x1c\xf8\x00\xea\xd5\xab\x17\x56\x9b\
\x1e\x8f\xa7\x44\x69\xe2\xdb\x13\x92\x22\x5a\xae\x28\x50\x55\xee\
\xcb\xcb\x21\x4b\x0d\x19\xf0\xb7\x0f\xb8\x92\x10\xa5\xe6\x45\x00\
\xc4\x1f\xb3\x80\x27\xf0\xc7\x73\x96\xca\x62\xb7\x8b\x17\x0b\xf2\
\x18\x2e\xe1\x81\x82\x20\x54\x72\x6c\x06\x03\x9f\xa7\x66\xf0\x9b\
\xcb\xc9\x11\xd5\x47\x82\xc1\xc0\x45\x66\x0b\x7f\x7a\xdc\x3c\x98\
\x9f\x8b\x47\x55\xd9\xbb\x77\x6f\x89\x73\x32\x0c\x0a\xc3\x92\x53\
\xe8\x5d\xc6\x50\xbf\xd2\xd0\x27\x0e\x76\x38\x8e\x4f\xbd\x7e\xf8\
\xf0\x61\x6d\xbb\x76\xed\xda\x61\xb5\x39\x7a\xf4\x68\x2d\xb2\xa1\
\xa6\xa2\x70\xbd\x35\x31\xec\xcf\xe3\x01\x1e\xcc\xcf\xe1\x1f\x6f\
\xc8\xb9\xbf\x1d\xf8\x0f\xb0\xbb\x3a\x5c\x3b\xa6\x6a\x78\xbf\xbc\
\x0e\x34\xc5\x5f\xc9\xa9\x54\xbe\x76\xda\xa9\xa3\x28\xdc\x55\xc6\
\x70\x18\x41\x10\x84\x8a\x78\x90\x77\xb7\x94\xcc\xd7\xdf\xcd\x6c\
\x65\x5c\x4a\x1a\xcf\x17\xe6\xb1\x3d\xe0\xe5\xdf\xd8\x68\xe4\x72\
\x4b\x02\xb7\x24\x24\xc5\xd4\xe4\x7f\x9c\x00\xd0\xb5\x5d\x54\x89\
\x90\x52\x44\x41\x52\x52\x68\x2f\xfe\x5d\xbb\x76\x95\xc8\x53\x30\
\x34\x31\x25\xec\xd9\xbf\x0a\x3c\x5b\x90\x1b\x4e\x9a\x5f\x15\xb8\
\x0d\x58\x51\x9d\xae\x9b\xea\xc8\x7d\x40\x7d\xfc\x7e\x01\xa5\xf2\
\x8e\xbd\x80\x64\x83\x81\x01\x51\x86\x99\x08\x82\x20\x9c\x4c\x3a\
\x9a\x2d\xcc\x4a\xab\xc1\x01\x9f\x0f\x05\xa8\xa5\x54\x8c\xdb\x97\
\x5e\x5c\xe8\x67\xfb\x45\x14\x39\x00\x02\x98\xc3\x48\xe2\xf3\xe0\
\x83\x0f\x6a\x59\x0d\xdb\x9a\xcc\x5c\x15\x81\xe7\xff\x9b\x85\xf9\
\xcc\x08\xaf\x00\xdc\xcb\xc0\x97\xd5\xe9\xfa\x50\xaa\xe9\x7d\xe1\
\x05\xfa\xe3\xaf\xea\x14\x94\xff\x15\xe6\xf3\x83\x4b\xaa\x07\x0a\
\x82\x10\xbf\x9c\xa2\x28\x15\x36\xf8\x13\x10\x1a\x45\x12\xe0\xd8\
\xe5\x87\x48\x99\x3e\x7d\x3a\xd3\xa6\x4d\xd3\x66\xac\xff\x8d\x20\
\x4f\xc1\x57\x4e\x3b\xe3\xc3\x4b\xf4\xf6\x1d\xf0\x5c\x75\xbb\x2e\
\x94\x6a\x7c\x4f\xe4\x01\xff\x47\x88\xb5\x1e\x1f\xf0\x64\x7e\x2e\
\x0b\xdd\x2e\x79\x8a\x08\x82\x20\x84\x81\x19\x03\x19\x01\xc1\x91\
\x95\x95\x45\x4e\x4e\x4e\x89\xf7\x53\x52\x52\xb4\xed\xa2\x99\xfd\
\x89\xd8\xbb\x77\x6f\x89\x2a\x86\xb7\x24\x24\x71\x86\x31\x3c\xc3\
\xf5\xaf\x2e\x27\x2f\x87\x17\xee\xb7\x1e\xb8\x05\xc2\x29\x07\x20\
\x02\xa0\x2a\xb1\x07\x7f\x8e\x80\xa0\x12\xd1\x03\x3c\x94\x9f\xc3\
\x6a\x8f\x5b\xee\x6c\x41\x10\x84\x30\x68\xa2\x4b\x52\xf4\xf7\xdf\
\x7f\x97\x78\x4f\x1f\x1a\x98\x97\x77\xe2\x41\xda\xeb\xf5\x32\x60\
\xc0\x00\x6d\x09\xe1\x74\xa3\x89\x7b\xc2\xf4\xc9\x5a\xe9\x71\xf3\
\x48\x41\x6e\x38\xc5\xde\xf6\x00\x97\x03\xb9\xd5\xf1\x37\x52\xe4\
\x32\x65\x05\xfe\xf0\xc0\xa0\xa3\xbb\x5d\x55\xb9\x27\x2f\x2c\x2f\
\x52\x41\x10\x84\x6a\xcf\x99\xba\xe4\x3e\x6b\xd6\x94\x5c\x6d\xcd\
\xcc\xcc\xd4\xb6\x0f\x1c\x38\x70\xc2\xf3\x1f\x7f\xfc\x71\xad\x9c\
\xb1\xd5\x60\x60\x54\x4a\x6a\x58\x8e\x7f\x5b\xbd\x1e\xee\xcb\xcb\
\xc6\x19\x3a\x9f\x4b\x0e\x70\x05\xb0\xab\xba\xfe\x46\x22\x00\xfc\
\xcc\x04\x6e\x25\x84\x09\x28\x47\xf5\x71\x47\x5e\x36\xbb\x25\x5b\
\xa0\x20\x08\x42\x50\x9a\x1b\x8b\x9d\xfb\x96\x2c\x59\x52\xe2\xbd\
\x86\x0d\x1b\x6a\xdb\xcb\x97\x2f\x3f\xee\xdc\x09\x13\x26\x94\x48\
\x56\xf4\x58\x52\x0a\x67\x85\x61\xfa\x3f\xe8\xf3\x71\x57\x5e\x0e\
\xb9\xa1\x07\x7f\x17\x70\x0d\xf0\x57\x75\xfe\x8d\x44\x00\x14\x33\
\x09\x78\x28\x9c\x0b\x6c\x48\x5e\x36\x47\x7c\x3e\xe9\x31\x41\x10\
\x84\x52\x68\xab\xf3\xee\xff\xe1\x87\x1f\x4a\x84\xfe\x9d\x7e\xfa\
\xe9\xda\xf6\xfc\xf9\xf3\x79\xe5\x95\x57\x4a\x88\x85\xbb\xef\xbe\
\x5b\xdb\xbf\xd6\x9a\xc8\x8d\x61\xc4\xfc\x67\x07\x26\x68\x7b\x43\
\x4f\xd0\x7c\xc0\x40\x60\x4e\x75\xff\x8d\x24\xd9\x5d\x49\x7e\x0f\
\x88\xa2\xae\xc1\x2d\x01\x2a\x4b\xdc\x2e\x2e\xb7\x5a\x63\x52\x38\
\x43\x10\x04\xa1\xaa\x91\x66\x50\x58\xe0\x76\x72\xc8\xe7\xc3\x6e\
\xb7\x63\x34\x1a\xe9\xd6\xad\x1b\xfb\xf6\xed\xe3\xa5\x97\x5e\x3a\
\xae\x78\x91\xcd\x66\x63\xd9\xb2\x65\xdc\x7e\xfb\xed\x14\x16\xfa\
\xdd\xb2\xda\x99\xcc\x8c\xb2\xa5\x62\x0c\xe1\xf7\x9f\xa7\xaa\x0c\
\xc9\xcb\x66\x63\x78\x4b\xb4\x0f\x03\xe3\xe5\x17\x02\x19\xbd\x4e\
\xcc\x9b\xc0\x83\xa1\x0e\x3a\xdb\x68\x62\x7c\x6a\x3a\xe9\x06\x31\
\xa4\x08\x82\x20\x1c\xcb\x4f\x2e\x27\x8f\xe4\x17\x47\x00\x9c\x76\
\xda\x69\xec\xdb\xb7\x0f\xb7\x3b\xb4\x43\x75\x7d\xc5\xc8\xe4\xd4\
\x0c\x32\x43\x84\x2f\x3a\x54\x95\x3b\xf3\xb2\x59\x11\x9e\x93\xf6\
\x28\xe0\x31\xf9\x65\xc4\x02\x10\x8c\x9f\x81\x86\x40\xeb\x60\x07\
\x1d\x56\x7d\x2c\x75\xbb\xe8\x29\x96\x00\x41\x10\x84\xe3\x68\x6a\
\x34\xb1\xdd\xeb\xd5\x9c\xa7\x73\x72\x72\xb4\xda\x00\x06\xe0\xc6\
\x84\x44\x52\x0d\x0a\xbb\x8e\x31\xdb\xb7\x0e\x54\x27\x0c\x95\xbb\
\xc0\x8d\xca\x03\xf9\x39\x2c\x0b\x6f\xf0\xff\x12\xb8\x9b\x2a\x5e\
\xe0\x47\x2c\x00\xb1\xc1\x8c\x3f\x39\x44\xaf\x50\x07\x9e\x13\xb0\
\x04\xa4\x89\x25\x40\x10\x04\xa1\x04\x1e\x60\x9c\xbd\x80\x49\x0e\
\x3b\x59\xaa\x0f\xab\xc1\x40\x17\xb3\x85\xdb\x13\x92\x38\xd7\xe4\
\xf7\x13\x98\xe7\x72\xb2\xd4\xe3\x42\x55\xe1\x42\xb3\x85\x2e\x16\
\x6b\xc8\xd9\xa9\x07\x78\x20\x2f\x87\x05\x6e\x67\x38\x1f\x63\x3e\
\xfe\x70\x3f\xa7\xfc\x22\x22\x00\xc2\x25\x29\x60\x0d\xb8\x30\xd4\
\x81\x2d\x4d\x66\xc6\xd9\xd2\x49\x11\x4b\x80\x20\x08\xc2\x71\xa8\
\xf8\xd7\xea\x93\x0c\x86\x32\xe7\xa0\xf7\x02\x8f\xe6\xe7\xf0\xb3\
\x2b\xac\xf1\x7c\x15\xd0\x1d\x7f\xd8\x9f\x20\x02\x20\x22\x32\x80\
\x5f\x81\x56\xa1\x0e\x6c\x6d\x32\xf3\xa1\x88\x00\x41\x10\x84\x72\
\xc3\x07\x3c\x5d\x90\x1b\x6e\x7e\xff\xbf\x81\x8b\x81\xc3\xd2\x73\
\xc7\x23\x36\xeb\xd0\x64\x01\x97\x12\x46\xbc\xe8\x6a\x8f\x9b\xbb\
\xf2\xb2\x29\x50\x65\x89\x49\x10\x04\xa1\x3c\xac\x08\x2f\x16\xe4\
\x85\x3b\xf8\xff\x13\x78\x76\xcb\xe0\x2f\x02\xa0\x4c\x1c\x02\x7a\
\x00\xeb\x42\x1d\xf8\xa7\xc7\xcd\x1d\x22\x02\x04\x41\x10\x62\x3e\
\xf8\xbf\x52\x98\xc7\x14\xa7\x3d\x9c\xc3\x77\x01\x97\x01\xfb\xa4\
\xe7\x4a\x47\x6c\xd5\x91\x71\x0a\xfe\xe5\x80\x73\x42\x1d\xd8\xce\
\x64\xe6\x7d\x59\x0e\x10\x04\x41\x28\x33\x3e\xe0\xb9\x82\x5c\xa6\
\x85\x37\xf3\xdf\x8b\x3f\x97\xcb\x16\xe9\x39\x11\x00\xb1\xa6\x4e\
\x40\x04\x9c\x1d\xea\xc0\x16\x26\x33\x63\x6d\x69\x12\x1d\x20\x08\
\x82\x10\x25\x5e\xe0\xe9\xfc\x5c\xbe\x0f\xaf\x2c\xfb\x21\xfc\x6b\
\xfe\xeb\xa5\xe7\x44\x00\x94\x17\x75\x03\x22\xe0\xac\x50\x07\x9e\
\x69\x34\x31\xce\x96\x4e\x4d\x45\x44\x80\x20\x08\x42\x24\x78\x80\
\x27\xf2\x73\xf8\x29\x3c\x6f\xff\x2c\xfc\xde\xfe\xab\xa5\xe7\x44\
\x00\x94\x37\xa7\xe2\x8f\x2d\x3d\x23\xd4\x81\x8d\x8c\x46\x3e\xb2\
\xa5\x53\x57\x91\xbc\x4b\x82\x20\x08\xe1\xe0\x50\x55\x1e\xce\xcf\
\x0d\x37\xce\x3f\x0f\xff\x9a\xff\x32\xe9\x39\x11\x00\x15\x45\xbd\
\x80\x08\x68\x1a\xd2\x64\xa0\x18\xf9\xd0\x96\x46\x13\xa3\x49\x7a\
\x4d\x10\x04\x21\xd8\x68\xae\xaa\xdc\x9b\x97\xcd\xca\xf0\x32\xfc\
\xe5\x01\xff\x07\x2c\x94\x9e\x13\x01\x50\xd1\x34\xc0\xbf\x1c\xd0\
\x24\xd4\x81\x69\x06\x85\xf7\x6c\x69\xb4\x31\x99\xa5\xd7\x04\x41\
\x10\x4e\xc0\x61\x9f\xbf\xaa\xdf\xa6\xf0\x0a\xfb\xe4\x00\x57\x00\
\x4b\xa5\xe7\x22\x47\x16\xa6\xcb\xce\x2e\xa0\x0b\xb0\x21\xe4\x95\
\xaa\xfa\x18\x9c\x97\xcd\x5c\x97\x64\xa3\x14\x04\x41\x38\x96\xdd\
\x3e\x2f\x03\xf2\xb2\xc2\x1d\xfc\x8b\x72\xb4\xc8\xe0\x1f\x25\xb2\
\x28\x1d\x1b\xf2\x80\x29\xc0\x25\xf8\x1d\x04\x4b\xc5\x03\xfc\xec\
\x72\x92\xa1\x28\xb4\x10\x4b\x80\x20\x08\x02\x00\xeb\x3c\x6e\x6e\
\xcb\xcb\x66\x7f\xa0\x58\x50\x28\x43\x41\x60\xf0\x5f\x29\x3d\x27\
\x02\xa0\x32\x50\x08\x7c\x15\xb0\x06\x34\x08\x76\xa0\x0a\xfc\xe6\
\x76\x61\x57\x55\xce\x33\x5b\x64\x1d\x46\x10\x84\x6a\xcd\x3c\x97\
\x93\x7b\xf2\x73\xc8\x0b\x2f\x81\xda\xfe\xc0\x64\x6b\x8d\xf4\x9c\
\x08\x80\xca\x84\x23\x20\x02\x3a\x01\xa7\x87\x3a\x78\xb5\xc7\xcd\
\x26\xaf\x87\x6e\x66\x2b\x66\x49\x18\x24\x08\x42\x35\xe4\x73\x87\
\x9d\x67\x0b\x72\x71\x87\x77\xf8\xbf\x40\x37\x60\xa3\xf4\x9c\x08\
\x80\xca\x88\x3b\x20\x02\xce\x00\x5a\x84\x3a\x78\x9b\xd7\xcb\x42\
\xb7\x8b\xae\x16\xab\x64\x0d\x14\x04\xa1\xda\xe0\x05\x46\x16\xe6\
\xf3\x9e\xbd\x80\x30\x13\xa7\xff\x85\x3f\xce\x7f\xa7\xf4\x9e\x08\
\x80\xca\x7e\x6d\x4f\x03\xd2\x81\xf3\x42\x1d\x7c\x58\xf5\xf1\x93\
\xcb\x41\x7b\x93\x85\xda\x92\x30\x48\x10\x84\x2a\x4e\x9e\xaa\xf2\
\x60\x7e\x4e\xb8\xd9\xfd\x00\x96\xe0\x8f\xf3\x3f\x24\xbd\x27\x02\
\x20\x1e\x50\x81\x9f\xf0\xfb\x06\x5c\x42\x88\x90\xcb\x02\x55\x65\
\x86\xcb\x41\x1d\xc5\xc8\xd9\x26\xc9\x15\x20\x08\x42\xd5\x64\xbb\
\xd7\xcb\xed\x79\x59\xac\xf1\x78\xc2\x3d\xe5\x07\xa0\x0f\x7e\x67\
\x6b\x41\x04\x40\x5c\xb1\x04\xd8\x0a\xf4\x0e\xd5\xdf\x5e\x60\xae\
\xdb\x49\xae\xea\xe3\x02\xb3\x55\x62\x34\x05\x41\xa8\x5a\x0f\x43\
\xb7\x8b\x3b\xf2\xb2\x39\x10\x9e\xa7\x3f\xc0\x07\xc0\x40\x40\x62\
\xa7\xcb\x01\x59\x74\xae\x38\xba\xe0\x5f\x16\xa8\x11\xce\xc1\x1d\
\xcc\x16\xde\x48\x49\x25\x53\x0a\x09\x09\x82\x10\xe7\xa8\xc0\xa7\
\x8e\x42\xde\x28\xcc\xc7\x1b\xfe\x29\xc3\x80\xff\x49\xef\x89\x00\
\xa8\x2a\x34\x05\xbe\x27\x8c\x4a\x82\xe0\x4f\x1f\xfc\x7a\x4a\x2a\
\xad\x24\x5f\x80\x20\x08\x71\x4a\xbe\xaa\xf2\x6c\x41\x2e\x3f\x87\
\x9f\x00\xcd\x01\xdc\x82\x3f\xb7\x8a\x50\x8e\xc8\x12\x40\xc5\x72\
\x14\xf8\x02\x68\x4f\x18\x61\x82\xf9\xaa\xca\x74\xa7\x83\x64\x83\
\x81\x96\x26\xb3\xa8\x35\x41\x10\xe2\x8a\x2d\x5e\x0f\x83\xc3\xcf\
\xe9\x0f\x70\x10\x7f\x5e\xff\x9f\xa4\xf7\x44\x00\x54\x45\x1c\xc0\
\x64\xa0\x56\x40\x08\x04\xc5\x07\x2c\x76\xbb\xd8\xec\xf5\xd0\xd9\
\x6c\xc5\x2a\xa1\x82\x82\x20\xc4\x01\xb3\x5c\x0e\xee\xcb\xcf\xe1\
\x50\xf8\xeb\xfd\x6b\x80\x1e\xf8\xc3\xfd\x04\x11\x00\x55\x16\x1f\
\x30\x0b\xd8\x8b\x3f\xb4\x25\xa4\xdb\xff\xbf\x5e\x2f\xb3\x5d\x4e\
\xda\x48\xa8\xa0\x20\x08\x95\x79\x86\xa3\xaa\xbc\x54\x98\xcf\xdb\
\xf6\x02\x3c\xe1\x9f\x36\x15\xbf\xa7\xbf\x84\xf9\x89\x00\xa8\x36\
\xac\x02\x7e\x04\x2e\x07\xd2\x42\x1d\x9c\xab\xaa\x4c\x73\xda\xf1\
\x01\xed\x25\x85\xb0\x20\x08\x95\x8c\x7f\xbd\x1e\xee\xc8\xcb\x61\
\xa1\xdb\x15\xee\x29\x2a\x7e\x47\xbf\xbb\x00\x97\xf4\x60\xc5\x22\
\x63\x48\xe5\xe0\x54\xe0\x1b\xe0\xfc\x70\x4f\x38\xcf\x6c\xe1\xd5\
\xe4\x54\xb1\x06\x08\x82\x50\x29\xf8\xda\x69\xe7\xb5\xc2\x7c\x1c\
\xaa\x1a\xee\x29\x79\xc0\xad\x81\xd9\xbf\x20\x16\x80\x6a\x4b\x1e\
\x30\x11\xc8\x00\x3a\x86\x73\xc2\x6e\x9f\x97\x19\x4e\x07\x8d\x8d\
\x46\x1a\x1b\x25\x71\x90\x20\x08\x27\x87\x1c\xd5\xc7\x53\x05\xb9\
\x8c\x77\x14\x46\x62\xf2\xff\x1b\x7f\x82\xb4\x85\xd2\x83\x22\x00\
\x04\x7f\x1e\xa0\x1f\xf1\x3b\xc2\x5c\x0e\x24\x84\x3a\xc1\x81\xca\
\x0f\x2e\x27\x5b\xbd\x1e\x3a\x99\x2d\x24\x88\x83\xa0\x20\x08\x15\
\xc8\x12\xb7\x8b\x3b\xf3\xb2\x23\xc9\xea\x07\x7e\x27\xe8\xff\x00\
\xfb\xa4\x07\x4f\x2e\x32\x62\x54\x4e\xce\x00\xbe\x06\x5a\x85\x7b\
\x42\x4d\x45\xe1\xbf\x49\x36\x7a\x58\xac\xd2\x7b\x82\x20\x94\x2b\
\x0e\x55\xe5\x7d\x7b\x01\x9f\x38\x0a\xf1\x85\x7f\x9a\x07\x78\x06\
\x18\x21\x3d\x28\x16\x00\xa1\x74\x8e\x02\x9f\x02\xa7\x00\x6d\xc3\
\x39\xa1\x50\x55\xf9\xd1\xe5\x64\x8f\xcf\x4b\x07\xb3\x45\xc2\x05\
\x05\x41\x28\x17\xd6\x78\xdc\xdc\x91\x9f\xcd\xaf\x6e\x17\x6a\xf8\
\xa7\x6d\x05\x7a\x21\xc9\x7d\xc4\x02\x20\x44\xc4\xd5\xc0\x38\x20\
\x33\xdc\x13\x6a\x04\xac\x01\x97\x88\x35\x40\x10\x84\x18\xcf\xfa\
\x27\x38\x0a\xc3\x4d\xe7\x5b\xc4\x54\x60\x30\x90\x2d\xbd\x28\x02\
\x40\x88\x9c\x06\xf8\x9d\x04\xbb\x46\x72\x52\x4f\x8b\x95\x67\x93\
\x6d\x64\x48\x3d\x01\x41\x10\xca\xc0\x9f\x1e\x37\xcf\x16\xe4\xb2\
\xcd\x1b\xd1\xd0\x6f\x07\x9e\x04\xde\x96\x1e\xac\x9c\xc8\x12\x40\
\x7c\x90\x1b\x10\x00\x1e\xe0\x22\x08\xaf\x50\xe0\x56\xaf\x97\x19\
\x2e\x07\x0d\x15\x89\x14\x10\x04\x21\x72\x0a\x55\x95\x11\xf6\x7c\
\x5e\x2a\xc8\x23\x4b\x55\x23\x39\x75\x0d\xfe\x24\x67\x33\xa5\x17\
\x45\x00\x08\x65\x47\x05\x7e\x03\x7e\x06\x2e\xc0\x9f\x4a\x38\xac\
\x1b\xf8\x47\x97\x93\x6d\x5e\x2f\xad\x4d\x66\x92\xc5\x37\x40\x10\
\x84\x30\x98\xe7\x72\x72\x4f\x7e\x0e\x4b\x23\x5b\xeb\xf7\x02\xa3\
\x80\x9b\x80\xfd\xd2\x8b\x95\x1b\x19\x0d\xe2\x13\x33\xf0\x30\xf0\
\x62\x60\x3b\x2c\x12\x0d\x06\x6e\x4d\x48\x62\x48\x62\x12\x92\x47\
\x50\x10\x84\x13\x71\xc0\xe7\xe3\xb5\xc2\xbc\x48\xaa\xf7\x15\xb1\
\x03\x7f\x15\xbf\x05\xd2\x8b\x22\x00\x84\xf2\xa7\x15\x30\x01\x68\
\x1d\xc9\x49\x0d\x8d\x46\x9e\x4a\xb2\xd1\xd9\x6c\x91\x1e\x14\x04\
\x41\x9b\xba\x7f\xe1\x28\xe4\x1d\x7b\x01\x05\x91\x99\xfb\xc1\xbf\
\x44\x79\x2f\xfe\xa4\x66\x42\x9c\x20\x4b\x00\x71\x2e\xd6\x03\x02\
\xc0\x88\x3f\x8d\x70\x58\xbe\x01\x39\xaa\xca\x4c\x97\x83\x2d\x5e\
\x0f\xad\x4d\x66\x52\xc4\x49\x50\x10\xaa\x35\xcb\xdc\x2e\xee\xcf\
\xcf\x61\x86\xcb\x81\x3b\xb2\x53\x77\x03\xfd\xf1\xe7\xf3\x97\x5c\
\xfe\x62\x01\x10\x4e\xa2\x35\xe0\x13\xa0\x4d\x24\x27\x25\x18\x0c\
\xdc\x96\x90\xc4\xe0\x84\x24\xc9\x1d\x20\x08\xd5\x6d\x06\xe1\xf3\
\xf1\x96\x3d\x9f\x19\x4e\x47\x34\xa7\x7f\x8d\xbf\x88\xcf\x51\xe9\
\x49\x11\x00\xc2\xc9\xa7\xc8\x37\xe0\x05\x20\x22\xfb\xfe\x69\x46\
\x23\xc3\x92\x6c\x74\x95\x65\x01\x41\xa8\xf2\x38\x54\x95\xf1\x8e\
\x42\xc6\x3b\x0a\x71\x46\x6e\xee\xdf\x0e\xdc\x01\xfc\x22\x3d\x29\
\x02\x40\xa8\x7c\xb4\x03\x3e\x06\x5a\x46\x7a\x62\x37\x8b\x95\x87\
\x13\x93\x39\x5d\xc2\x06\x05\xa1\xca\xe1\x03\x66\x38\x1d\x8c\xb6\
\xe7\x73\xc0\xe7\x8b\xf4\x74\x2f\xf0\x2e\xfe\x74\xbe\xf9\xd2\x9b\
\x22\x00\x84\xca\x8b\x09\xbf\x53\xce\xf3\x40\x5a\x24\x27\x2a\xc0\
\xa5\x16\x2b\x0f\x27\xa5\x50\x5f\x11\x37\x11\x41\xa8\x0a\x2c\x75\
\xbb\x18\x55\x98\xcf\x46\xaf\x27\x9a\xd3\x57\x01\x77\x03\x7f\x48\
\x4f\x8a\x00\x10\xe2\x87\x1a\xc0\x7f\x81\xfb\x08\xd3\x49\xb0\x08\
\x33\x06\xfa\x5a\x13\x78\x20\x31\x99\x4c\x45\x1c\x05\x05\x21\x1e\
\xd9\xea\xf5\xf0\x7a\x61\x01\x0b\xdc\xce\x68\x4e\xcf\x06\x86\x07\
\x66\xfe\x5e\xe9\x4d\x11\x00\x42\x7c\x72\x61\xe0\x26\x6e\x1d\xe9\
\x89\xb6\x40\xfe\x80\x81\x09\x49\x24\x8a\xa3\xa0\x20\xc4\x05\x3b\
\xbd\x5e\xde\xb5\x17\xf0\xa3\xcb\x81\x2f\xf2\xd3\x55\xe0\x0b\xe0\
\x51\x24\xa1\x8f\x08\x00\xa1\x4a\xa0\x00\x37\x03\xaf\x03\x35\x23\
\x3d\x39\xc3\xa0\x70\x6b\x62\x12\x03\x12\x12\x25\x91\x90\x20\x54\
\x52\x0e\xf8\x7c\x7c\xec\x28\x60\x8a\xc3\x41\x44\x39\xfc\x8a\xf9\
\x13\x18\x0a\x2c\x94\xde\x14\x01\x20\x54\x3d\x6a\x01\xaf\x02\xb7\
\x12\xe1\xb2\x00\x40\x03\xc5\xc8\x03\x49\xc9\x5c\x6e\x49\x40\x16\
\x06\x04\xa1\x72\x70\xd8\xe7\xe3\x23\x47\x21\x53\x9c\xf6\x68\x3c\
\xfb\x01\x0e\xe1\x77\xf0\xfb\x08\xa2\x31\x1a\x08\x22\x00\x84\x78\
\xa2\x23\xf0\x1e\xd0\x3e\x9a\x93\x9b\x1a\x4d\x0c\x4e\x4c\xa2\x97\
\x25\x41\x32\x4a\x09\xc2\x49\x62\xb7\xcf\xcb\x27\xf6\x42\xbe\x75\
\x39\xa2\x1d\xf8\xdd\xc0\xfb\xf8\xd7\xfa\xb3\xa5\x47\x45\x00\x08\
\xd5\xeb\x1a\xb8\x06\x78\x05\x68\x1a\x4d\x03\xa7\x2a\x46\x06\x26\
\x24\x72\xad\x35\x91\x04\xf1\x11\x10\x84\x0a\xe1\x1f\xaf\x87\x8f\
\x1d\x85\xcc\x72\x3a\xca\xe2\x9d\x37\x07\x78\x10\xf8\x5b\x7a\x54\
\x04\x80\x50\x7d\x31\xe3\x5f\x12\x78\x1e\xa8\x13\x4d\x03\x99\x8a\
\xc2\x0d\xd6\x44\x06\x26\x24\x61\x13\x21\x20\x08\xe5\xc2\x06\xaf\
\x87\xcf\x1c\x85\xcc\x74\x3a\xca\x62\xa7\xff\x03\x78\x0c\x7f\x85\
\x51\x41\x04\x80\x20\x00\x90\x82\x3f\x9b\xe0\x23\x40\x6a\x34\x0d\
\xa4\x19\x14\x6e\x4a\x48\xe4\xa6\x84\x44\xd2\xa5\xce\x80\x20\xc4\
\x84\x25\x6e\x17\xe3\x1c\x85\xfc\xe1\x2e\x53\xca\xfd\x7f\x80\xa7\
\x80\xa9\x10\x9d\x87\xa0\x20\x02\x40\xa8\xfa\xd4\x0a\x3c\x28\xee\
\x06\xac\xd1\x34\x90\x64\x30\x70\x9d\x35\x91\x5b\x12\x92\xa8\x2d\
\x79\x04\x04\x21\x62\xbc\xc0\xaf\x2e\x27\x63\x1d\x05\xfc\xed\xf1\
\x94\xa5\xa9\x5d\xf8\x53\x84\x4f\x00\x3c\xd2\xb3\x82\x08\x00\x21\
\x1c\x1a\x06\x1e\x1c\x37\x43\x74\x4e\xff\x16\x0c\x5c\x61\xb5\xd2\
\xdf\x9a\x48\x0b\x93\x59\x7a\x54\x10\x42\x90\xa5\xfa\x98\xe6\x74\
\xf0\x95\xc3\xce\x1e\x5f\x99\xf2\xef\x1c\xc0\x1f\xf1\xf3\x01\xe0\
\x94\x9e\x15\x44\x00\x08\xd1\xd0\x02\x78\x19\xe8\x53\x96\xeb\xe6\
\x5c\x93\x99\xfe\xd6\x44\x2e\xb7\x5a\x25\x97\x80\x20\x1c\xc3\x3a\
\x8f\x9b\x2f\x9c\x76\x7e\x72\x39\xa3\xf5\xe8\x2f\xe2\x20\xf0\x26\
\xf0\x0e\x50\x20\x3d\x2b\x88\x00\x10\x62\xc1\xb9\xf8\x9d\x87\x6e\
\xc4\x5f\x6f\x20\x2a\x32\x15\x85\xab\x2c\x09\xdc\x90\x90\xc8\xa9\
\x52\x6f\x40\xa8\xc6\xb8\x50\xf9\xd5\xe5\xe2\x6b\xa7\x9d\xa5\x65\
\x5b\xdf\x07\xd8\x09\xbc\x01\x8c\x03\x0a\xa5\x77\x05\x11\x00\x42\
\x79\xd0\x18\x7f\xf8\xd0\x1d\x40\x42\xb4\x8d\x28\xc0\x45\x66\x2b\
\x03\x12\x12\x39\xcf\x2c\x36\x01\xa1\xfa\x70\xd0\xe7\xe3\x6b\xa7\
\x9d\x2f\x1d\x76\x8e\xaa\x65\xce\xbb\xb3\x35\x30\xdb\x17\x53\xbf\
\x20\x02\x40\xa8\x30\xea\xe3\xcf\x17\x3e\x04\x48\x2a\x4b\x43\x67\
\x18\x4d\xf4\x4f\x48\xa4\x97\x25\x81\x14\x09\x23\x14\xaa\x20\x6e\
\x54\x16\xba\x5c\x4c\x73\x39\xf8\xcd\xe5\x8c\x45\x75\x9d\x95\xf8\
\xd7\xf8\xbf\x45\xb2\xf7\x09\x22\x00\x84\x93\x44\x4d\xfc\x15\x07\
\x1f\x00\x32\xca\xd2\x90\xd5\x60\xe0\x62\xb3\x85\xff\x58\x13\xb8\
\xc8\x6c\x95\x2c\x83\x42\xdc\xb3\xc5\xeb\x61\x86\xd3\xc1\xb7\x2e\
\x07\x47\x7d\x31\x19\xa7\x17\x03\x23\x80\x99\x48\x38\x9f\x20\x02\
\x40\xa8\x24\xa4\x02\xf7\xe0\x5f\x1e\x38\xa5\xac\x8d\x9d\xa2\x28\
\xf4\xb6\x24\xf0\x1f\x6b\x02\x4d\x8d\x26\xe9\x5d\x21\x6e\xd8\xe3\
\xf3\xf2\xbd\xd3\xc1\xf7\x2e\x07\xdb\xbd\x31\xa9\xa4\xeb\x0b\x0c\
\xf8\xaf\x01\x4b\xa5\x87\x05\x11\x00\x42\x65\x25\x01\xbf\xa3\xe0\
\x7d\x40\xdb\x58\x34\xd8\xdc\x64\xe2\x4a\x4b\x22\xbd\xac\x56\x32\
\x24\xc1\x90\x50\x09\xc9\x53\x55\x66\xbb\x1c\xcc\x70\x3a\x58\xe5\
\x71\xc7\x6a\x6a\x7e\x14\xf8\x18\xff\xfa\xfe\x56\xe9\x65\x41\x04\
\x80\x10\x4f\x9c\x1f\x10\x02\xd7\x00\x96\xb2\x36\x66\x02\xba\x58\
\xac\x5c\x69\x49\xa0\x8b\xc5\x22\xe1\x84\xc2\x49\xc5\xa1\xaa\x2c\
\x72\xbb\xf8\xd1\xe5\xe0\x57\xb7\xab\xac\xe1\x7b\x7a\x56\xe1\x2f\
\xd6\x35\x19\xb0\x4b\x4f\x0b\x22\x00\x84\x78\xe6\x14\x60\x10\xfe\
\x25\x82\xd3\x62\x62\x66\x30\x18\xe8\x64\xb2\xd0\xd3\x62\xe5\x12\
\x8b\x95\x64\x71\x1e\x14\x2a\x80\x1c\xd5\xc7\x7c\x97\x8b\x05\x6e\
\x27\x0b\xdd\x2e\x0a\x63\x37\xe8\xbb\x80\xe9\xc0\x58\xfc\x85\x7a\
\x04\x41\x04\x80\x50\xa5\x30\x02\xbd\xf0\x3b\x0c\xf6\x88\xd5\x75\
\x68\x35\x18\x38\xcf\x64\xa1\x9b\xc5\x42\x0f\xb3\x95\x4c\x49\x3f\
\x2c\xc4\x90\x7d\x3e\x2f\x8b\xdc\x2e\x7e\x75\xb9\x58\xec\x76\xc6\
\x3a\x9f\xee\x5e\x60\x22\xfe\x50\xbe\x3d\xd2\xdb\x82\x08\x00\xa1\
\x3a\xd0\x12\xb8\x17\xb8\x09\x48\x8e\x55\xa3\x26\xa0\xa3\xd9\xc2\
\xa5\x16\x2b\xdd\xcd\x56\x6a\x8a\x18\x10\xa2\xe0\x1f\xaf\x87\xb9\
\x2e\x27\x73\xdd\x4e\xd6\x7b\x62\x9e\x42\xdf\x03\xcc\x06\x3e\x02\
\xbe\x07\xbc\xd2\xe3\x82\x08\x00\xa1\x3a\x92\x02\xf4\x03\x06\x02\
\x17\x13\x65\xdd\x81\x13\xa1\x00\xad\x4d\x66\x7a\x58\xac\x74\x36\
\x5b\x24\x9a\x40\x28\x95\x1c\xd5\xc7\x1f\x6e\x37\x4b\xdd\x2e\x96\
\xb8\x5d\xec\xf2\x95\xcb\x98\xbc\x0a\xf8\x0c\xf8\x12\x7f\xae\x7e\
\x41\x10\x01\x20\x08\x01\xea\xe1\x77\x18\xbc\x2d\x60\x21\x88\x29\
\x35\x14\x85\xf6\x26\x33\xe7\x9b\x2d\x74\x31\x5b\x39\x45\xac\x03\
\xd5\x16\x2f\xb0\xd1\xe3\x61\x99\xc7\xc5\x52\xb7\x8b\xe5\x6e\x57\
\x79\x95\xca\xdb\x83\xbf\x04\xef\x04\xe0\x4f\xe9\x79\x41\x04\x80\
\x20\x84\xa6\x5d\xc0\x2a\x70\x23\xfe\x12\xc5\x31\xa7\xbe\x62\xe4\
\x7c\xb3\x85\xf3\xcd\x16\x2e\x34\x5b\x24\x0b\x61\x15\x67\xb7\xcf\
\xcb\x52\xb7\x7f\xc0\x5f\xe4\x76\x51\xa0\x96\x5b\x1e\x1d\x3b\xfe\
\xb8\xfd\x89\xc0\x8f\x48\x19\x5e\x41\x04\x80\x20\x44\x85\x15\x7f\
\x25\xc2\x81\xc0\xe5\x40\xb9\xd4\x15\xb6\x60\xa0\x8d\xd9\xcc\x05\
\x66\x0b\x1d\x4d\x66\x9a\x99\xcc\xc8\x82\x41\xfc\x62\x57\x55\xfe\
\xf6\x7a\x58\xe3\x71\xb3\xc6\xe3\x66\x95\xdb\x4d\x96\x5a\xae\x19\
\x73\xdd\xc0\x5c\xe0\x73\xfc\xe9\x79\xa5\x20\x8f\x20\x02\x40\x10\
\x62\x48\x2d\xe0\xaa\xc0\xbf\xee\xc4\x20\xb7\x40\xa9\xaa\xc3\x60\
\xa0\x99\xd1\x44\x2b\x93\x99\xd6\x26\x33\x2d\x4d\x66\x59\x32\xa8\
\xc4\x6c\xf7\x7a\x59\xeb\x71\xb3\xd6\xe3\x66\xb5\xc7\xcd\x66\xaf\
\xa7\x22\x3c\xeb\xf2\x81\x9f\x80\xef\x80\x59\x40\xb6\xfc\x12\x82\
\x08\x00\x41\x28\x7f\xd2\x81\xff\x03\xae\x0e\x58\x06\x92\xca\xfb\
\x0f\xd6\x51\x14\x5a\x9b\xcc\xb4\x0a\x08\x82\x66\x26\x93\x24\x23\
\x3a\x09\x1c\x55\x7d\x6c\xf4\x78\xb4\x01\x7f\xad\xc7\x53\xde\xb3\
\x7b\x3d\x87\xf0\x7b\xee\x7f\x07\xfc\x02\x38\xe4\x17\x11\x44\x00\
\x08\xc2\xc9\x23\x09\xe8\x19\xb0\x0c\xf4\x09\x88\x83\x72\xc7\x8c\
\x81\x66\x26\x13\xe7\x18\x4d\x9c\x61\x32\xd1\xc4\x68\xe2\x4c\xa3\
\x91\x34\x49\x57\x1c\x13\x0a\x55\x95\x2d\x5e\x0f\x9b\xbd\x1e\xb6\
\x78\xbd\xfc\x13\xd8\x8e\x51\x51\x9d\x88\x0c\x0c\x81\x01\xff\x3b\
\x60\x11\x12\xb6\x27\x88\x00\x10\x84\x4a\x89\x19\xe8\x16\xb0\x0c\
\x5c\x09\xd4\xa9\xe8\x0f\x50\x4b\x51\x68\x6a\x34\x71\x86\xd1\x44\
\x13\xa3\x31\xf0\xbf\x49\x9c\x0c\x4b\xa1\x40\x55\xd9\xed\xf3\xb2\
\x55\x3f\xd8\x7b\x3c\xec\xf1\x79\x4f\x56\xb9\x3b\x37\xf0\x7b\x60\
\x86\xff\x3d\xe2\xbd\x2f\x88\x00\x10\x84\xb8\xbc\xce\x5b\x01\x97\
\x06\xfe\x75\x06\x12\x4f\xd6\x87\x39\x55\x31\xd2\xc4\x68\xa4\xa1\
\xd1\x48\x7d\xc5\x48\x83\xc0\xff\xf5\x15\x23\x09\x55\x58\x1c\x38\
\x55\x95\xbd\x3e\x1f\x7b\x7c\x5e\x76\xfb\xbc\xec\xf1\x7a\x75\xdb\
\x3e\xb2\xd5\x4a\x51\xce\xfe\x6f\xfc\x29\x78\xe7\x00\xf3\xf1\xaf\
\xef\x0b\x82\x08\x00\x41\xa8\x22\x24\x04\x44\x40\x91\x20\x68\x45\
\x0c\x13\x0f\x95\xd5\x6a\x70\x8a\x62\xa4\xb6\xa2\x50\x57\x51\xa8\
\xad\x18\xa9\x6d\x50\xa8\xa3\x28\x64\x28\x0a\x19\x06\xff\xff\xc6\
\x4a\xd2\x91\x2a\x90\xe5\xf3\x91\xa5\xfa\xc8\x52\x55\xb2\x7c\x3e\
\x0e\xab\xbe\xe2\xd7\x7c\x2a\xfb\x7d\xfe\x81\xfe\xa0\xcf\x57\x19\
\xaf\x85\xbd\xba\x01\x7f\x0e\xb0\x4f\x6e\x0f\x41\x04\x80\x20\x54\
\x1f\x6a\xe1\xaf\x49\x50\x24\x08\x1a\x54\xf6\x0f\x9c\x6e\x50\xc8\
\x50\x0c\xa4\x19\x14\x52\x0c\x06\x92\x0d\x06\x52\x03\xdb\x29\x06\
\x03\x66\x83\x01\x9b\xc1\x80\x01\xb0\x62\xc0\x1a\xb0\x2c\x24\x18\
\x38\xce\x61\xd1\x07\xe4\xab\x2a\x2e\x54\x1c\xaa\x8a\x5d\x55\x71\
\x07\x5e\xf3\xaa\x2a\xb9\xaa\x8a\x07\x95\x42\x55\xc5\xa9\x42\x41\
\x60\xb0\x3f\xaa\xfa\xc8\xf6\xf9\xf0\xc5\xd7\x6f\xbd\x1f\x58\x06\
\xfc\x1a\x18\xf0\xd7\xcb\xe5\x2f\x88\x00\x10\x04\xa1\x88\xb3\xf0\
\x97\x30\x3e\x2f\xf0\x7f\x73\xa8\x34\x93\x6e\x21\x7c\x5c\xf8\xd7\
\xed\x97\xe1\x5f\xcb\x5f\x8a\xdf\x91\x4f\x10\x04\x11\x00\x82\x10\
\x16\x29\x40\x6b\xfc\x59\x09\x2f\x04\xba\x02\xb5\xa5\x5b\x2a\x1d\
\xfb\x80\x95\xf8\x3d\xf4\x17\x07\xb6\xed\xd2\x2d\x82\x20\x02\x40\
\x10\x62\xc9\x19\x01\x0b\xc1\x79\x40\xa7\x80\x95\x20\x41\xba\xa5\
\x42\x70\x03\x9b\xf0\x3b\xec\xad\x05\xd6\x01\x2b\xf0\xaf\xe7\x0b\
\x82\x20\x02\x40\x10\x2a\x14\x23\x70\x3a\x70\x6e\x40\x0c\xb4\x08\
\xfc\x7f\x26\xe5\x94\xb6\xb8\x1a\xa0\x02\xdb\x02\x03\x7c\xd1\x60\
\xff\x37\xb0\x31\x20\x02\x04\x41\x10\x01\x20\x08\x95\x16\x33\x7e\
\x9f\x82\xe6\x01\x71\xd0\x2c\x20\x0e\x1a\x89\x30\x00\xfc\x3e\x88\
\x7b\xf1\xaf\xcd\x6f\xd3\xfd\x5b\x1f\xf8\x27\x61\x78\x82\x20\x02\
\x40\x10\xaa\x9c\xc5\xa0\x41\xc0\x6a\xd0\x58\xf7\xff\x69\x40\x7d\
\xa0\x2e\xe5\x58\xe3\xa0\x02\xf1\x00\x87\x81\x9d\x27\x18\xe4\xb7\
\x03\x3b\x00\xa7\x5c\x0e\x82\x20\x02\x40\x10\x84\xe2\x7b\xf3\x14\
\xa0\x5e\xe0\x5f\xed\xc0\x7e\x4d\xdd\xbf\xda\xf8\xd3\x1d\xa7\x01\
\xa9\x15\x60\x51\xb0\xe3\xcf\x79\x9f\x87\xbf\xe0\xcd\xc1\xc0\xbf\
\xc3\x81\x7f\xfa\xfd\x43\xba\xd7\x05\x41\x10\x01\x20\x08\x42\x39\
\x92\x00\xd8\x02\xff\xd2\xf0\x27\x37\x4a\xc0\x9f\xf5\x50\x09\xbc\
\x56\x1a\x4e\xfc\xa5\x6b\x0b\xf0\x87\xcf\xe5\x04\x66\xef\x39\xf8\
\xd7\xdb\xc5\x14\x2f\x08\x55\x8c\xff\x07\xc7\xa9\x77\x25\x55\x47\
\x76\xc9\x00\x00\x00\x25\x74\x45\x58\x74\x64\x61\x74\x65\x3a\x63\
\x72\x65\x61\x74\x65\x00\x32\x30\x32\x35\x2d\x30\x39\x2d\x31\x31\
\x54\x30\x37\x3a\x31\x37\x3a\x30\x35\x2b\x30\x30\x3a\x30\x30\xbc\
\x81\xbb\x7b\x00\x00\x00\x25\x74\x45\x58\x74\x64\x61\x74\x65\x3a\
\x6d\x6f\x64\x69\x66\x79\x00\x32\x30\x32\x35\x2d\x30\x39\x2d\x31\
\x31\x54\x30\x37\x3a\x31\x37\x3a\x30\x35\x2b\x30\x30\x3a\x30\x30\
\xcd\xdc\x03\xc7\x00\x00\x00\x00\x49\x45\x4e\x44\xae\x42\x60\x82\
\
"

qt_resource_name = b"\
\x00\x04\
\x00\x07\x35\xdf\
\x00\x6c\
\x00\x6f\x00\x67\x00\x6f\
\x00\x05\
\x00\x6f\xa6\x53\
\x00\x69\
\x00\x63\x00\x6f\x00\x6e\x00\x73\
\x00\x0b\
\x00\xb0\xf5\xa7\
\x00\x6c\
\x00\x6f\x00\x61\x00\x64\x00\x69\x00\x6e\x00\x67\x00\x2e\x00\x73\x00\x76\x00\x67\
\x00\x08\
\x00\xbc\x57\x87\
\x00\x63\
\x00\x69\x00\x74\x00\x79\x00\x2e\x00\x73\x00\x76\x00\x67\
\x00\x09\
\x05\x88\x86\xa7\
\x00\x67\
\x00\x6c\x00\x6f\x00\x62\x00\x65\x00\x2e\x00\x73\x00\x76\x00\x67\
\x00\x09\
\x06\x98\x8e\xa7\
\x00\x63\
\x00\x6c\x00\x6f\x00\x73\x00\x65\x00\x2e\x00\x73\x00\x76\x00\x67\
\x00\x0b\
\x06\xba\xac\xc7\
\x00\x6f\
\x00\x70\x00\x74\x00\x69\x00\x6f\x00\x6e\x00\x73\x00\x2e\x00\x73\x00\x76\x00\x67\
\x00\x09\
\x07\x9e\xaf\x87\
\x00\x73\
\x00\x74\x00\x61\x00\x63\x00\x6b\x00\x2e\x00\x73\x00\x76\x00\x67\
\x00\x0b\
\x08\x0d\xae\xe7\
\x00\x70\
\x00\x69\x00\x63\x00\x6b\x00\x61\x00\x78\x00\x65\x00\x2e\x00\x73\x00\x76\x00\x67\
\x00\x0c\
\x08\x1a\x90\xa7\
\x00\x64\
\x00\x6f\x00\x77\x00\x6e\x00\x6c\x00\x6f\x00\x61\x00\x64\x00\x2e\x00\x73\x00\x76\x00\x67\
\x00\x0a\
\x08\x94\x6d\xc7\
\x00\x73\
\x00\x65\x00\x61\x00\x72\x00\x63\x00\x68\x00\x2e\x00\x73\x00\x76\x00\x67\
\x00\x0a\
\x0a\x68\x03\xe7\
\x00\x63\
\x00\x75\x00\x72\x00\x73\x00\x6f\x00\x72\x00\x2e\x00\x73\x00\x76\x00\x67\
\x00\x07\
\x0a\xa9\x5a\x07\
\x00\x63\
\x00\x73\x00\x76\x00\x2e\x00\x73\x00\x76\x00\x67\
\x00\x08\
\x0b\x07\x57\xa7\
\x00\x65\
\x00\x64\x00\x69\x00\x74\x00\x2e\x00\x73\x00\x76\x00\x67\
\x00\x0b\
\x0c\x4d\x71\xe7\
\x00\x70\
\x00\x72\x00\x6f\x00\x63\x00\x65\x00\x73\x00\x73\x00\x2e\x00\x73\x00\x76\x00\x67\
\x00\x11\
\x0c\xe4\xa4\x07\
\x00\x71\
\x00\x75\x00\x65\x00\x73\x00\x74\x00\x69\x00\x6f\x00\x6e\x00\x5f\x00\x6d\x00\x61\x00\x72\x00\x6b\x00\x2e\x00\x73\x00\x76\x00\x67\
\
\x00\x11\
\x0e\xbf\xa5\x03\
\x00\x75\
\x00\x6d\x00\x77\x00\x6c\x00\x5f\x00\x63\x00\x6f\x00\x61\x00\x74\x00\x5f\x00\x6f\x00\x66\x00\x5f\x00\x61\x00\x72\x00\x6d\x00\x73\
\
"

qt_resource_struct_v1 = b"\
\x00\x00\x00\x00\x00\x02\x00\x00\x00\x02\x00\x00\x00\x01\
\x00\x00\x00\x00\x00\x02\x00\x00\x00\x01\x00\x00\x00\x12\
\x00\x00\x00\x0e\x00\x02\x00\x00\x00\x0f\x00\x00\x00\x03\
\x00\x00\x00\x1e\x00\x00\x00\x00\x00\x01\x00\x00\x00\x00\
\x00\x00\x00\x3a\x00\x00\x00\x00\x00\x01\x00\x00\x07\x0d\
\x00\x00\x00\x50\x00\x00\x00\x00\x00\x01\x00\x00\x0d\x0e\
\x00\x00\x00\x50\x00\x00\x00\x00\x00\x01\x00\x00\x15\xfe\
\x00\x00\x00\x68\x00\x00\x00\x00\x00\x01\x00\x00\x1e\xee\
\x00\x00\x00\x80\x00\x00\x00\x00\x00\x01\x00\x00\x20\xd3\
\x00\x00\x00\x9c\x00\x00\x00\x00\x00\x01\x00\x00\x25\xe7\
\x00\x00\x00\xb4\x00\x00\x00\x00\x00\x01\x00\x00\x27\x75\
\x00\x00\x00\xd0\x00\x00\x00\x00\x00\x01\x00\x00\x39\x86\
\x00\x00\x00\xee\x00\x00\x00\x00\x00\x01\x00\x00\x3a\xbd\
\x00\x00\x01\x08\x00\x00\x00\x00\x00\x01\x00\x00\x3b\xd5\
\x00\x00\x01\x22\x00\x00\x00\x00\x00\x01\x00\x00\x3d\x54\
\x00\x00\x01\x36\x00\x00\x00\x00\x00\x01\x00\x00\x44\x7c\
\x00\x00\x01\x4c\x00\x00\x00\x00\x00\x01\x00\x00\x46\x47\
\x00\x00\x01\x68\x00\x00\x00\x00\x00\x01\x00\x00\x49\x1b\
\x00\x00\x01\x90\x00\x00\x00\x00\x00\x01\x00\x00\x4c\xd3\
"

qt_resource_struct_v2 = b"\
\x00\x00\x00\x00\x00\x02\x00\x00\x00\x02\x00\x00\x00\x01\
\x00\x00\x00\x00\x00\x00\x00\x00\
\x00\x00\x00\x00\x00\x02\x00\x00\x00\x01\x00\x00\x00\x12\
\x00\x00\x00\x00\x00\x00\x00\x00\
\x00\x00\x00\x0e\x00\x02\x00\x00\x00\x0f\x00\x00\x00\x03\
\x00\x00\x00\x00\x00\x00\x00\x00\
\x00\x00\x00\x1e\x00\x00\x00\x00\x00\x01\x00\x00\x00\x00\
\x00\x00\x01\x99\x75\xb2\xa9\x90\
\x00\x00\x00\x3a\x00\x00\x00\x00\x00\x01\x00\x00\x07\x0d\
\x00\x00\x01\x99\x75\xae\x20\x0c\
\x00\x00\x00\x50\x00\x00\x00\x00\x00\x01\x00\x00\x0d\x0e\
\x00\x00\x01\x99\x75\xb4\x66\xca\
\x00\x00\x00\x50\x00\x00\x00\x00\x00\x01\x00\x00\x15\xfe\
\x00\x00\x01\x99\x75\xb4\x66\xca\
\x00\x00\x00\x68\x00\x00\x00\x00\x00\x01\x00\x00\x1e\xee\
\x00\x00\x01\x99\x75\xb3\x47\x35\
\x00\x00\x00\x80\x00\x00\x00\x00\x00\x01\x00\x00\x20\xd3\
\x00\x00\x01\x99\x75\xad\x7a\xa1\
\x00\x00\x00\x9c\x00\x00\x00\x00\x00\x01\x00\x00\x25\xe7\
\x00\x00\x01\x99\x75\xba\x17\x8b\
\x00\x00\x00\xb4\x00\x00\x00\x00\x00\x01\x00\x00\x27\x75\
\x00\x00\x01\x99\x75\xac\x6d\x6c\
\x00\x00\x00\xd0\x00\x00\x00\x00\x00\x01\x00\x00\x39\x86\
\x00\x00\x01\x99\x75\x8f\xfd\x21\
\x00\x00\x00\xee\x00\x00\x00\x00\x00\x01\x00\x00\x3a\xbd\
\x00\x00\x01\x99\x75\xa4\x19\xc7\
\x00\x00\x01\x08\x00\x00\x00\x00\x00\x01\x00\x00\x3b\xd5\
\x00\x00\x01\x99\x75\xaa\x7c\xac\
\x00\x00\x01\x22\x00\x00\x00\x00\x00\x01\x00\x00\x3d\x54\
\x00\x00\x01\x99\x7b\xd2\x60\x13\
\x00\x00\x01\x36\x00\x00\x00\x00\x00\x01\x00\x00\x44\x7c\
\x00\x00\x01\x99\x75\xb0\xf6\x91\
\x00\x00\x01\x4c\x00\x00\x00\x00\x00\x01\x00\x00\x46\x47\
\x00\x00\x01\x99\x75\xa7\xf1\x16\
\x00\x00\x01\x68\x00\x00\x00\x00\x00\x01\x00\x00\x49\x1b\
\x00\x00\x01\x99\x75\xb1\x9e\x04\
\x00\x00\x01\x90\x00\x00\x00\x00\x00\x01\x00\x00\x4c\xd3\
\x00\x00\x01\x99\x37\xa3\x00\xc5\
"

qt_version = [int(v) for v in QtCore.qVersion().split('.')]
if qt_version < [5, 8, 0]:
    rcc_version = 1
    qt_resource_struct = qt_resource_struct_v1
else:
    rcc_version = 2
    qt_resource_struct = qt_resource_struct_v2

def qInitResources():
    QtCore.qRegisterResourceData(rcc_version, qt_resource_struct, qt_resource_name, qt_resource_data)

def qCleanupResources():
    QtCore.qUnregisterResourceData(rcc_version, qt_resource_struct, qt_resource_name, qt_resource_data)

qInitResources()
